{"type":"FeatureCollection","features":[{"coordinates":[[[3.706219522385099,51.081522118745404],[3.706960183336883,51.08164237821679],[3.707007794046914,51.08165659940064],[3.707041570701612,51.081682615126404],[3.707047679245541,51.0817299061479],[3.707028455298456,51.08176314527372],[3.706965034239408,51.08178216323483],[3.706040218654415,51.08176833712145],[3.706047495008204,51.08161895840057],[3.706056747655641,51.08157065146506],[3.706115317812161,51.081531204525895],[3.706219522385099,51.081522118745404]]],"type":"Polygon"},{"coordinates":[[[3.762114765488173,51.07721147653373],[3.762282031794085,51.0771163772556],[3.762547394129006,51.077314702769314],[3.762384799062601,51.077403988480064],[3.762114765488173,51.07721147653373]]],"type":"Polygon"},{"coordinates":[[[3.744339261972149,51.044885772186056],[3.744350041755551,51.04489232364564],[3.744365313115374,51.044901529574396],[3.744380943801303,51.04491101789168],[3.744385076051619,51.04491146971626],[3.744388040492073,51.0449117521066],[3.744395676171969,51.04491254279961],[3.744397023644915,51.044908250465994],[3.744398820275476,51.04490841990024],[3.744414720456001,51.04485612117194],[3.744571656136126,51.04487368587021],[3.744580100299809,51.04485956633837],[3.74524269765339,51.044935190500745],[3.745266592839949,51.04482844687495],[3.745584776113567,51.04485973577273],[3.745862175873294,51.044885659229834],[3.74584915030168,51.04493965226598],[3.746089719134779,51.04497054574265],[3.746012284357278,51.045263665638814],[3.74580234807537,51.04523808125932],[3.745839448496628,51.04505932907464],[3.745710899579449,51.045048372362224],[3.745691585800854,51.0451203251583],[3.745591603309741,51.04511467737615],[3.745570223405955,51.045182789582995],[3.745445806739124,51.04517053391136],[3.745418857280601,51.04520131427864],[3.745399363838919,51.0452899842131],[3.745354537906256,51.0452833198545],[3.744948858723947,51.04522972256276],[3.744600222562159,51.045033462192684],[3.744557013597004,51.045058990207266],[3.744382650600355,51.04496150926165],[3.744386513356075,51.04494897114136],[3.744385165883162,51.04494818044897],[3.744383818410216,51.04494744623459],[3.744382021779654,51.044946316674014],[3.744379326833795,51.044944791767165],[3.74437851835004,51.044944339942916],[3.744377979360882,51.044944001074704],[3.744341507760359,51.04492214407077],[3.744332165281378,51.04491655274251],[3.744310695546117,51.04490367574155],[3.744305395485942,51.04490045649075],[3.744300634414925,51.044897576108276],[3.744277727375173,51.04488373897423],[3.7442730561357,51.04488091506882],[3.744202718048935,51.04483838703252],[3.744017036279725,51.044726051832455],[3.743877527916091,51.044640882479555],[3.743793176110907,51.0445873974014],[3.74377925222403,51.04457853028111],[3.743777186098872,51.04457717479763],[3.743747721357543,51.04455848041687],[3.743735683932737,51.04455085581831],[3.743740085677614,51.04455136412494],[3.743782037001398,51.044556164798166],[3.7437826658221,51.0445562212767],[3.743807998313115,51.04455910168039],[3.744335668710992,51.04461925124632],[3.74435399434278,51.04462139742658],[3.744385794703863,51.04462506852415],[3.744388938807338,51.0446255203515],[3.744384177736355,51.04464105191477],[3.744377440371724,51.04466313496488],[3.744376991214075,51.044664433967476],[3.744376991214075,51.0446646034026],[3.74435659945713,51.044731078400766],[3.744344741695377,51.04476965305859],[3.744338992477553,51.04478840383233],[3.744319678698957,51.04485148996421],[3.744319319372819,51.044852450092655],[3.744316354932396,51.04486216433251],[3.744316175269343,51.044863011504525],[3.744314019312644,51.04487041013917],[3.744339261972149,51.044885772186056]]],"type":"Polygon"},{"coordinates":[[[3.737029850168327,51.054425522858764],[3.736944779710898,51.054089659064395],[3.737133515752107,51.054064136026824],[3.737472180614213,51.054034829689805],[3.737631451914092,51.05402415743529],[3.737642231697494,51.05404036345041],[3.737640165572337,51.054058771669816],[3.737450082058216,51.054451949160196],[3.737029850168327,51.054425522858764]]],"type":"Polygon"},{"coordinates":[[[3.70229020150083,51.041800157643976],[3.702272594521288,51.041818231837546],[3.702244567084414,51.04185099129551],[3.702220132908696,51.041884880365544],[3.702239716181887,51.04189453874592],[3.702261635074798,51.04190193785473],[3.702285260766795,51.04190679528427],[3.70228678790276,51.04190690824776],[3.702275558961709,51.04191317772002],[3.702202076771471,51.04188855167997],[3.702186625748594,51.04188414610261],[3.702257682487569,51.041797672441774],[3.702284092956901,51.0417659861024],[3.702294513414198,51.04176033791129],[3.702293255772795,51.04175943420067],[3.702291459142234,51.04175813511656],[3.702288494701812,51.041755875839826],[3.702285530261357,51.04175757029738],[3.702151232126388,51.041661889829584],[3.702153298251546,51.04166025185056],[3.702152579599301,51.041654716610665],[3.702128504749689,51.04163319694714],[3.702097872198499,51.041617325482854],[3.70207164139222,51.04160936150765],[3.70201989843184,51.04160083270994],[3.701985043798826,51.04159151316102],[3.701955040068338,51.041579482467846],[3.701938061909463,51.04157055828961],[3.701922521055043,51.04155965723416],[3.701902039466588,51.04155197565987],[3.701872664556768,51.04154819135441],[3.701843199815471,51.041551467320375],[3.701743846145026,51.04152057156352],[3.701746451259376,51.041513285358214],[3.701751661488008,51.04150684638521],[3.701753907276218,51.041504078756155],[3.701773400717899,51.04148007380347],[3.701773939707058,51.04147945249864],[3.701779599093338,51.04147244869824],[3.701798104388213,51.041475555222725],[3.701817238503755,51.041476176527595],[3.701836192956244,51.0414744255775],[3.701854159261927,51.041470245889826],[3.701870418768558,51.041463919875355],[3.701884252823958,51.041455616980066],[3.701895212270414,51.04144567609661],[3.701898536036974,51.04144081861872],[3.701822448732386,51.04138495758626],[3.701780048250987,51.041407098670895],[3.701746002101727,51.041387781704785],[3.701757051379726,51.04138168160857],[3.701729383268957,51.04136033126543],[3.701739713894745,51.04135502191933],[3.701683479357944,51.0413141851198],[3.701729832426607,51.0412888809715],[3.70172381371422,51.04128210307226],[3.701716267865835,51.04127210566913],[3.701710967805626,51.04126352032682],[3.701704320272538,51.04125346643712],[3.701697852402504,51.04123488368018],[3.70169434897289,51.041222909376955],[3.701691833690084,51.04121285547844],[3.701689677733417,51.04120201082141],[3.701687611608259,51.0411777232991],[3.701702164315872,51.041143494815756],[3.701708991512012,51.04110836258382],[3.701708093196748,51.04107294791149],[3.701699469370012,51.04103792859163],[3.701683209863349,51.04100403890204],[3.701659674002929,51.04097184367395],[3.701629310946301,51.04094207718883],[3.701606134411987,51.04092496286328],[3.70161691419539,51.04091185882096],[3.701627693978793,51.04091541724662],[3.701656799394017,51.04092078312603],[3.701686982787558,51.0409224211312],[3.701718154327906,51.040919766433134],[3.701738725747938,51.04089564821177],[3.701775466843057,51.04085859536943],[3.701788941572319,51.040845321859244],[3.701808345182457,51.040826174108076],[3.701838259081402,51.04083199186221],[3.701859998311294,51.04084012542017],[3.701884162992415,51.04084470054591],[3.701904734412413,51.04084520889321],[3.70190940565192,51.040845321859244],[3.701916053185008,51.04084447461379],[3.701934199153744,51.04084210232641],[3.701956926530443,51.04083515491272],[3.701970041933599,51.040828207497945],[3.701974892836124,51.04082566576061],[3.701976330140581,51.040824931480884],[3.701991062511245,51.040811996859496],[3.702000404990192,51.0407971982926],[3.702006333871069,51.040786579470684],[3.701969862270512,51.04076590665081],[3.701841493016419,51.04072377021898],[3.70181651985151,51.040712586548295],[3.701794690790109,51.04069908706346],[3.701777802462777,51.04068490977599],[3.701614398912583,51.04051246616701],[3.701682850537242,51.04047247587713],[3.701677280982472,51.04049924904115],[3.701706925386855,51.04053042789616],[3.701681772558892,51.04053991710874],[3.701738276590289,51.04059939409336],[3.701761992113795,51.040588266876036],[3.701807806193265,51.04063283221264],[3.701832330200526,51.04066017011651],[3.701831252222175,51.0406605654993],[3.701832420032069,51.04066197758067],[3.701840055711964,51.040664462843786],[3.701834665820279,51.040671071383606],[3.701831881042877,51.04067440389481],[3.701829275928561,51.04067756695608],[3.701970491091214,51.040721284959034],[3.70199411678321,51.04071902563174],[3.701992140489563,51.0407102707374],[3.702034810465558,51.040705300215976],[3.702037685074469,51.0407138291785],[3.702050980140679,51.04071253006512],[3.702060681945765,51.040686208890136],[3.702167671296105,51.04070140287496],[3.702164257698001,51.04071044018699],[3.70228795571262,51.04072857128885],[3.702527536398911,51.04089943257049],[3.702475434112426,51.04092795645863],[3.702466361128074,51.04092095257485],[3.702455491513129,51.04092547120965],[3.702435908239937,51.04097658823531],[3.702577213234134,51.040997712823916],[3.702581165821362,51.04098935336217],[3.702619883210129,51.04099477571591],[3.702623835797358,51.040985569010765],[3.702708726591701,51.04099799523812],[3.702709714738542,51.04098924039649],[3.702730375990049,51.04099488868161],[3.702731992957558,51.040995340544384],[3.702753462692854,51.040993871990345],[3.702777088384851,51.04098799777364],[3.702789305472709,51.04098082445037],[3.702795414016638,51.040985004182204],[3.70281832105639,51.04097161774246],[3.702942558060168,51.04089886774088],[3.702946330984377,51.04090146595715],[3.703032748914685,51.04095902205938],[3.703037779480298,51.040961846203864],[3.702910039046873,51.041038154522795],[3.702892791393436,51.041048434390355],[3.702867369070878,51.04106261156657],[3.702866740250176,51.04106295046318],[3.702795683511201,51.04110243189896],[3.702791281766323,51.04110514306927],[3.70279110210327,51.041104973621124],[3.70277717821636,51.04109576693792],[3.702724447109172,51.041060691152545],[3.702690131465317,51.041037815626005],[3.70267620757844,51.04106492735991],[3.70267396179023,51.04107176177367],[3.70266183453388,51.04110932278988],[3.702706840129629,51.04111542292196],[3.702686628035736,51.041175972337676],[3.702671985496581,51.04117399544568],[3.702630662993532,51.04127724557722],[3.702604701681816,51.0412740260744],[3.702607216964621,51.04126702224297],[3.70254532304154,51.04125787207445],[3.702542807758735,51.041259679515285],[3.702537597530102,51.04126250364145],[3.702537417867016,51.0412628990191],[3.702531219491577,51.04127916598232],[3.702539394160664,51.04128487071458],[3.702539394160664,51.04128554850448],[3.702539214497611,51.041295828317146],[3.702530411007823,51.04133621327342],[3.702528704208771,51.04134570232095],[3.702502203907897,51.04135536081379],[3.702465193318181,51.041357281215625],[3.702417402945063,51.04135281910533],[3.702385422920961,51.04137467779338],[3.702340327493702,51.04136773045955],[3.702340147830649,51.041367391565174],[3.702331344340861,51.04137693708875],[3.702319845905214,51.04138829004613],[3.702319037421459,51.04138987155241],[3.702312120393775,51.04140303194187],[3.70230951527946,51.041425850805716],[3.702304844039986,51.0414343796356],[3.702226600778731,51.04147018940757],[3.702225882126486,51.04147052830115],[3.702189320694421,51.04149413788315],[3.702151142294845,51.04152531606863],[3.70213632009267,51.041539662545475],[3.702125360646215,51.0415502811948],[3.702154196566843,51.04156993698601],[3.702164527192597,51.0415781833787],[3.702165784834,51.04158733348395],[3.702165784834,51.04159100482196],[3.702166233991649,51.04159467615966],[3.702167132306913,51.04159829101499],[3.702168569611369,51.041601792905794],[3.70217036624193,51.04160529479638],[3.702172701861684,51.04160862724034],[3.702175396807543,51.04161184671992],[3.702178451079507,51.041614896752975],[3.702181954509121,51.04161777733955],[3.70218923086291,51.041622973691396],[3.702229116061537,51.04165223140066],[3.702273403005042,51.041684652083944],[3.702335835917281,51.04173051545079],[3.702338800357703,51.04173271824683],[3.702334937601984,51.041734808078886],[3.702446508360288,51.04181772350097],[3.702443813414428,51.041819192028896],[3.702407431645415,51.041840090306046],[3.702329368047246,51.0418833553579],[3.702330086699457,51.04187900626181],[3.702287057397356,51.04186115801911],[3.702300352463565,51.04185048295924],[3.702311042415425,51.0418387347424],[3.702318767926863,51.0418260828132],[3.70232343916637,51.04181286606209],[3.70232352899788,51.041806653058096],[3.702319306916055,51.04180128728126],[3.702311581404617,51.041797672441774],[3.702302059262583,51.041796768731885],[3.70229020150083,51.041800157643976]],[[3.701921802402832,51.041428053616244],[3.701964562210337,51.04140834128247],[3.701981181043107,51.04142082387875],[3.702060771777275,51.04138326311509],[3.702082690670219,51.0413224880405],[3.702113053726813,51.04132469085594],[3.702118084292392,51.04131057024236],[3.702091134833868,51.0413046960658],[3.702105687541481,51.04127238808166],[3.702131559021654,51.041275155724556],[3.702158328817124,51.041202293234406],[3.702171444220281,51.041168516630314],[3.702200369972419,51.04108955383777],[3.702165156013299,51.0410850917017],[3.702184649454946,51.0410314895525],[3.702172432367087,51.041015504916466],[3.702150872800282,51.04101895036851],[3.70212688778218,51.04103527390017],[3.702099848492147,51.04110429582857],[3.702096884051692,51.041121071191704],[3.702090056855551,51.04115993126885],[3.702095356915727,51.041191561540145],[3.702090416181657,51.04119218284882],[3.702071461729167,51.04120449605556],[3.702065173522185,51.0412177694628],[3.70205888531517,51.041237707807866],[3.702051069972222,51.04125860634731],[3.702045500417451,51.041278996534814],[3.70203651726461,51.0413146369795],[3.70203660709612,51.04131983336531],[3.702037864737523,51.04132926593378],[3.702036337601557,51.04134039297313],[3.702033013834996,51.04134666252206],[3.70202933074233,51.04135123759777],[3.702023851019102,51.041355191366556],[3.702017922138226,51.04135858031096],[3.70200929831149,51.04136253407907],[3.701994296446263,51.041365866540545],[3.70197794710809,51.041368351765854],[3.70196348423202,51.04136710915323],[3.701947673883005,51.04136219518466],[3.701937343257251,51.04135925809979],[3.701923329538797,51.041356885838766],[3.701902937781852,51.041356772873975],[3.70188488164466,51.041357224733225],[3.701856315218628,51.041359371064566],[3.701844457456875,51.04136298593826],[3.701836821776946,51.041366431364466],[3.701921802402832,51.041428053616244]]],"type":"Polygon"},{"coordinates":[[[3.734446564905782,51.05953269007236],[3.73475792098326,51.05887548816423],[3.735845331634659,51.059077053658804],[3.735540084101145,51.059730469885686],[3.734446564905782,51.05953269007236]]],"type":"Polygon"},{"coordinates":[[[3.664034367148284,51.076794844302015],[3.664631477317628,51.07625206541925],[3.666014523529066,51.07711344243794],[3.664929897655002,51.07799805576902],[3.664034367148284,51.076794844302015]]],"type":"Polygon"},{"coordinates":[[[3.740126163289628,51.070752973125174],[3.740272049691755,51.069993083291536],[3.740128858235454,51.06997857628505],[3.740185901256008,51.06981877312294],[3.739351096862479,51.069762551179885],[3.73931884734378,51.069893171131454],[3.739140711422922,51.06987482565489],[3.739284801194521,51.06921404496484],[3.739910567621439,51.06925305081855],[3.740938779295617,51.06928776656526],[3.740795857333912,51.06982035365852],[3.740527800053132,51.07094946318462],[3.740180421532781,51.0709349000316],[3.740131732844365,51.07086044725131],[3.740416408957915,51.07088748508301],[3.740443717742544,51.0707771322467],[3.740126163289628,51.070752973125174]]],"type":"Polygon"},{"coordinates":[[[3.765219343110104,51.09919606032346],[3.765228146599892,51.099210163286855],[3.765232189018664,51.09921670706043],[3.765251143471153,51.09924271290997],[3.765261294433854,51.099263246802536],[3.765291926985044,51.099288124390895],[3.765277374277466,51.099297319505226],[3.765283392989852,51.09933071524245],[3.765247460378487,51.0993315614179],[3.765211976924771,51.09932783824574],[3.765178469764669,51.099319602136596],[3.765150532159339,51.09930826338121],[3.765148286371129,51.09930730438187],[3.765145950751375,51.09930634538254],[3.765130859054604,51.099299745209926],[3.765095106106292,51.09927046750985],[3.765097262062993,51.099268775156645],[3.765103280775379,51.09926347244965],[3.765103550269976,51.09926313397895],[3.765107592688747,51.0992574363888],[3.765110736792255,51.099251569562554],[3.765113162243519,51.09924558991194],[3.765114689379483,51.09923944102516],[3.765115318200185,51.09923323572571],[3.765115138537133,51.09922708683725],[3.765114150390325,51.09922088153615],[3.76511226392822,51.09921478905791],[3.765108401172502,51.09920790681301],[3.765104448585273,51.099201080978915],[3.765100316334958,51.09919425514383],[3.765095914590047,51.09918737289586],[3.765090614529872,51.099180716294406],[3.765084595817485,51.0991743417514],[3.765082350029275,51.09917219809961],[3.765081721208574,51.09917157756881],[3.765079924578012,51.09917005444767],[3.76507938558882,51.09916954674064],[3.765075343170049,51.09916627485062],[3.765071121088224,51.09916311578423],[3.765066719343313,51.09916001312945],[3.765065282038857,51.09915899771513],[3.765063844734402,51.099158038712694],[3.765038961401035,51.09914850509917],[3.765039051232578,51.09914844868726],[3.765030517237386,51.09914466908844],[3.765021084926896,51.09914038178196],[3.765015874698231,51.09913806889274],[3.765007250871528,51.09913462776471],[3.764998357550197,51.09913141228418],[3.764987487935251,51.099127971155646],[3.76497958276076,51.0991258275017],[3.764972216575428,51.099124247967126],[3.764966018199989,51.09912328896396],[3.764958652014657,51.09912266843251],[3.76495389094364,51.099122612020565],[3.764949758693325,51.09912283766836],[3.764946075600659,51.09912328896396],[3.764941584024238,51.09912402231934],[3.764936553458659,51.09912526338222],[3.764931972050695,51.09912667368091],[3.764927210979712,51.09912836603927],[3.764920024457432,51.09913141228418],[3.764913107429749,51.099134571352785],[3.7649031361301,51.09913953560301],[3.764899542868944,51.09914167925631],[3.764876905323788,51.099159956717564],[3.764865586551227,51.09917642899126],[3.76486540688814,51.099176485403135],[3.764865317056631,51.09917654181501],[3.764865137393578,51.0991766546388],[3.764808274036076,51.09921563523549],[3.764783929691868,51.09919408590823],[3.764743146177977,51.0991727058066],[3.76470703390356,51.09914901280647],[3.764701194854226,51.099152115461926],[3.764662207970896,51.099123119728105],[3.764662567297003,51.099122950492244],[3.764614597260831,51.09908690324124],[3.764614148103183,51.09908707247723],[3.764613339619428,51.09908645194528],[3.764613698945534,51.099086282709294],[3.764614148103183,51.099086057061314],[3.764569142507467,51.099052717559424],[3.764546055804663,51.09903562470902],[3.764541115070593,51.099031845100974],[3.764540665912945,51.09903212716131],[3.764540576081402,51.09903212716131],[3.764539947260733,51.09903161945273],[3.764540486249892,51.09903133739243],[3.764501948524211,51.09900222875864],[3.764485689017548,51.098989987331585],[3.764477783843057,51.09898400764719],[3.764444366514498,51.09895879142227],[3.764432239258149,51.0989495962406],[3.764430891785236,51.09894858082166],[3.764426400208816,51.09894513967953],[3.764424423915167,51.09894372937529],[3.764422986610712,51.098942657544015],[3.764417596719027,51.098938595867516],[3.764416069583028,51.09893741121179],[3.764391096418152,51.09891856954059],[3.764791206045691,51.098713567148444],[3.764806477405515,51.09870572581711],[3.765122235227869,51.098539308759186],[3.765250694313505,51.09847133144968],[3.765329296900866,51.098430262952],[3.765331722352129,51.09842902187046],[3.765356156527879,51.09844464821291],[3.765356965011634,51.09844515592789],[3.765362534566371,51.098448653520016],[3.765336663086198,51.09846512604714],[3.765345646239039,51.09847071090947],[3.765391370486999,51.098484306379525],[3.765460810258466,51.09850833819657],[3.765466289981694,51.09851025622835],[3.765493868260918,51.09851978997352],[3.765504917538917,51.09850833819657],[3.765532765312738,51.0985197335608],[3.765517404121372,51.098534682920544],[3.765602025421118,51.098571971679874],[3.765674070306934,51.09860192677331],[3.765736233724578,51.09862990740807],[3.765765788297418,51.09864265664328],[3.765712787695668,51.09868254029004],[3.765742342268507,51.09872180336555],[3.765747911823278,51.09872107000385],[3.765753481378049,51.09872061870428],[3.76575914076433,51.09872050587941],[3.765764800150611,51.09872067511675],[3.765771268020646,51.098721182828704],[3.765777556227661,51.09872214184021],[3.765783664771591,51.09872338291387],[3.765789593652467,51.09872501887458],[3.765795253038747,51.09872699330983],[3.765800553098922,51.09872924980716],[3.765805314169939,51.09873161912923],[3.76580980574636,51.09873404486361],[3.765814117659728,51.09873663983514],[3.765815914290289,51.098737880908416],[3.76581771092085,51.098739065569255],[3.765819417719903,51.098740306642455],[3.765838551835444,51.09875345073405],[3.765857506287934,51.09876603069805],[3.765888587996773,51.09877686187509],[3.7659269460594,51.098790570079856],[3.765954793833222,51.09880811431954],[3.765984258574519,51.098824755955505],[3.766004201173849,51.098835982004886],[3.766059537395318,51.09885211592031],[3.766112537997101,51.09887468082755],[3.766139667118678,51.09886717799712],[3.766196350813093,51.09889606106698],[3.766228690163335,51.09890277412165],[3.766233361402809,51.0989037331294],[3.76625860406228,51.098906158854724],[3.766283846721785,51.09890858457995],[3.766302172353574,51.098922913279814],[3.76635607127062,51.09892409793591],[3.766412305807421,51.098925564652966],[3.766509413689622,51.098946267922855],[3.76651651038036,51.09894869364597],[3.766527918984463,51.098952642497295],[3.76656439058502,51.09896522240707],[3.766618918322768,51.098969622554094],[3.766663295097783,51.09897661765874],[3.766652784808976,51.099005613484444],[3.766652425482837,51.09902744495988],[3.766653862787293,51.099050461077894],[3.766637782943715,51.099068061630966],[3.766621074279436,51.09908295440142],[3.766593316337158,51.09909502656789],[3.7665598990086,51.09910484225229],[3.766530164772674,51.09911008856553],[3.766504742450149,51.09911572976189],[3.766483272714853,51.09912120172174],[3.766463419947066,51.09913197640359],[3.766446711282787,51.09914517679578],[3.766442848527068,51.099148166627636],[3.766417336373,51.09917214168769],[3.766416707552299,51.09918500359714],[3.766416707552299,51.09920102456707],[3.766421019465666,51.099212588996124],[3.766435033184087,51.09923695890545],[3.766446351956681,51.099247902795774],[3.766454167299663,51.09926685715632],[3.766475457371872,51.09927836515716],[3.766380146120232,51.09928017033351],[3.76636667139097,51.09928062162756],[3.766375115554653,51.099258169742],[3.766374756228548,51.09924739508956],[3.76636667139097,51.09923509731563],[3.766359035711076,51.09922928689836],[3.766350591547392,51.09922392777501],[3.766341428731498,51.099219019945664],[3.766331637094903,51.099214676234254],[3.766321486132168,51.09921100946451],[3.766310886011818,51.099207850401164],[3.76629983673382,51.09920531186793],[3.766288517961259,51.09920339386499],[3.766280433123715,51.09920282974644],[3.766272258454628,51.099202604099034],[3.766264083785541,51.09920288615829],[3.766255998947964,51.09920350668867],[3.766247914110421,51.09920457851385],[3.76624009876744,51.099206045222004],[3.766225366396775,51.099208470931494],[3.766206950933443,51.09921642500121],[3.766175060740883,51.099232728019345],[3.766157453761307,51.09924423602867],[3.766145236673448,51.09925850821273],[3.766143979032046,51.099267252038764],[3.766148021450817,51.09927718051015],[3.766166347082605,51.09928857568489],[3.766126821210118,51.09929055009607],[3.766110022714295,51.09929156550751],[3.766108765072892,51.09926217497867],[3.766103105686611,51.09925450297575],[3.766090619104157,51.09924683097155],[3.766066723917597,51.09924880538452],[3.766044984687739,51.09925675944732],[3.766019921691321,51.09925862103632],[3.76598713318343,51.09926950850971],[3.765966741426485,51.099273908627765],[3.765969346540801,51.09928440121527],[3.765978689019747,51.09929963238643],[3.765973568622658,51.09929991444513],[3.76596368715452,51.09930053497422],[3.765960722714065,51.09930081703287],[3.765933503760979,51.099303299149106],[3.765924161282032,51.099277631804235],[3.765918322232665,51.09926629303855],[3.765900715253089,51.099257379977026],[3.765882120126704,51.099251625974325],[3.765840707792111,51.09925642097662],[3.765812141366079,51.09926426221457],[3.765800912425028,51.09927300603946],[3.765779083363626,51.09927266756883],[3.765748899970085,51.09926482633236],[3.76571566230458,51.099276559980744],[3.765712787695668,51.099277575392485],[3.765712608032615,51.099277631804235],[3.765709553760651,51.09927876003949],[3.765706499488686,51.09927977545118],[3.765706409657142,51.09927983186293],[3.765705601173388,51.09928011392171],[3.765703894374337,51.09928112933336],[3.765703445216721,51.099281298568656],[3.765701199428511,51.0992825960391],[3.765701019765458,51.09928270886259],[3.765698504482652,51.09928411915648],[3.765695989199846,51.09928552945033],[3.765693473917039,51.0992868833324],[3.765691048465776,51.09928829362615],[3.765688533183003,51.09928970391987],[3.76568610773174,51.099291057801814],[3.765683233122829,51.09929269374242],[3.765682424639074,51.09929393480078],[3.765682334807531,51.099294047624284],[3.76568125682918,51.09929568356478],[3.765680178850864,51.099297319505226],[3.765680178850864,51.09929737591695],[3.765679100872513,51.09929901185733],[3.76567901104097,51.09929901185733],[3.765677933062654,51.099300647797655],[3.76567784323111,51.09930081703287],[3.765676855084303,51.09930239656142],[3.765675777105953,51.09930403250162],[3.765674878790689,51.09930532997142],[3.765674788959145,51.099305781265244],[3.76567451946455,51.09930753002876],[3.765674249969987,51.09930927879225],[3.765673980475392,51.099311083967386],[3.765673621149286,51.09931288914245],[3.76567335165469,51.09931463790574],[3.765673171991637,51.099315596904944],[3.765673171991637,51.099315653316644],[3.765672992328584,51.09931666872753],[3.765672902497041,51.099317684138384],[3.765672812665531,51.09931807902038],[3.765673082160093,51.099318643137515],[3.765673531317742,51.099319602136596],[3.765673980475392,51.09932044831229],[3.765673980475392,51.09932050472399],[3.765674339801497,51.09932129448793],[3.765674339801497,51.09932135089963],[3.765674788959145,51.09932219707525],[3.765675148285251,51.09932298683917],[3.765675238116794,51.099323043250855],[3.7656755974429,51.0993238894265],[3.765677214410409,51.09932716130533],[3.765677663568058,51.09932817671596],[3.765648827647429,51.09933150500617],[3.765641191967534,51.09933240759334],[3.765641012304448,51.09933240759334],[3.765631220667852,51.099333535827256],[3.765621159536694,51.09933466406111],[3.765619722232239,51.0993339871208],[3.765618644253888,51.099334099944166],[3.765617656107081,51.09932958700846],[3.765570045397016,51.09933635641189],[3.765571482701472,51.0993315614179],[3.765585945577541,51.09928355503892],[3.765587203218944,51.099270636745125],[3.765618464590835,51.09924750791318],[3.7656215188628,51.099218004532645],[3.765615050992765,51.09920452210201],[3.765594210078171,51.099187429307726],[3.765567170788104,51.09917603410806],[3.765547587514912,51.09917800852405],[3.765519380414986,51.09916796720756],[3.765480663026253,51.099160859308036],[3.765444371088782,51.099154089878944],[3.765417601293311,51.09914692556537],[3.765399095998438,51.099136884242135],[3.765394155264401,51.099127068564535],[3.765393167117561,51.09911697082504],[3.765395143411209,51.09910568843192],[3.765406641846823,51.099085831413326],[3.7654030485857,51.09908295440142],[3.76540421639556,51.099082446693394],[3.765423440342645,51.09907494389669],[3.765424608152505,51.099074492600614],[3.765428201413661,51.09907748243708],[3.765430896359521,51.0990797389173],[3.765472847683272,51.09908295440142],[3.765495844554533,51.09908464676138],[3.765532136492037,51.09908735453723],[3.765573189500524,51.0990836313454],[3.765603103399469,51.09907680549296],[3.765622057851959,51.099073646420464],[3.765637778369431,51.09906608721027],[3.765648468321323,51.09904984054541],[3.765657720968761,51.09903596318138],[3.765671375361076,51.09901582407246],[3.765676585589707,51.099003469824794],[3.765678741546407,51.09899749014213],[3.76569338408553,51.09897610994955],[3.765704163868932,51.098960991496085],[3.765714763989283,51.09894638074721],[3.765732730294964,51.09892810320152],[3.765748271149384,51.09891225137368],[3.76575312205191,51.09890700503795],[3.765767764591065,51.098893522516676],[3.765780430836573,51.09887163456572],[3.765813937996641,51.09887468082755],[3.765815195638044,51.098869265250805],[3.765815195638044,51.09886909601402],[3.765816363447938,51.09886379326118],[3.765816363447938,51.09886368043662],[3.765817621089307,51.098858377683165],[3.76581771092085,51.09885798279724],[3.765818788899201,51.09885296210452],[3.765819866877517,51.098847884998975],[3.765820046540604,51.098847377288415],[3.765820585529762,51.098844895147664],[3.765821663508113,51.09884224376993],[3.765821663508113,51.09884218735765],[3.765823819464779,51.0988369974263],[3.765823819464779,51.09883688460168],[3.765825885589937,51.09883175108208],[3.76582606525299,51.09883141260822],[3.765828041546604,51.09882644832496],[3.765831365313165,51.09881832495111],[3.765832353459972,51.09881149905951],[3.765832622954568,51.09880975027723],[3.765832892449164,51.09880794508252],[3.765833161943727,51.09880619630006],[3.765833161943727,51.098806139887735],[3.765833431438322,51.098804447517544],[3.765833431438322,51.09880439110521],[3.765833700932919,51.098802698735],[3.765833700932919,51.0988025859103],[3.765833970427481,51.098800893540016],[3.765833970427481,51.09880083712768],[3.765834239922077,51.09879914475729],[3.765834239922077,51.098799088344954],[3.76583441958513,51.098798185747384],[3.765833880595971,51.09879739597451],[3.765833790764428,51.09879728314983],[3.765832892449164,51.098795816428755],[3.765831904302323,51.0987942368829],[3.765830916155517,51.09879271374934],[3.765829928008709,51.09879113420339],[3.765828939861902,51.09878961106976],[3.765827951715095,51.098788031523696],[3.765826963568288,51.09878645197759],[3.765825975421447,51.09878492884381],[3.765825077106183,51.098783518534695],[3.765824358453938,51.09878233387499],[3.765824268622429,51.098782277462604],[3.765823549970184,51.09878120562764],[3.765823460138674,51.09878109280292],[3.765822831317973,51.09878007738023],[3.765822831317973,51.09878002096788],[3.765822112665727,51.09877889272049],[3.765821483845027,51.09877787729779],[3.765821394013516,51.098777764473034],[3.765820855024358,51.09877697469981],[3.765819058393764,51.09877607210184],[3.765818968562253,51.09877601568944],[3.765817441426254,51.09877533874095],[3.765817261763202,51.09877522591618],[3.765815914290289,51.09877460538005],[3.765815914290289,51.09877454896768],[3.765814566817342,51.098773928431534],[3.76581429732278,51.09877381560676],[3.765812949849834,51.09877313865825],[3.765812770186781,51.09877308224588],[3.765811243050815,51.09877234888494],[3.765809895577869,51.098771671936404],[3.76580980574636,51.098771671936404],[3.765808548104956,51.09877105140022],[3.76580720063201,51.09877043086403],[3.765805763327554,51.098770374451625],[3.765804146360046,51.098770374451625],[3.765803966696993,51.098770374451625],[3.765802349729483,51.09877031803925],[3.765800463267379,51.09877026162689],[3.765798576805308,51.09877020521448],[3.765796690343203,51.098770148802096],[3.765794803881098,51.09877009238973],[3.765792827587484,51.09877009238973],[3.765790941125379,51.09877003597736],[3.765782856287836,51.09876981032784],[3.765778095216819,51.09876981032784],[3.765765159476716,51.098769697503045],[3.765764620487558,51.098769697503045],[3.765763003520049,51.09876947185352],[3.765760937394892,51.098769246204],[3.765758871269734,51.09876896414207],[3.765756805144576,51.09876873849254],[3.765754828850962,51.098768512843],[3.765752762725805,51.0987682307811],[3.765752044073594,51.098768174368686],[3.7657508762637,51.098767723069614],[3.76575078643219,51.098767666657245],[3.765749169464681,51.09876710253339],[3.765749079633139,51.09876704612101],[3.765747552497173,51.098766538409514],[3.765747552497173,51.09876648199714],[3.765745935529664,51.09876591787327],[3.765745845698121,51.09876591787327],[3.765744408393664,51.09876535374938],[3.765744228730612,51.098765297337],[3.765742701594613,51.098764733213116],[3.765742611763103,51.098764733213116],[3.765740994795595,51.09876411267684],[3.765740365974893,51.09876388702729],[3.765736862545279,51.098762589542325],[3.765733269284157,51.09876146129449],[3.765729496359947,51.09876050228379],[3.765726801414088,51.098759091973925],[3.765723926805176,51.09875779448884],[3.765720872533211,51.09875660982848],[3.765719704723352,51.09875638417889],[3.765719614891808,51.09875638417889],[3.765717818261247,51.09875689189045],[3.76571674028293,51.09875655341609],[3.765716650451387,51.098756497003656],[3.76571566230458,51.09875621494169],[3.765715572473037,51.0987561585293],[3.765714494494719,51.09875587646727],[3.765713686010932,51.0987555379929],[3.765713416516369,51.098755481580476],[3.765712518201072,51.098755425168086],[3.765711260559669,51.098755425168086],[3.765710092749809,51.098755368755704],[3.765710002918299,51.098755368755704],[3.765708835108406,51.098755368755704],[3.765706948646301,51.098755481580476],[3.76570506218423,51.09875559440529],[3.765703175722126,51.09875576364251],[3.765701738417669,51.09875598929209],[3.765700301113213,51.09875621494169],[3.765698863808757,51.098756497003656],[3.765698594314161,51.09875655341609],[3.765697157009705,51.09875689189045],[3.765695809536793,51.09875723036486],[3.76569446206388,51.09875768166402],[3.765694192569284,51.098757907313605],[3.765693473917039,51.09875796372603],[3.765690150150512,51.09875880991197],[3.765689880655916,51.09875880991197],[3.765685658574092,51.09875988174745],[3.765685299247986,51.09875993815988],[3.765681166997671,51.09876095358296],[3.765678292388759,51.09876163053166],[3.765677753399567,51.09876174335643],[3.765674609296092,51.098762533129914],[3.765673980475392,51.09876264595471],[3.765671105866479,51.098763379315805],[3.765679460198619,51.09877105140022],[3.765661314229884,51.098777708060666],[3.765631939320097,51.09878222105024],[3.765615320487327,51.0987902316057],[3.76558145400112,51.09881302219245],[3.765574716636489,51.098825263666356],[3.765562679211683,51.0988424694191],[3.765556660499297,51.09883818208459],[3.76554174846558,51.098880039991414],[3.765543634927651,51.09891247702251],[3.765535280595511,51.0989473961662],[3.765527195757968,51.09896059661104],[3.765505995517268,51.09897430476138],[3.765475452797588,51.09897695613154],[3.765439520186223,51.09898192039864],[3.765396401052612,51.09898868985297],[3.765364600691528,51.09899777220264],[3.765354988717986,51.09900138257716],[3.76535346158202,51.09900222875864],[3.765349958152407,51.09900104410455],[3.765348790342546,51.09900155181347],[3.765343130956233,51.099003864709466],[3.765328578248655,51.09900990080342],[3.765327320607251,51.09901035210013],[3.765322469704725,51.09900640325377],[3.765280877707046,51.09902321405459],[3.765238836551752,51.099048204596215],[3.765212875240035,51.09907291306428],[3.765189698705721,51.09910450378048],[3.765184488477089,51.09912774550787],[3.765199041184668,51.099171351921235],[3.765219343110104,51.09919606032346]]],"type":"Polygon"},{"coordinates":[[[3.691166812495221,51.06709029313275],[3.691339199198255,51.0669515927504],[3.691579139210651,51.06710807520298],[3.691585517249177,51.06710412363239],[3.691602675071072,51.067115696088145],[3.691407740654424,51.06723136403543],[3.691166812495221,51.06709029313275]]],"type":"Polygon"},{"coordinates":[[[3.725311956107656,51.01822297914169],[3.726320225182571,51.017753430139905],[3.726440240104524,51.0178078503725],[3.726797410261505,51.01767086723511],[3.727612002561141,51.01733468041889],[3.727823915136664,51.017421030198555],[3.728516336557647,51.01718724118915],[3.728579577953642,51.01723685858289],[3.728775320854076,51.017470986411226],[3.728956690709918,51.01772297060487],[3.728948605872375,51.017794626770474],[3.72908775490987,51.0180104987767],[3.729220166582768,51.018194949872694],[3.729218819109822,51.01829356083474],[3.728832543537651,51.01848417042644],[3.728175605570383,51.01872705100624],[3.7277339039452,51.01880983806993],[3.727671650696012,51.01868845466592],[3.727552174763217,51.018589222932015],[3.72742425466674,51.01859300911256],[3.726881492572093,51.01879621918427],[3.726396042992562,51.018963883775896],[3.726178291367674,51.018778927149455],[3.725990184147167,51.018504514125496],[3.72555557921272,51.01859182239929],[3.725247007912644,51.01829435198201],[3.725311956107656,51.01822297914169]]],"type":"Polygon"},{"coordinates":[[[3.687521718566853,51.04300252800471],[3.687619634932843,51.04294954935915],[3.687973750817824,51.043042798512516],[3.688495222840263,51.04299891325897],[3.688967736679723,51.042913006484035],[3.689319337281899,51.04289160036608],[3.689764721999783,51.04296191857925],[3.690011040050671,51.04308318194589],[3.690165999437182,51.043224834326175],[3.690292212734607,51.043361064197235],[3.690477265683149,51.04342725866656],[3.690600065382471,51.04351135713496],[3.690896150100125,51.043617256600946],[3.690782423385154,51.043762522034626],[3.690715588728003,51.04380906109745],[3.690405849618068,51.04378906737955],[3.690071406837787,51.04376365162406],[3.689984719412849,51.04375794719703],[3.689802810567815,51.043759528622424],[3.689599881145134,51.04378437958571],[3.689458396487885,51.04384870963105],[3.689258072179519,51.04398567189707],[3.689175427173387,51.043982622020096],[3.689010047329579,51.04398166187358],[3.688828497810684,51.04395974793636],[3.688651260205123,51.043924843757175],[3.688429106835357,51.04385322798032],[3.688347899133681,51.043751113179546],[3.687543547628255,51.04391846159858],[3.687579749734215,51.04398900416986],[3.687492613151663,51.044014589239225],[3.68756501736355,51.044150477913774],[3.687527647447729,51.04416070061176],[3.687088101779213,51.044257166622934],[3.68680926471503,51.04438198475849],[3.686988298951152,51.044646586797896],[3.686434667241559,51.04498099417161],[3.686185564413269,51.04504549198891],[3.685726615134613,51.045158108803214],[3.685137140645164,51.045269991134404],[3.684664716637247,51.04541547729527],[3.683917767478515,51.04556762731781],[3.683128148343754,51.045068873837465],[3.682985495876645,51.04499392762903],[3.682869253878868,51.04490265913605],[3.682936537693668,51.04477129092767],[3.683121500810667,51.044632354239994],[3.683659861160436,51.04444608805939],[3.683923876022444,51.04425818324258],[3.684201096119118,51.04406214467272],[3.684517482762175,51.04386633119068],[3.684924958575046,51.043695763248806],[3.68560660021266,51.04353502215661],[3.686156189503482,51.04347227311087],[3.686641189925363,51.043359821638],[3.687140383728751,51.04317326793965],[3.687521718566853,51.04300252800471]]],"type":"Polygon"},{"coordinates":[[[3.698372828209858,51.07410995409601],[3.698027336151578,51.074006720710855],[3.698218677307102,51.07369018957377],[3.69860297658566,51.073796697350346],[3.698372828209858,51.07410995409601]]],"type":"Polygon"},{"coordinates":[[[3.74467271660559,51.03382089868636],[3.744531052285288,51.03377706118903],[3.744422715462035,51.03387637339804],[3.743935109925804,51.03364509651372],[3.743964035677976,51.03359510123677],[3.743905645184508,51.033574990127086],[3.744103813536173,51.03343003170208],[3.744513445305711,51.033525390218195],[3.744552971178233,51.03347471690793],[3.744771980444492,51.033539287236735],[3.74465987069703,51.033704243398816],[3.744907536220864,51.03378892443338],[3.744738922442038,51.0339979994938],[3.744560157700513,51.03392625538859],[3.74467271660559,51.03382089868636]]],"type":"Polygon"},{"coordinates":[[[3.699530846442618,51.08837279848273],[3.699119687537081,51.08821740358636],[3.69918095263946,51.08813863386069],[3.699915055889632,51.088390177400214],[3.70013676010175,51.08850291450489],[3.699759916840069,51.088799652147046],[3.699013506670495,51.08950337373773],[3.699437601316136,51.08967377296159],[3.69934318837976,51.08978661978416],[3.69931138801871,51.08982352063539],[3.6993069862738,51.089874527268144],[3.699339415455551,51.0899210199906],[3.699298092952501,51.08997761240399],[3.698715804985333,51.089779566865815],[3.698399059016137,51.0900582409571],[3.698377140123226,51.09004768985284],[3.698407143853714,51.09000384914243],[3.698381541868103,51.08997343709369],[3.698348304202598,51.090003736296296],[3.698149237535636,51.08989805575124],[3.699530846442618,51.08837279848273]]],"type":"Polygon"},{"coordinates":[[[3.718969401044157,51.00695836921859],[3.718903374870761,51.006959160559255],[3.718830341838172,51.006927846068336],[3.718687689371063,51.00674747645003],[3.71870152342643,51.00670236980473],[3.71874509171769,51.006683603618555],[3.719073964943234,51.006892348749815],[3.718969401044157,51.00695836921859]]],"type":"Polygon"},{"coordinates":[[[3.760595804174257,51.03850313733035],[3.760370506701015,51.03843219100375],[3.760160031429949,51.03833701204306],[3.759978122584915,51.03826024738578],[3.759858287326015,51.03822319243576],[3.759546571922399,51.03813964923094],[3.760253546051028,51.03699205876574],[3.760247168012502,51.03695517226488],[3.760309960250847,51.03686891535568],[3.763116656524562,51.03755416473487],[3.763193282818309,51.037630817588095],[3.763072818738707,51.038014418870965],[3.76305296597092,51.038128690881884],[3.762860457005536,51.03880703039809],[3.762775925537298,51.038864871529455],[3.761739629025544,51.03866971390743],[3.760595804174257,51.03850313733035]]],"type":"Polygon"},{"coordinates":[[[3.695299242465223,51.05295432202348],[3.695295379709505,51.05295387027736],[3.695293762741995,51.052953587936045],[3.695292055942978,51.05295336206294],[3.695265914968207,51.0529491269427],[3.695261243728734,51.05294235074953],[3.695200876941619,51.05285533304719],[3.695188120864602,51.052859172897335],[3.695244535064422,51.05293997908168],[3.695054451550301,51.05291326957585],[3.695008367976234,51.05284940386621],[3.694995971225323,51.052853017843304],[3.695036664907704,51.052910784969846],[3.695041605641741,51.05291778704091],[3.695040886989529,51.05291767410431],[3.695035676760864,51.052916940016246],[3.695013937531006,51.05291422953719],[3.695008996796936,51.05291360838572],[3.695008547639287,51.05291293076594],[3.695005403535813,51.05290858270534],[3.694985999925675,51.05290615456744],[3.694806965689553,51.052883793105444],[3.69479627573766,51.05288701180135],[3.694788370563169,51.05288605183946],[3.694776692464468,51.05288469659904],[3.694778578926573,51.0528790497636],[3.694781004377836,51.05287176534487],[3.69478908921538,51.05286939367339],[3.694794928264747,51.05285166260192],[3.694833286327375,51.05284279706364],[3.69486095443811,51.0528355691076],[3.694879190238388,51.05282738118731],[3.69490658885456,51.05281586162803],[3.694916200828103,51.05281015831572],[3.694916200828103,51.05280473734502],[3.694909104137333,51.05279959871589],[3.694902726098841,51.05279638001386],[3.694896976881017,51.05279237075311],[3.69489113783165,51.052787796807365],[3.694889790358738,51.05278322286112],[3.694888532717334,51.05277864891443],[3.694887724233581,51.05277204210175],[3.694886915749826,51.05276379770175],[3.694882424173406,51.052759731969644],[3.694877483439336,51.05275713441843],[3.694864457867723,51.05275335102836],[3.694852779769022,51.05274872061021],[3.694838676219059,51.05275064053972],[3.694827716772604,51.05275244753214],[3.694848108529549,51.052690558001345],[3.69484307796397,51.052683612364554],[3.694848378024145,51.052666728251204],[3.694864996856881,51.052669043464455],[3.694868590118038,51.05267412563942],[3.695089485846401,51.052704618677566],[3.695121286207451,51.05270902322588],[3.695129101550433,51.052710096128585],[3.695403626701247,51.05274793005096],[3.695409016592965,51.05274872061021],[3.695412879348684,51.052749567637946],[3.695422581153737,51.05276227305225],[3.695418808229561,51.05277198563328],[3.695417640419701,51.05277537374247],[3.695425815088788,51.052773058534534],[3.69541773025121,51.05279485536547],[3.695409555582124,51.05279717057227],[3.695388085846828,51.05285555892078],[3.695367514426829,51.0528487262455],[3.695345415870833,51.05284545107845],[3.695325024113887,51.05284533814167],[3.695310920563923,51.05284810509316],[3.695293223752837,51.05285256609619],[3.695278671045225,51.05285680122526],[3.695269598060874,51.05286013285984],[3.69526501665291,51.052863520962575],[3.695263040359296,51.05286950661015],[3.69526160305484,51.05287520991511],[3.695266992946525,51.052882381396614],[3.695275437110208,51.05289102105391],[3.69528621689361,51.05289960424132],[3.695295469541047,51.0529131001709],[3.695297625497715,51.052923659744835],[3.69530067976968,51.05293455812613],[3.695308584944204,51.052946868211755],[3.695312896857572,51.05295144214183],[3.695296996677013,51.05294946575234],[3.695295739035643,51.05294929634752],[3.695299242465223,51.05295432202348]],[[3.694962104739116,51.052892658635834],[3.694963542043572,51.052885825966065],[3.694958152151854,51.05287837214332],[3.694952852091678,51.05287458876312],[3.69495015714582,51.05287142653465],[3.694953391080837,51.052868320774365],[3.694954289396135,51.05286493267197],[3.694956175858239,51.05286007639147],[3.69495123512417,51.05285550245237],[3.694945845232452,51.0528540342743],[3.694935873932804,51.05285454248977],[3.69488314282565,51.05286933720504],[3.69486769180274,51.052875831067084],[3.694861762921864,51.052879783852255],[3.694864368036213,51.052883793105444],[3.694873980009723,51.052886898864685],[3.694890598842492,51.05288593890275],[3.694906499023017,51.05288633418119],[3.694919973752278,51.0528889881935],[3.694930843367224,51.05289277157253],[3.694950696135012,51.052894860901105],[3.694962104739116,51.052892658635834]]],"type":"Polygon"},{"coordinates":[[[3.693213264543995,51.06851238557049],[3.693274260151778,51.06834952907349],[3.693404066710327,51.06804351536736],[3.693403258226573,51.06803826552962],[3.693409636265098,51.068005129443264],[3.693179038731648,51.06787055265805],[3.692978894086369,51.06785519823488],[3.692599445710338,51.067788361274594],[3.69265864468756,51.06763221982411],[3.692810370139054,51.06765632412433],[3.692779198598706,51.067675178533115],[3.692835792461612,51.06771638724409],[3.692893733797431,51.06768014616047],[3.693026414964891,51.067775095481295],[3.693221798539187,51.06784080345849],[3.694236625315646,51.06843516287314],[3.694161885484005,51.06848088685425],[3.6940730421024,51.06853886028141],[3.693826544388459,51.06847721764756],[3.693613374171534,51.068565504324816],[3.69360151640978,51.06857289917315],[3.693213264543995,51.06851238557049]]],"type":"Polygon"},{"coordinates":[[[3.757560576492283,51.056508580629654],[3.757503892797867,51.0564862773711],[3.757794228297664,51.05621541896634],[3.757558330704073,51.05611457363539],[3.757717422340899,51.05604354134997],[3.757933736661298,51.05581175400086],[3.758048271860023,51.0556269444013],[3.758093996107984,51.05551011815416],[3.758091301162125,51.05543129273822],[3.758021591896096,51.05527798934232],[3.757958170837016,51.055206955773514],[3.757915231366458,51.0551140134355],[3.756374800317245,51.05452665419998],[3.756456187681975,51.0543439852012],[3.756451426610992,51.05428949492757],[3.756423668668713,51.054159565011204],[3.756375159643351,51.05407356600031],[3.756048711869103,51.05372996363097],[3.756548714156246,51.05317172433768],[3.756952866202556,51.05292117513943],[3.75719604014997,51.053164665837016],[3.757508923363446,51.05342238511579],[3.757757577034087,51.053669317689284],[3.758143223785558,51.053425660242],[3.759112685640196,51.05394984685426],[3.759483779684053,51.053689871816225],[3.759965815665513,51.05394612002864],[3.75968257685642,51.054237827924965],[3.760636138530533,51.05471440442926],[3.761194531311143,51.05476245707235],[3.761346885583304,51.05463461773309],[3.761546131913319,51.05472953734691],[3.761566344007211,51.05501350450038],[3.76152942324904,51.05516748635875],[3.761428362779577,51.055302495333585],[3.761361797617022,51.055333438363945],[3.761038044788633,51.05533993188051],[3.759462130285705,51.057049163159604],[3.759220213979694,51.057270385734185],[3.758941556578564,51.05749143786361],[3.758508748274678,51.05789051474437],[3.758116543821631,51.05829416158784],[3.757995540752837,51.05840318910768],[3.758023029200552,51.058409117577604],[3.757983952485679,51.0584448013042],[3.757961764098172,51.058459763618075],[3.757902205794845,51.05850928037329],[3.757826118490257,51.05844197822556],[3.757736466624898,51.05837258689859],[3.757488172280395,51.05836891689062],[3.757292159885397,51.05835361577728],[3.757280122460592,51.058408270653345],[3.757196399476109,51.05848573592504],[3.75702212631097,51.05851396667695],[3.756848481966566,51.05851069191058],[3.756710949896545,51.05846953146564],[3.756678520714794,51.058350453923005],[3.756438311207836,51.05824927447112],[3.756117343156816,51.05826429330996],[3.755818024504144,51.05835073623141],[3.755696482446192,51.05841194065824],[3.755493553023511,51.058355422551074],[3.755939746225149,51.05798689569948],[3.755846231604071,51.05796092311269],[3.756108988824676,51.05755789445326],[3.756314253867077,51.057608767275234],[3.756378124083807,51.057507134500874],[3.756583299294697,51.05756150806288],[3.756851715901583,51.05714108527653],[3.756818837562183,51.057127025947395],[3.756891421437124,51.057057858502795],[3.756953584854801,51.05708597719884],[3.75705042324244,51.05699377265579],[3.756984576732096,51.05696796890202],[3.757465624566749,51.05660191541528],[3.757408940872334,51.05657385288911],[3.757560576492283,51.056508580629654]]],"type":"Polygon"},{"coordinates":[[[3.753004950191937,51.04448974602761],[3.753007824800849,51.044482686203715],[3.753553461504409,51.04461716154441],[3.753311635029907,51.045367358475865],[3.753538549470691,51.045400736676335],[3.75352345777392,51.045488389636425],[3.753652994837873,51.0455124489895],[3.753450694235893,51.04608744121916],[3.753297531479977,51.046089587331394],[3.753070347544599,51.046079590965675],[3.752750098145823,51.0460954609012],[3.752429758915505,51.04611720439833],[3.752154874438551,51.04609258059303],[3.752944134247173,51.04446404826346],[3.753004950191937,51.04448974602761]]],"type":"Polygon"},{"coordinates":[[[3.727277380117807,51.08612838055121],[3.727444376929123,51.08610744583067],[3.727617122958264,51.086171829940966],[3.727798762308702,51.08609841737683],[3.727914285654235,51.086033412457276],[3.727711266400044,51.08589448670654],[3.727619997567175,51.08571459360355],[3.727184134991292,51.08573502064731],[3.727061155628916,51.085283253589445],[3.727117120671121,51.085239408362824],[3.727316816158785,51.085217231803796],[3.727562235894376,51.085355764587355],[3.727562415557462,51.08561381253181],[3.727769926388074,51.08560805683125],[3.727837928855084,51.08552544552112],[3.727983905088754,51.085515288382645],[3.728350238061628,51.085655118126404],[3.728699413212575,51.087046226126795],[3.728626380179952,51.08705237663514],[3.728069873861447,51.087104063443434],[3.727989923801173,51.0871101575175],[3.728006362970856,51.08717369383409],[3.727957674282475,51.087180013605014],[3.727745492212356,51.08720292276746],[3.72774522271776,51.08722041497746],[3.727595563391425,51.08723931784211],[3.727560798589954,51.0872412927678],[3.727560618926868,51.08725658433259],[3.72747716543698,51.087262734812974],[3.727277380117807,51.08612838055121]]],"type":"Polygon"},{"coordinates":[[[3.705468081649946,51.055226662235555],[3.705469159628297,51.055222427323216],[3.70552674163801,51.05516810747998],[3.705531233214431,51.05517138248272],[3.705555847053201,51.05518888680384],[3.705580371060462,51.055205713532075],[3.705605344225371,51.05522225792671],[3.705630946210948,51.0552383505916],[3.705649541337332,51.055249417824555],[3.705668405958312,51.05525997686577],[3.705704248738134,51.055278892789204],[3.705722574369922,51.05528804018821],[3.705729760892202,51.05529165397497],[3.705746379724971,51.05529961559797],[3.705764346030653,51.05530791601194],[3.705796505717809,51.055322145289566],[3.705809710952508,51.05532773536174],[3.705830462035559,51.055336261632114],[3.705861364081345,51.055348458148636],[3.705887594887624,51.05535839604859],[3.705906100182464,51.05536522835357],[3.705941853130776,51.055377933050245],[3.705952093925021,51.05536607533345],[3.705983355296913,51.05537680374404],[3.70597329416572,51.05538854852747],[3.705998177499087,51.05539662306436],[3.706015514984101,51.05540198726638],[3.706177930387454,51.05525574195648],[3.70632875752365,51.05531791038596],[3.706934761014324,51.05556810782646],[3.706979856441583,51.05558662836864],[3.707033126537929,51.05560842387523],[3.707067172687189,51.05562237073547],[3.70715960932995,51.05566037167347],[3.707167514504441,51.0556636466414],[3.707172634901564,51.055665114730374],[3.707168233156652,51.055679343898284],[3.707163022928021,51.055681884820636],[3.707157812699388,51.05568527271693],[3.70715251263918,51.055689394657094],[3.707147302410548,51.05569408124611],[3.707142271844969,51.05569927601896],[3.7071373311109,51.05570486604557],[3.707132659871426,51.05571068193116],[3.707128258126516,51.05571666721073],[3.707120442783568,51.05572875069726],[3.707113705418937,51.05574066478604],[3.707105081592202,51.055757717173165],[3.707097805238379,51.05577318853885],[3.707095828944765,51.055777931584245],[3.707094211977255,51.05578261816431],[3.707093223830449,51.055787248279096],[3.707092864504343,51.05579182192862],[3.707093223830449,51.055796395577666],[3.707094481471852,51.05580096922629],[3.707096817091571,51.05580548640966],[3.707100410352728,51.055809269550394],[3.707118646152973,51.0558169487605],[3.707105440918308,51.05582948393894],[3.707109752831675,51.05583134727602],[3.707102656140939,51.05583880062342],[3.707116939353955,51.055847383264464],[3.707131671724619,51.05585585297444],[3.707149278704163,51.055865451977226],[3.707158261857004,51.055870082083736],[3.707176497657283,51.05587917290125],[3.707195092783666,51.05588798139352],[3.707215664203665,51.05589729806627],[3.707226982976259,51.055902154028274],[3.707439344709431,51.05598453591076],[3.707449765166728,51.05598809317863],[3.707487674071707,51.05599938609059],[3.707499980991109,51.05600232224723],[3.707510042122267,51.05600452436461],[3.707534476298017,51.05600949324447],[3.707566905479769,51.05601581727257],[3.707637513061095,51.05603145794557],[3.707654401388427,51.056035410461355],[3.707661048921549,51.05603078037138],[3.70768745939088,51.05601248586504],[3.7076913221466,51.05600977556716],[3.707708030810912,51.05599808740583],[3.707708120642421,51.05599814387042],[3.707712252892736,51.05599475599701],[3.707711354577439,51.0559944736742],[3.707714858007053,51.05599136812337],[3.707713780028702,51.05599091640687],[3.707716474974561,51.05598809317863],[3.707715127501648,51.055987584997496],[3.70772527846435,51.05597504986185],[3.707732464986629,51.055965507346414],[3.707736597236944,51.055958900988394],[3.707744592242944,51.055938065545455],[3.707746478705049,51.05592626443673],[3.707748185504101,51.05591282584997],[3.707747107525751,51.055912656455995],[3.707748275335611,51.05590966382897],[3.70774980247161,51.05590972029363],[3.707750341460768,51.05590706645443],[3.707749083819366,51.05590684059577],[3.707752317754416,51.05590096827016],[3.707755461857891,51.05590153291689],[3.707756899162347,51.0558992743299],[3.707758516129855,51.05589933079461],[3.707760222928907,51.05589701574286],[3.707761211075714,51.055897128672235],[3.707763636526977,51.05589481362037],[3.707764714505328,51.05589537826718],[3.707767229788134,51.05589272442716],[3.707768307766451,51.05589317614461],[3.707769475576344,51.055891933921586],[3.707802443747254,51.055906050090435],[3.707805677682272,51.05590746170708],[3.707832088151636,51.05591903696197],[3.70783559158125,51.05592084383076],[3.707853198560793,51.055928692416266],[3.707857510474161,51.0559304992847],[3.707911768717348,51.055956529475026],[3.707943928404503,51.055972170168054],[3.70798614922285,51.0559929491311],[3.707988844168709,51.055999894271544],[3.707990730630813,51.0560054842619],[3.707991539114568,51.05601242940047],[3.707991269619972,51.05601615605978],[3.707990011978569,51.056019769789735],[3.707987856021902,51.056023383519396],[3.707986778043551,51.05602456927438],[3.708034837911265,51.056048905477056],[3.7080413057813,51.05604913133502],[3.708054061858351,51.056050599411826],[3.708065560293965,51.05605280152692],[3.708076519740453,51.05605590707363],[3.708100594590065,51.05606657885988],[3.708141288272413,51.05608713192278],[3.708149822267639,51.05609187493597],[3.708157637610587,51.05609712612862],[3.708169405540831,51.056107459118884],[3.708173268296549,51.05611220213],[3.708175783579323,51.0561172274627],[3.708177131052269,51.05612247865246],[3.708177041220726,51.056127729841634],[3.708175514084759,51.05613292456584],[3.708172549644305,51.05613789343192],[3.708168776720129,51.05614263643991],[3.708156110474621,51.056154832744035],[3.708065200967859,51.05624077142542],[3.708059541581579,51.056245966136935],[3.708054511015966,51.056250539741114],[3.708048492303579,51.05625607323699],[3.708047863482879,51.056256694343624],[3.707995401870287,51.05626985050948],[3.70799558153334,51.05627018929483],[3.707998725636848,51.056276400358875],[3.708001779908813,51.05628266788638],[3.707982555961727,51.056285999274486],[3.707973033819727,51.05628791905738],[3.707962254036291,51.056290008232764],[3.707951204758292,51.056291645694486],[3.70794033514338,51.05629271851419],[3.707929375696891,51.05629333962034],[3.707917697598224,51.05629350901293],[3.707905929667981,51.05629339608457],[3.707893802411665,51.05629300083519],[3.707881764986859,51.056292323264834],[3.707871075034966,51.05629153276612],[3.707860474914617,51.05629023408955],[3.707849695131214,51.05628848369936],[3.707839184842374,51.05628628159548],[3.707827955901322,51.056283853634696],[3.707816996454866,51.056280917495904],[3.707807833638972,51.05627792489268],[3.707799030149184,51.056274593504],[3.707790585985501,51.05627086686548],[3.707758426298346,51.05625788009263],[3.707741897297119,51.0562512173121],[3.707726176779647,51.0562448933161],[3.707539327200544,51.05616335886212],[3.707515342182441,51.05615618788871],[3.707489111376162,51.056150823774054],[3.707463150064446,51.05614805701992],[3.707383918656384,51.05614636308874],[3.707308100846392,51.05614670187496],[3.707308460172532,51.056131908206794],[3.707321306081091,51.0561306095258],[3.707358406502316,51.056127560448445],[3.707368018475859,51.05612660055372],[3.707372869378385,51.05612597944535],[3.707376013481894,51.05612552773011],[3.707382301688876,51.056124172584546],[3.707383289835683,51.05612377733374],[3.707386703433753,51.056122422188075],[3.707389308548102,51.05612033300514],[3.707390027200314,51.056117961500036],[3.707393979787576,51.05609441583574],[3.70738427798249,51.05606437674546],[3.707369994769474,51.05603219198422],[3.707353914925896,51.05600734759186],[3.707344123289301,51.05600373386095],[3.70730450758527,51.055988488430586],[3.707295793927024,51.05598498762731],[3.707232013541838,51.055959013917615],[3.707180989233703,51.05593625867733],[3.70718089940216,51.05593620221266],[3.707164370400933,51.055928410093095],[3.707142361676479,51.05591756888103],[3.70712071227813,51.05590655827241],[3.707099332374378,51.05589520887313],[3.707067891339433,51.05587781774843],[3.707047409750945,51.055865903694944],[3.707027197657053,51.055853763779474],[3.707003571965089,51.055835130414614],[3.706909608186363,51.05575218361778],[3.70679785776504,51.055740834180654],[3.706795701808339,51.05574089064551],[3.706699671904488,51.0557426410564],[3.706669039353298,51.05575246594203],[3.706645503492844,51.05573863205073],[3.706438441819849,51.055687757174034],[3.706382027619995,51.05568228007522],[3.706313755658422,51.055633720201676],[3.706233625935062,51.05559769551835],[3.706141368955388,51.05558724948425],[3.706108490615988,51.05557047935972],[3.706037074550906,51.05554247267355],[3.705887325393028,51.05547290760559],[3.705713411554027,51.05544727239998],[3.705635886945018,51.05541706349408],[3.705557823346815,51.05537403694365],[3.705502936282961,51.0553719477269],[3.705501319315452,51.05537313349856],[3.705420021782233,51.05533959308835],[3.705413014923039,51.05534744177239],[3.705404930085462,51.05534473143558],[3.705401426655849,51.05536014647394],[3.705397833394726,51.055368164550465],[3.705394509628166,51.05537313349856],[3.705392623166094,51.055375843833716],[3.705385706138376,51.055383014927926],[3.705377351806237,51.055389451972204],[3.705367739832695,51.05539515496685],[3.705356600723186,51.05540029330792],[3.705344653129889,51.05540469759983],[3.705332076715925,51.0554083113775],[3.705318961312769,51.0554111346411],[3.705305486583508,51.055413054460224],[3.705291832191193,51.05541412730033],[3.705292101685789,51.05541344971711],[3.705274045548563,51.05540503639151],[3.705190232732571,51.05541045705783],[3.705157354393171,51.05541316739079],[3.705095370638546,51.0554236699294],[3.705095280807037,51.055423500533635],[3.704946789290561,51.05545709734832],[3.704831176113519,51.055455968044],[3.704828391336117,51.05545692795267],[3.704825786221801,51.055458057256914],[3.704823360770538,51.05545935595683],[3.704821114982328,51.05546076758709],[3.70481904885717,51.0554622921477],[3.704817342058118,51.05546392963875],[3.704815814922152,51.05546562359488],[3.704814557280749,51.055467430481364],[3.7048134793024,51.05546929383298],[3.704812760650188,51.05547121364973],[3.704812311492539,51.055473133466364],[3.704812221660996,51.05547510974815],[3.704812311492539,51.055478892915886],[3.704812491155592,51.05548843553161],[3.704813209807837,51.05551695043671],[3.704814018291591,51.0555660186185],[3.704814736943802,51.055609609640854],[3.704815186101452,51.05563236504167],[3.704814287786153,51.05563394606167],[3.704812221660996,51.05563823740134],[3.704811682671838,51.0556490222138],[3.704811952166434,51.05565133727796],[3.704812850481698,51.05565980702379],[3.704817521721171,51.055675730141765],[3.704825786221801,51.05569108860497],[3.704837374488958,51.05570554362454],[3.704852106859623,51.055718812876755],[3.704869624007657,51.05573067050322],[3.704986045668487,51.055774769554034],[3.70510713856879,51.055813673803414],[3.705116301384684,51.055802550240536],[3.705166427377522,51.055817344013924],[3.705159420518328,51.05582858050279],[3.705214397413692,51.05583761486373],[3.705270811613546,51.055840607495355],[3.705327135981856,51.0558375019342],[3.705390557040937,51.05583179899407],[3.705438527077107,51.05582231291387],[3.705447510229948,51.05584015577738],[3.705447869556054,51.055846536293394],[3.705449396692019,51.055854949538805],[3.705452540795527,51.05586319338849],[3.705457571361106,51.055871267842605],[3.70546439855728,51.05587917290125],[3.705472842720963,51.05588707795851],[3.705482724189069,51.05589498301441],[3.70549395313012,51.055903000998335],[3.705506170217979,51.0559112448395],[3.705547672384114,51.05593800908079],[3.705622322384213,51.055986681564434],[3.705650170158034,51.05600429850642],[3.705663105898137,51.0560121470778],[3.705675592480592,51.05601931807351],[3.705687809568451,51.05602598088741],[3.705700206319362,51.05603207905523],[3.705712962396379,51.056037725506194],[3.70572643712564,51.05604297670497],[3.705740900001742,51.0560479455807],[3.705756620519215,51.05605263213344],[3.705773868172653,51.056057092827785],[3.705792642962089,51.05606132766378],[3.705812855055982,51.05606533664151],[3.705834324791278,51.056069063296526],[3.705857052167977,51.05607256409344],[3.705880947354536,51.05607583903221],[3.705905830687902,51.056078775184005],[3.705931612336566,51.056081372548924],[3.705958292300493,51.05608368759146],[3.705985511253612,51.056085720311614],[3.706013179364347,51.05608752717391],[3.706055130688132,51.056089842216096],[3.706114329665354,51.056092608973714],[3.706173528642577,51.05609520633785],[3.706220510531906,51.056097521379655],[3.706242609087904,51.05609882006163],[3.706263899160147,51.0561002316724],[3.706284470580145,51.056101812676424],[3.706304323347932,51.056103619538085],[3.706323457463474,51.05610570872178],[3.706342052589858,51.0561080237631],[3.706360108727084,51.05611067759079],[3.706377625875117,51.05611367020481],[3.706394604033993,51.05611694514067],[3.706411133035219,51.05612061532715],[3.706427212878797,51.05612462429974],[3.706442843564726,51.05612902852276],[3.706458114924582,51.05613377153166],[3.706472937126758,51.05613896625518],[3.706487400002827,51.056144443299985],[3.706501323889737,51.05615008973725],[3.706514798618999,51.05615590556692],[3.706527824190612,51.056161664931516],[3.706563217812818,51.05617798312722],[3.706583968895869,51.05618713034865],[3.706593760532464,51.05619108285114],[3.70660355216906,51.056194753031775],[3.70661523026776,51.05619853614067],[3.7066235845999,51.05620090764165],[3.706634274551793,51.05620350499972],[3.706645683155897,51.056205820036105],[3.706657990075299,51.056207796286614],[3.706675507223333,51.056209941929936],[3.706689071784105,51.056217056430704],[3.706708475394243,51.05622665535861],[3.706720333155996,51.05623230178585],[3.706736412999607,51.056239529211716],[3.706753121663886,51.05624670017218],[3.706768033697604,51.05625274184669],[3.706788605117603,51.0562608726971],[3.706807559570092,51.05626798719009],[3.706833970039457,51.05627764257164],[3.706858583878228,51.05629198447968],[3.706906374251345,51.05630333378171],[3.706931437247764,51.05631332794093],[3.706860470340332,51.05639260356796],[3.706775310051393,51.05647481518595],[3.706742880869642,51.05650316009185],[3.706710541519401,51.0565184053528],[3.706661493504912,51.05652055098167],[3.706616398077621,51.056505983288694],[3.706565643264081,51.056490286312034],[3.706491352590089,51.05647735606468],[3.706441406260303,51.056472330771065],[3.706414007644131,51.05647159673935],[3.706402509208484,51.05647385529842],[3.706398107463606,51.056515582156706],[3.706398915947361,51.05651400116681],[3.706494856019702,51.05652365649707],[3.70650258153114,51.056524616383555],[3.706553336344679,51.05653686905096],[3.706601575875446,51.05655262247569],[3.706625291398952,51.05656267304495],[3.706637598318354,51.05657554680464],[3.706644156019898,51.056589945084234],[3.706644335682985,51.05660496446136],[3.706638227139022,51.056619475659424],[3.706621518474743,51.05663596308517],[3.706596994467482,51.056647876940524],[3.706582172265308,51.056651716476196],[3.706571212818852,51.05665290221509],[3.706557648258047,51.056652506968796],[3.706544622686434,51.056650191954695],[3.70652944115812,51.056644376187116],[3.706517673227911,51.056635906621366],[3.706511834178577,51.056628453402226],[3.706499976416824,51.056604738606104],[3.706490274611738,51.0565941798715],[3.706478237186932,51.056584693947485],[3.706448233456444,51.056569561636096],[3.706412660171185,51.05656058388188],[3.706399993925677,51.05655917228514],[3.706316360772738,51.05655330004226],[3.70623685987008,51.056549629890036],[3.706102112577462,51.05654844414854],[3.706043362757889,51.05654223312093],[3.705968982252353,51.056531730836014],[3.705877533756432,51.05651117797046],[3.705875287968222,51.05651801010536],[3.705869987908047,51.056526762012204],[3.705868370940538,51.056529415815874],[3.705858669135485,51.056539918101315],[3.705849685982644,51.05654675023198],[3.70584663171068,51.056549065251254],[3.705830641698611,51.056555953844416],[3.705818065284647,51.056561713159205],[3.705806207522894,51.05656662551543],[3.705792103972931,51.05657006981083],[3.7057736885096,51.056572667148195],[3.70575473405711,51.05657317532286],[3.705735689773078,51.0565717637265],[3.705719969255606,51.05656888406982],[3.705704967390378,51.05656470574409],[3.705691133334978,51.05655905935739],[3.705679006078662,51.05655250954796],[3.705668495789821,51.0565450563154],[3.705659602468524,51.05653664319537],[3.705652865103892,51.05652755250693],[3.705648104032877,51.0565179536414],[3.705645409087017,51.056508185382114],[3.705645319255507,51.056497118450025],[3.705648193864419,51.056485882123376],[3.705653044766945,51.05647560568156],[3.705654122745296,51.056474194082234],[3.705658524490173,51.05646815243662],[3.705665351686347,51.056461150902436],[3.705671909387925,51.056456069143024],[3.70567613146975,51.05645279423115],[3.705688707883715,51.056445679766604],[3.70570290126522,51.056439751045325],[3.705718352288097,51.0564352903878],[3.705735689773078,51.056430999121986],[3.705752667931953,51.05642953105729],[3.705762639231601,51.05642755481624],[3.705772071542091,51.05642478807864],[3.705780964863389,51.056421287308396],[3.705760752769497,51.05641078499604],[3.705753296752655,51.0564069454404],[3.705718711614202,51.056388989867116],[3.705704158906624,51.05639875815154],[3.705678287426417,51.05638334345898],[3.705692660470977,51.05637374456356],[3.705663465224243,51.05635437737441],[3.705634359809018,51.05633512310547],[3.705612710410704,51.05632236220723],[3.705599056018355,51.05633162232841],[3.705551085982184,51.056306100526584],[3.705563392901587,51.05629571111646],[3.705526112817309,51.056278150749534],[3.705499702347943,51.056265728621014],[3.705497007402085,51.05626448640795],[3.705474998677631,51.0562556779873],[3.705426938809917,51.05623653660583],[3.705417147173321,51.05624737774322],[3.705366122865185,51.05622902685815],[3.705375375512622,51.0562188068236],[3.705332166547469,51.05620570710752],[3.705323812215329,51.05620344853543],[3.705289855897579,51.056194188388616],[3.705280513418631,51.056205650643236],[3.705193915825237,51.05618238734517],[3.705200473526816,51.05616985226226],[3.7051846631778,51.05616556097184],[3.705159690012891,51.05615878524929],[3.705157264561628,51.05616222957503],[3.705150167870891,51.056171941442955],[3.705113696270368,51.05616160846713],[3.705122859086262,51.056148791056756],[3.705069409326864,51.056134223246765],[3.70503644115592,51.05612524540813],[3.705002754332766,51.056116098174535],[3.704964845427787,51.05610813669192],[3.704925499218351,51.0561039018602],[3.704906095608214,51.05610322428709],[3.704868995186955,51.05610452296887],[3.704840069434817,51.0561067815458],[3.704814916606855,51.056110169411006],[3.704740086943704,51.05610011874352],[3.704736853008686,51.05606426381654],[3.704733080084477,51.05605291445587],[3.704728947834162,51.05603755611266],[3.704725803730688,51.05602264948056],[3.704723378279425,51.056008251024565],[3.704718347713812,51.05596957279701],[3.704713586642796,51.05593891251486],[3.704712418832936,51.05593010403223],[3.704711700180725,51.05592180372979],[3.704711610349182,51.05591384221381],[3.704712418832936,51.055906163019785],[3.704714035800444,51.05589854028916],[3.704716820577847,51.055890974021935],[3.704719156197567,51.05588611805876],[3.704781678941349,51.05580740621247],[3.704809706378223,51.055782109980925],[3.704831176113519,51.05575444221188],[3.704833242238644,51.05574789228865],[3.704833601564782,51.055741285899586],[3.70483234392338,51.05573473597445],[3.704829379482924,51.05572835544308],[3.704824887906503,51.05572231370015],[3.704818689531065,51.05571661074584],[3.704813209807837,51.05571282759752],[3.704806921600821,51.055709552633076],[3.704795153670611,51.05569763853625],[3.704786350180823,51.055684764532515],[3.704780780626052,51.055671212945704],[3.704778534837841,51.055657266100184],[3.704779792479245,51.05564247227565],[3.704781409446753,51.055636543451534],[3.704782936582752,51.05563281676166],[3.704785451865526,51.05562790430641],[3.70478617051777,51.05562666207628],[3.704785990854717,51.055619547484746],[3.704785990854717,51.055618418184444],[3.704785990854717,51.055610343686226],[3.704785901023174,51.05557697284299],[3.704785901023174,51.05557584354165],[3.704785362034015,51.05557070522002],[3.704785362034015,51.055567938431224],[3.704785451865526,51.05556658326933],[3.704785631528612,51.05556522810736],[3.704785541697068,51.05556257424842],[3.704785362034015,51.05555992038932],[3.704785541697068,51.05555743592531],[3.70477449241907,51.05556263071349],[3.704763353309561,51.05556839015188],[3.704751405716265,51.055575617681335],[3.704745476835388,51.0555796831662],[3.704739907280652,51.05558408744102],[3.704734786883529,51.05558877404074],[3.704730025812512,51.0555936300351],[3.704725624067635,51.05559871188912],[3.70472149181732,51.055603850207596],[3.704706220457497,51.055624177615854],[3.704702357701744,51.055628920676504],[3.704698405114515,51.05563338141166],[3.704694093201148,51.055637672751395],[3.704689421961674,51.055641681765806],[3.704684391396062,51.05564546491994],[3.704678911672834,51.05564896574883],[3.704672803128904,51.05565224071756],[3.704666065764274,51.05565523336122],[3.704658609747432,51.05565794367985],[3.704650524909855,51.05566037167347],[3.704648189290134,51.05566099278809],[3.704642080746205,51.055662573807105],[3.70463345691947,51.05566443715086],[3.704624743261224,51.05566601816976],[3.704616209265998,51.05566731686379],[3.704607944765402,51.055668276768074],[3.704600129422421,51.05566895434754],[3.704592942900141,51.05566929313729],[3.704586295367053,51.055669406067175],[3.704580186823125,51.05566918020736],[3.704574527436844,51.05566867202277],[3.704569227376668,51.05566788151338],[3.704564106979546,51.05566686514413],[3.704560962876039,51.05566601816976],[3.704554495006003,51.05566409836107],[3.70454982376653,51.05566240441221],[3.704535630385024,51.055656588520556],[3.704525569253832,51.05565297476227],[3.704520089530604,51.05565139374292],[3.704514430144324,51.055650151513404],[3.704508411431904,51.055649191608744],[3.704502033393412,51.05564857049397],[3.704495475691834,51.0556481752391],[3.704488828158713,51.05564811877414],[3.704482000962573,51.05564823170407],[3.704475173766399,51.05564857049397],[3.704461699037137,51.05564964332858],[3.704435827556964,51.0556524101125],[3.704429269855385,51.0556528618323],[3.704422442659244,51.0556531441572],[3.704415435800017,51.055653087692235],[3.704408069614686,51.05565274890237],[3.704400344103248,51.055652014857664],[3.704392349097213,51.05565094202311],[3.704384084596584,51.05564958686361],[3.704367196269251,51.05564631189469],[3.704334138266799,51.05563919730623],[3.704319316064624,51.05563569647656],[3.70431248886845,51.055633663736636],[3.704306110829924,51.05563134867165],[3.704300361612101,51.05562863835146],[3.704295241215012,51.05562541984605],[3.704290749638592,51.055621580225285],[3.704286976714382,51.05561706302399],[3.704283922442417,51.05561198117199],[3.70428176648575,51.05560639113413],[3.704280329181295,51.05560051877041],[3.704279790192102,51.05559436408068],[3.704280059686698,51.05558815292515],[3.704281227496559,51.05558194176874],[3.704283293621716,51.05557584354165],[3.704286258062171,51.055569971174016],[3.704290030986347,51.05556432466601],[3.704294342899714,51.0555588475526],[3.704299103970731,51.05555348336875],[3.704314285499011,51.055537842534285],[3.704318417749326,51.05553326885967],[3.704314734656661,51.055532252487474],[3.704310782069398,51.05553089732454],[3.704307098976732,51.055529259835915],[3.704304493862416,51.05552773527746],[3.704302337905749,51.05552609778872],[3.70430072093824,51.05552434736965],[3.704299732791432,51.055522427555125],[3.704299193802241,51.05552045127537],[3.704299283633784,51.05551791034412],[3.704299912454485,51.05551531294759],[3.704303595547152,51.05550577033741],[3.704304853188521,51.05550130958996],[3.704305571840766,51.05549651005108],[3.704306559987573,51.05548566873789],[3.704307637965923,51.055479514032946],[3.704309344764942,51.05547431923545],[3.704311590553152,51.055469745554554],[3.704313477015257,51.05546686582934],[3.704315722803467,51.05546415549956],[3.704318417749326,51.05546155810002],[3.704320933032133,51.05545941242202],[3.70432425679866,51.05545709734832],[3.704327490733711,51.055455290461424],[3.704330814500238,51.05545365297012],[3.704334497592904,51.05545229780484],[3.704338270517114,51.05545116850042],[3.704341504452131,51.05545043445256],[3.704344828218692,51.05544998273075],[3.704348960468973,51.05544964393944],[3.704354530023744,51.05544958747418],[3.704362345366726,51.055449813335116],[3.704367825089953,51.05545082970912],[3.704367914921496,51.05545077324386],[3.704367825089953,51.05545066031344],[3.70437492178069,51.055444562069056],[3.704379862514759,51.05543953666336],[3.704383455775881,51.05543473711807],[3.704384803248828,51.05543247850836],[3.704385701564092,51.05543027636378],[3.704386420216337,51.05542717077507],[3.704386150721741,51.05542361346416],[3.704384623585775,51.05541864452143],[3.704382018471459,51.05541169929381],[3.704375101443742,51.055408650169106],[3.704366836943146,51.05540356829424],[3.704359201263217,51.05539803469653],[3.704357853790305,51.055396848925504],[3.704355787665147,51.05539504203626],[3.704352374067077,51.05539210584107],[3.7043464451862,51.05538583819307],[3.704341324789078,51.0553792882177],[3.704337102707254,51.055372455914785],[3.704333868772203,51.05536545421488],[3.704330904331781,51.05535094262381],[3.704327850059816,51.055345013762356],[3.70432425679866,51.05533789912761],[3.704317788928624,51.055324008647055],[3.704298744644592,51.0552801914941],[3.704292186943048,51.055265566945444],[3.704285090252277,51.05525128118494],[3.704277544403892,51.05523750360938],[3.704269279903296,51.055224460081185],[3.704260296750455,51.055212376463054],[3.704250684776912,51.05520102689362],[3.704240533814211,51.055190467838976],[3.70423002352537,51.05518052990295],[3.704219333573477,51.05517104368933],[3.704167410950078,51.05512756518538],[3.704162560047518,51.05512389492015],[3.704161122743062,51.05512276560775],[3.704156361672079,51.055119095342185],[3.704150163296606,51.05511486042001],[3.704143964921168,51.05511056903178],[3.704136778398889,51.0551062776432],[3.704129591876609,51.055102042719845],[3.704121057881416,51.05509769486479],[3.704112613717733,51.05509340347501],[3.704102552586541,51.05508905561918],[3.704092491455384,51.05508470776291],[3.704080004872929,51.05508075516594],[3.704068416605772,51.05507595558351],[3.704059074126792,51.055072962902415],[3.704052426593704,51.05507059134367],[3.704049911310897,51.05506985728974],[3.704040568831951,51.05506686460829],[3.704030148374653,51.05506387192661],[3.704024938146022,51.055062403818525],[3.70401263122662,51.055058902945284],[3.704009307460059,51.055057943028366],[3.703998258182061,51.055055063277536],[3.703987119072552,51.05505223999223],[3.703976069794554,51.05504936024104],[3.703964661190449,51.05504664988679],[3.703953252586345,51.05504388306671],[3.703941843982241,51.055041172712144],[3.703937532068873,51.05504021279486],[3.703912109746315,51.05503462268801],[3.703907977496,51.05503371923631],[3.703875548314249,51.05502711274536],[3.703857043019408,51.055023724800954],[3.70382434434306,51.055020110993276],[3.703784369312924,51.05501627132231],[3.703768558963909,51.05501525493877],[3.703753557098681,51.05501519847298],[3.703735231466894,51.05501576313053],[3.703710797291143,51.05501915107555],[3.703675224005884,51.05502931490911],[3.7036587848362,51.05503400156499],[3.703650969493219,51.05503688131713],[3.703642345666483,51.0550404951235],[3.703623570877046,51.05504873911822],[3.703592399336698,51.05506200855869],[3.703570570275297,51.05507172065738],[3.703553771779474,51.05508030344056],[3.703504813596497,51.055104357811345],[3.703493674486988,51.055110060841066],[3.703492866003234,51.05511045610053],[3.703475169192114,51.055096283223456],[3.703473552224605,51.0550971302083],[3.703446153608433,51.055104866002125],[3.70344372815717,51.0551054871242],[3.70341192779612,51.05511085135999],[3.703379408782825,51.05511339231353],[3.703346620274968,51.055112884122856],[3.703343296508408,51.05511260179466],[3.703317604691288,51.05510943971906],[3.703314011430165,51.05510921385651],[3.703309250359148,51.05510763281859],[3.703310148674445,51.05510797161241],[3.703284636520378,51.055102494445016],[3.703280504270063,51.055101365132096],[3.703278527976415,51.055100631078645],[3.703259304029363,51.05509255649015],[3.703199386399896,51.05505653138582],[3.703193277855966,51.05505173180088],[3.703182048914915,51.055040438657784],[3.703174233571934,51.05503258992171],[3.703172706435969,51.05503067008677],[3.703158423222952,51.05500949543159],[3.70314881124941,51.05498634446417],[3.703144768830637,51.054963588745885],[3.703141714558673,51.054944333898625],[3.703140636580323,51.05492609542889],[3.703143062031585,51.05489870947783],[3.703150068890813,51.05487098471498],[3.703159770695865,51.05484399399307],[3.703160938505725,51.05484184828649],[3.703176299697092,51.05481666445948],[3.703193637182072,51.054793908657814],[3.703196960948633,51.05478995603602],[3.703219688325332,51.05476759548367],[3.703248164919821,51.05474489612396],[3.703279516123255,51.05472496359246],[3.703283109384379,51.054722987278666],[3.703306465581779,51.05471225871664],[3.703310418169008,51.054710734131326],[3.703338715100478,51.054701643084414],[3.703367820515669,51.05469543180909],[3.703372132429037,51.05469475421534],[3.703401776833419,51.05469159211121],[3.703405370094542,51.05469142271276],[3.703436811129486,51.0546912533143],[3.703469419974291,51.05469413308776],[3.703499783030917,51.05469983616804],[3.703506700058602,51.05470147368601],[3.703507867868461,51.05470209481349],[3.703531224065862,51.0547097742072],[3.703534098674774,51.054710847063554],[3.703558173524386,51.05472214028702],[3.70356131762786,51.05472383427033],[3.703582877194699,51.05473749906652],[3.703602280804837,51.054753761298095],[3.703617192838554,51.05477075758262],[3.703618809806064,51.05477307269067],[3.70362923026336,51.05479063362838],[3.703638932068413,51.05481209071363],[3.70364602875915,51.054834451244545],[3.703650430504061,51.05485827987923],[3.703651508482411,51.05487984986498],[3.703648903368062,51.05490830867898],[3.703641537182729,51.054937049804764],[3.703630128578624,51.05496387107499],[3.703613599577398,51.054991031124395],[3.703592758662804,51.055016835979835],[3.70355287346421,51.05505517620896],[3.703551076833649,51.055056700782934],[3.703542093680807,51.05506302494122],[3.703553053127263,51.055057547768456],[3.703572007579753,51.055048513255365],[3.703584224667611,51.05504292314948],[3.703606323223609,51.05503383216779],[3.703627792958905,51.0550258704991],[3.703697592056477,51.05500283247142],[3.703726248314053,51.05499600011296],[3.703783470997626,51.054962685292836],[3.703796316906187,51.05495438481698],[3.703821559565692,51.054937219202316],[3.703844107279305,51.05492135229624],[3.703860097291372,51.054909381530784],[3.703868900781161,51.05490243622674],[3.703889292538106,51.054885835251945],[3.703913636882314,51.054855625979776],[3.703926662453927,51.05483439477858],[3.703974273163992,51.05478775386093],[3.704005354872797,51.05475884324428],[3.704028351744092,51.05474461379355],[3.704017931286795,51.05474032237102],[3.704014248194129,51.05473879778663],[3.704007061671849,51.05473586154984],[3.703992958121886,51.05474946987645],[3.703838268229971,51.05468555023301],[3.703687530925285,51.05462321155584],[3.703681961370514,51.054620896440284],[3.703605604571364,51.05458933180479],[3.703492057519479,51.05454252124131],[3.703492147350989,51.05454240830863],[3.703435643319626,51.054519426506765],[3.703420910948961,51.05451344107246],[3.703433397531416,51.05450152666792],[3.703426031346083,51.05447910950985],[3.703421180443557,51.05446420237605],[3.703362071297844,51.05447193827565],[3.703349674546933,51.0544838526878],[3.703338625268935,51.05447922244268],[3.703317245365181,51.05447035721598],[3.703316436881428,51.054470074883874],[3.703305297771886,51.05446657396584],[3.703302243499921,51.0544652752381],[3.703283019552835,51.054457200538806],[3.703271790611784,51.054452626757495],[3.703216274727228,51.05442958844462],[3.703205045786177,51.05442501466053],[3.703193906676668,51.05442044087601],[3.703186091333687,51.05442795091701],[3.7029944806836,51.054348276660434],[3.702860991032386,51.054348728392995],[3.702818590550952,51.054321455033644],[3.702809427735059,51.0543184058372],[3.702781579961271,51.054306830182206],[3.702770620514782,51.054301578786536],[3.702759571236784,51.054297117923085],[3.702747264317415,51.05429124539333],[3.702709175749349,51.054275604132535],[3.702669110887669,51.05426126159995],[3.702636502042866,51.054250871731035],[3.702626081585568,51.054247596663195],[3.702614583149954,51.054244321595114],[3.702603354208903,51.054241498260374],[3.702580806495257,51.054235343390026],[3.702537956856208,51.054224840581874],[3.702509300598633,51.05421868570936],[3.702470852704495,51.054207731163494],[3.702342932608018,51.05417051956841],[3.702249417986939,51.05413556661649],[3.702153837240704,51.05408452057786],[3.702143865941055,51.05407881742184],[3.702135421777373,51.054072662529904],[3.702083049996324,51.05403584609486],[3.702062388744783,51.05401292050856],[3.702040739346435,51.05397943558012],[3.702035798612366,51.053980621387446],[3.702032834171944,51.05397672516328],[3.702029600236927,51.05397265953772],[3.70202600697577,51.053968650378806],[3.702022234051594,51.05396475415364],[3.702018191632822,51.05396091439517],[3.702014059382507,51.05395713110341],[3.702007232186333,51.05395114559642],[3.702000135495596,51.05394527302279],[3.701992679478754,51.05393962631668],[3.701984864135773,51.05393414901108],[3.701976599635143,51.05392895404022],[3.701973186037073,51.053927034159564],[3.70196968260746,51.053925114278776],[3.701966089346336,51.05392325086503],[3.70196240625367,51.053921500385364],[3.701958633329461,51.05391986283983],[3.701942733148936,51.05391336912417],[3.701854249093471,51.05387689136535],[3.701685725146155,51.05380675912293],[3.701675753846506,51.053802862884126],[3.70167090294398,51.053799644251825],[3.701666501199069,51.0537963126848],[3.701663267264052,51.05379230351063],[3.701661560465,51.05379010128808],[3.701660033329034,51.05378778613089],[3.701658775687631,51.05378541450632],[3.701657697709281,51.05378304288167],[3.701656889225526,51.05378055832233],[3.701656350236368,51.05377773495932],[3.701656080741772,51.05377485512887],[3.701656170573315,51.053772031765504],[3.701656619730964,51.053769151934716],[3.701657518046228,51.05376638503826],[3.701658326529982,51.0537645780854],[3.70165922484528,51.05376282759974],[3.70166039265514,51.05376113358131],[3.701661650296543,51.053759496030096],[3.701663087600999,51.053757858478825],[3.701670274123278,51.05375029186183],[3.701685814977698,51.05373515862416],[3.701743396987411,51.05367874774313],[3.70181310625344,51.05361030922466],[3.701851194821506,51.05362103804199],[3.701970670754267,51.05365469263184],[3.701991781163457,51.053661016981536],[3.702024210345208,51.053670672906684],[3.702123114858004,51.053704609797244],[3.70212464199397,51.0537052309381],[3.702133804809864,51.05370844957696],[3.702142787962706,51.053711724682934],[3.702153118588493,51.053715451527374],[3.702163359382737,51.05371917837156],[3.702173600176948,51.05372296168276],[3.70218357147663,51.05372685792826],[3.702194980080733,51.05373109297738],[3.702217976951995,51.05373995834561],[3.70222929572459,51.05374436279544],[3.702240704328694,51.05374888017942],[3.702252023101255,51.053753454030286],[3.70226118591715,51.053757180871365],[3.702270258901533,51.05376090771219],[3.702279331885918,51.053764634552664],[3.702288404870269,51.05376841786015],[3.702292626952093,51.053765425094554],[3.702383985616505,51.05369992300682],[3.702390992475732,51.05370280284196],[3.702431237000464,51.0537192913062],[3.702761727193483,51.05385554678107],[3.702875723403017,51.0539024145061],[3.70301343513609,51.05395916391693],[3.70320962719414,51.05404025051655],[3.703303411309814,51.054079156223224],[3.703315897892236,51.05408898146184],[3.703326767507181,51.05409897609894],[3.703327935317042,51.05410061363814],[3.703387673283455,51.05412512025255],[3.703439865401451,51.05414652117937],[3.70344372815717,51.054148102250096],[3.703446962092187,51.054149683320766],[3.7034498367011,51.05415154672541],[3.703466186039273,51.05416108961465],[3.703479301442429,51.05417068896877],[3.703485769312464,51.05417594037928],[3.703501130503831,51.05418853246871],[3.703512628939478,51.054197567149615],[3.703524127375125,51.05420564189417],[3.703533380022529,51.0542115709015],[3.703584853488313,51.05423686799102],[3.703639471057605,51.05425934173302],[3.703660132309113,51.05426724706685],[3.703690764860303,51.0542798955981],[3.703712504090195,51.05428876086126],[3.70371169560644,51.0542895513942],[3.70377637430689,51.05431620363964],[3.703812576412851,51.05433144962061],[3.703859648133724,51.05435047885647],[3.703871236400881,51.05435460091545],[3.703895490913579,51.05436199803402],[3.703921272562209,51.0543682658206],[3.703946425390171,51.054373686608315],[3.703969601924519,51.05437922032847],[3.703985681768097,51.05438356825095],[3.703992958121886,51.05438554457923],[3.704004097231428,51.054388876103864],[3.704017571960689,51.05439294169289],[3.704027453428795,51.05439655554952],[3.704009037965463,51.05441863394866],[3.704004276894481,51.05442157020557],[3.703999605655008,51.054425127593454],[3.703997449698306,51.05442710391996],[3.703993497111078,51.054431395371495],[3.703991969975078,51.05443365403008],[3.703990891996729,51.0544360256214],[3.703990173344518,51.054438397212635],[3.703990083512974,51.05444088173668],[3.703990622502165,51.05444330979412],[3.703991880143536,51.05444579431786],[3.70399376660564,51.054448335307896],[3.703996371719956,51.05445087629783],[3.703999515823464,51.05445353022049],[3.704007420997955,51.054459063931105],[3.704022872020865,51.05446832442492],[3.704041377315705,51.0544787707114],[3.704068686100334,51.0544937907733],[3.704089347351876,51.05450508404971],[3.704102642418085,51.05451208587971],[3.704115218832049,51.054518240713236],[3.704126627436153,51.05452320975259],[3.704131927496328,51.05452524254124],[3.704136958061941,51.054526880065374],[3.704141808964467,51.054528235257735],[3.704146480203941,51.05452919518559],[3.704150971780361,51.054529872781764],[3.704155373525272,51.054530155113476],[3.70415968543864,51.05453009864714],[3.704163997351974,51.05452970338272],[3.704168219433832,51.054529025786586],[3.704172351684114,51.05452800939235],[3.704176483934428,51.054526767132664],[3.704180526353201,51.05452529900759],[3.704188431527725,51.054521854560086],[3.704195887544567,51.05451784544872],[3.704202804572251,51.05451349753885],[3.704205858844215,51.05451123888417],[3.704208643621618,51.054508867296704],[3.704210979241338,51.05450649570907],[3.704212955534986,51.05450412412131],[3.704214303007898,51.05450169606707],[3.704224274307546,51.0544804647036],[3.704232628639686,51.05448379622137],[3.704242779602421,51.05448820060045],[3.704269369734805,51.05449921154633],[3.704277364740839,51.054491532117694],[3.704354889349849,51.054523379151654],[3.704338629843219,51.05452648480093],[3.704331173826377,51.05452863052217],[3.704299822622942,51.05454624801889],[3.704293264921365,51.054553249842655],[3.704288773344944,51.05455900940655],[3.704284820757715,51.05456493836868],[3.704281407159611,51.05457103672891],[3.704279251202944,51.05457651395916],[3.704278352887647,51.05458216058762],[3.704278352887647,51.0545900658663],[3.704278802045295,51.05459503489794],[3.704280419012804,51.05460457769581],[3.704282215643365,51.05461112778081],[3.704283113958663,51.05461299116688],[3.704288683513434,51.05462275982595],[3.704288863176487,51.05462298569092],[3.704290030986347,51.0546246232116],[3.704232898134283,51.05466973970686],[3.70422885571551,51.054669175045156],[3.704215111491652,51.05466849745101],[3.704201277436285,51.05466889271424],[3.704187712875481,51.054670473767125],[3.704174687303867,51.05467318414336],[3.704167051623939,51.05467544279015],[3.704162200721412,51.054676910910466],[3.704159236280991,51.05467815316609],[3.704171992358008,51.054690519254365],[3.704145851383239,51.054705821578224],[3.704127795246047,51.05469859391297],[3.704107223826016,51.05473066666891],[3.704100666124471,51.054739983574514],[3.704093479602191,51.05474924401214],[3.704079016726122,51.054765449773505],[3.704083508302543,51.05476731315336],[3.704090694824788,51.05477024938816],[3.704076411611772,51.05478397063672],[3.704098330504717,51.05479306166747],[3.704120249397661,51.05480209623043],[3.704131208844117,51.05480666997723],[3.704142168290573,51.054811187257634],[3.704153217568571,51.054815704537546],[3.70416417701506,51.05482027828303],[3.704175136461516,51.05482479556206],[3.704175316124569,51.05482485202807],[3.704186095907971,51.05482931284068],[3.704188701022288,51.054830385694274],[3.704196426533759,51.05483360425494],[3.704197055354427,51.05483383011884],[3.704209002947723,51.05483879912431],[3.704256703489298,51.054858505743],[3.704268561251051,51.054863418279915],[3.704271974849155,51.05486482992834],[3.704280329181295,51.05486827435033],[3.704292097111504,51.054873130420255],[3.70429847515003,51.0548757843187],[3.704303865041714,51.05487798648966],[3.704315543140414,51.054882842558555],[3.704327311070625,51.05488769862695],[3.704328658543571,51.05488826328603],[3.704339079000868,51.05489255469483],[3.704350846931078,51.05489746722812],[3.704362614861321,51.05490232329498],[3.704374382791531,51.0549072358272],[3.704386150721741,51.05491209189303],[3.704397918651985,51.05491694795836],[3.704409686582194,51.05492180402317],[3.704421454512404,51.05492666008747],[3.704433222442648,51.054931516151264],[3.704444900541348,51.05493625928287],[3.704456398976962,51.05494134120903],[3.704468166907205,51.05494619727128],[3.704479934837416,51.0549509404014],[3.704491702767625,51.05495579646263],[3.704503470697869,51.05496065252338],[3.704515238628078,51.05496550858361],[3.704527006558288,51.05497036464333],[3.704538684656988,51.05497522070254],[3.704550452587232,51.05498007676125],[3.704562220517442,51.05498493281944],[3.704573898616142,51.05498978887711],[3.704585666546352,51.05499464493429],[3.704597434476562,51.054999500991],[3.704609202406806,51.05500435704715],[3.704620880505506,51.05500921310279],[3.704632648435715,51.05501406915794],[3.704644416365925,51.055018925212565],[3.704656184296169,51.05502378126669],[3.704667862394836,51.05502863732029],[3.704679630325079,51.055033493373394],[3.704691398255289,51.055038349425985],[3.704703166185532,51.055043205478064],[3.704714844284199,51.05504806152964],[3.704726612214443,51.055052917580696],[3.704738380144653,51.0550577736313],[3.704750148074862,51.05506262968134],[3.704761826173562,51.05506748573088],[3.704773594103806,51.055072341779905],[3.704785362034015,51.05507719782842],[3.704797129964226,51.055082053876426],[3.704808808062926,51.05508690992393],[3.704820575993136,51.05509176597092],[3.70483234392338,51.055096622017395],[3.704844111853589,51.05510147806337],[3.70485578995229,51.05510633410883],[3.704867557882499,51.05511119015378],[3.704879325812743,51.05511604619822],[3.704891093742952,51.0551209022422],[3.704902771841653,51.05512575828562],[3.704914539771863,51.05513061432854],[3.704926307702106,51.055135470370935],[3.704938075632316,51.05514032641285],[3.704949753731016,51.05514518245423],[3.704961521661226,51.0551500384951],[3.704973289591436,51.05515489453547],[3.70498505752168,51.05515975057533],[3.70499673562038,51.05516460661469],[3.705006617088485,51.05516867213561],[3.70500850355059,51.055169462653524],[3.705016588388133,51.055172794121766],[3.7050202714808,51.05517431869186],[3.705032039411043,51.055179174729716],[3.70504371750971,51.05518403076704],[3.705055665103006,51.05518894326937],[3.705103365644581,51.055208649739086],[3.705115313237877,51.0552136187043],[3.705125284537525,51.05521768422092],[3.705126452347385,51.05521819241049],[3.705127350662683,51.05521858766903],[3.705137591456927,51.05522282258172],[3.705148730566436,51.05522739628701],[3.705159869675978,51.05523202645732],[3.705171008785485,51.05523660016164],[3.705182147894994,51.05524123033103],[3.705193197172993,51.0552458040345],[3.705195981950395,51.05524693334394],[3.705204336282534,51.05525043420296],[3.705215475392043,51.055255007905515],[3.705226614501585,51.05525963807306],[3.705233351866215,51.055262404880246],[3.705237753611093,51.05526421177467],[3.705248892720635,51.0552688419413],[3.705254462275372,51.05527110055898],[3.705254641938425,51.05527121348989],[3.705260031830143,51.05527341564203],[3.705261918292248,51.05527420615816],[3.705272698075651,51.055269971250176],[3.70528446600586,51.05526703504706],[3.705296952588315,51.05526551048001],[3.705309618833823,51.05526551048001],[3.705321835921681,51.05526567987632],[3.70533396317803,51.055264889360075],[3.705345910771293,51.055263138931124],[3.705357319375397,51.05526042858939],[3.705369446631746,51.05525788764391],[3.705382112877253,51.05525692773111],[3.705394868954305,51.05525766178208],[3.70540699621062,51.05526003333121],[3.705418225151671,51.055263872982],[3.705427926956757,51.05526906780306],[3.705435832131248,51.055275448397765],[3.705436371120407,51.05527307684939],[3.705439335560861,51.05526443763646],[3.705441671180581,51.05525986393488],[3.705443647474229,51.05525608074924],[3.705449037365914,51.05524794972239],[3.705455505235982,51.055240157486956],[3.705468081649946,51.055226662235555]]],"type":"Polygon"},{"coordinates":[[[3.665240624911777,51.08091506041479],[3.665857138691292,51.08046640662713],[3.666300277620933,51.080694740909806],[3.666060517271589,51.080876290127165],[3.666314201507843,51.081018899162],[3.66600706751219,51.08126190349304],[3.665677295971382,51.08109062676919],[3.665627619136193,51.08112674448364],[3.66550428044768,51.08106319986088],[3.665240624911777,51.08091506041479]]],"type":"Polygon"},{"coordinates":[[[3.669377187132095,51.02147612408346],[3.669451208311524,51.02142786738696],[3.669571762222636,51.02149917878728],[3.669490105363311,51.02154127619473],[3.669377187132095,51.02147612408346]]],"type":"Polygon"},{"coordinates":[[[3.722445072709945,51.02032015331806],[3.722446689677454,51.02032060538249],[3.72245657114556,51.02032331776876],[3.722456750808612,51.02032337427679],[3.722690222950973,51.020376265777685],[3.722694265369745,51.02037716990535],[3.722713668979884,51.020383781338595],[3.722735048883636,51.020392201025686],[3.722741516753705,51.020396156582876],[3.722757866091879,51.02040632801404],[3.722768106886089,51.02041582134785],[3.722771879810299,51.020419324839565],[3.722780054479386,51.020432943248444],[3.722786791844016,51.02045057371379],[3.722801883540787,51.02054307703894],[3.722819400688821,51.02065021566258],[3.722832156765871,51.02073746338838],[3.722835480532398,51.02076588667293],[3.722837456826046,51.020783460504155],[3.722839073793555,51.02079775689571],[3.722841139918712,51.020817421490314],[3.722840690761064,51.02082030336989],[3.722838804298959,51.02083386515357],[3.722831438113627,51.020851947525664],[3.72282775502096,51.02085720271373],[3.722820209172575,51.020867995624954],[3.722805297138858,51.02088076629155],[3.722789576621385,51.02088952493258],[3.722781491783842,51.02089410202815],[3.722763255983563,51.02090082640239],[3.722663453155503,51.02093874281347],[3.722608027102456,51.02095982003004],[3.722560416392425,51.02097711125153],[3.722542360255199,51.0209818578602],[3.722530951651095,51.020982479439866],[3.722528885525938,51.020982592454374],[3.722519183720886,51.02098315752681],[3.722498522469344,51.02097852393274],[3.72247992734296,51.02096795707624],[3.722471932336926,51.02095529944822],[3.722469237391067,51.02093608697045],[3.722464566151594,51.02090274765196],[3.722458098281558,51.02085985856122],[3.722455672830296,51.020843753951674],[3.722455044009593,51.02083996795491],[3.722423962300756,51.02063608874853],[3.722422255501704,51.02062184881479],[3.722422165670193,51.02062150976873],[3.722418841903633,51.02060229715267],[3.722405636668968,51.02052595517898],[3.722391173792898,51.020433564835464],[3.722390455140654,51.02042898769442],[3.722390005983005,51.020426444838066],[3.722381202493217,51.0203676200557],[3.722380663504058,51.02035145876716],[3.722381022830164,51.02035061114694],[3.722384975417426,51.02034134383192],[3.722385334743532,51.02034049621157],[3.722388928004688,51.020337049221915],[3.722396294190021,51.02033004222573],[3.722398270483635,51.02032908158911],[3.722410577403037,51.02032309173658],[3.722422524996299,51.02032066189052],[3.72242692674121,51.02031975776175],[3.722428723371772,51.02031941871343],[3.722445072709945,51.02032015331806]]],"type":"Polygon"},{"coordinates":[[[3.765189698705721,51.035384446635426],[3.76617775568671,51.034747803483626],[3.767935758697758,51.03585528578891],[3.767365328492342,51.03649112288849],[3.767072657372759,51.03677650109537],[3.766984622474908,51.03679740164715],[3.766859487155834,51.03676463861582],[3.766707492209777,51.03669775676969],[3.766567265193932,51.036628445835696],[3.766087834326788,51.036268275857616],[3.765701379091563,51.035891325829304],[3.765565284325999,51.03578744231385],[3.765189698705721,51.035384446635426]]],"type":"Polygon"},{"coordinates":[[[3.764178914348034,51.09328569383809],[3.764087825178219,51.093269501561174],[3.764037070364679,51.09326053092446],[3.763936638715918,51.09324264606497],[3.763882380472731,51.09323299839341],[3.763839441002173,51.093225325390044],[3.763795513384774,51.093217539547105],[3.763735146597659,51.093206819906115],[3.763667233962191,51.093194689783],[3.763610460436233,51.093184590747875],[3.763544973252028,51.0931729683919],[3.76354218847466,51.09317246061897],[3.763830637512384,51.0921957209121],[3.763833601952807,51.09218556523837],[3.764642984023812,51.092380046002305],[3.764233981074941,51.09327926206326],[3.7642271538788,51.09329432595553],[3.764178914348034,51.09328569383809]]],"type":"Polygon"},{"coordinates":[[[3.744839084596205,51.0488418379559],[3.744879059626375,51.048807332768625],[3.74488400036041,51.04880964817482],[3.74490169717153,51.048817328545674],[3.744917597352055,51.04882653369433],[3.744927209325598,51.04883404464256],[3.744932958543422,51.04884223326887],[3.744954787604823,51.048845621665556],[3.7449819167264,51.04884652523795],[3.74500877635338,51.048844040413805],[3.745038420757763,51.0488370377268],[3.745066717689232,51.04882771963361],[3.745110645306598,51.04880693745537],[3.7451346303247,51.04878745415481],[3.745155381407751,51.04876175877482],[3.745175503670134,51.04872138029181],[3.745185654632835,51.04870963381742],[3.745198320878343,51.04869896033569],[3.745214221058867,51.048689021006595],[3.74523218736455,51.04868066293272],[3.745278899759317,51.04866727871672],[3.745293452466929,51.048655136914064],[3.745314023886928,51.04864717414869],[3.745347081889381,51.04863757364963],[3.745377804272114,51.048625318892114],[3.745405831708988,51.04861069224174],[3.745430535379301,51.048593919590665],[3.745597172864479,51.04849373534632],[3.745609030626232,51.04846854806702],[3.745620439230336,51.04845454257847],[3.745639663177421,51.04844093240206],[3.745664007521629,51.04843104949136],[3.745636968231562,51.0484100977137],[3.745615678159352,51.0483867175517],[3.745600586462583,51.048361473740364],[3.745592142298899,51.048335043963405],[3.74559097448904,51.048302966777904],[3.745599508484232,51.04827128488808],[3.745617564621424,51.04824124072296],[3.745644334416895,51.04821390729269],[3.74562007990423,51.048199111090234],[3.745619810409634,51.048199336986485],[3.745596993201426,51.04818600910547],[3.745692484116118,51.04810728417072],[3.745692843442257,51.048107792438316],[3.745692304453065,51.04810830070588],[3.745692214621556,51.04810830070588],[3.745718984417026,51.04814269346568],[3.74572931504278,51.04815867564256],[3.745735064260604,51.04816607375086],[3.745735243923657,51.04816641259546],[3.745740454152322,51.04817606966626],[3.745766954453197,51.04820673508825],[3.74580001245565,51.04824592806583],[3.745823188989964,51.04827523806627],[3.745823188989964,51.04827529454021],[3.745824177136771,51.04827489922242],[3.745866128460555,51.04826151488918],[3.745878974369116,51.0482578440798],[3.745883286282484,51.04825648870394],[3.745971141517281,51.04822875996448],[3.745972488990194,51.04822830817221],[3.745984795909596,51.0482245808862],[3.746000157100929,51.0482443467936],[3.746025579423487,51.04827546396215],[3.746030160831451,51.04828145020271],[3.746032137125065,51.0482806595672],[3.746036449038433,51.048287267020626],[3.746034652407872,51.048288057656016],[3.746066183274325,51.04832826709507],[3.746072920638956,51.0483367946542],[3.746088820819482,51.0483571817263],[3.746171465825613,51.04846239242945],[3.746190420278137,51.04848605492179],[3.746191138930348,51.04848701497494],[3.746283395910022,51.048604593096606],[3.746296151987074,51.04862091395542],[3.746325616728369,51.048658864165425],[3.746337743984719,51.048674563796794],[3.746344930506998,51.048684898443305],[3.746357956078611,51.04870387352597],[3.746408890555203,51.04876887441992],[3.746429012817586,51.04879451332263],[3.746501417029475,51.048886790665435],[3.746528276656488,51.048921013427616],[3.746591967210131,51.04900227826816],[3.746602746993534,51.049016114171884],[3.746611730146375,51.04902746525721],[3.746627450663847,51.04904762613318],[3.746658173046546,51.04903808219016],[3.746670569797492,51.049053894639044],[3.746670839292054,51.04905423347714],[3.746638050784197,51.049064455092946],[3.746637601626548,51.04906456803898],[3.746542290374908,51.04909421635922],[3.746478150663617,51.04911426426022],[3.746553878642066,51.04921094584697],[3.746531869917612,51.04921693196664],[3.746531690254559,51.04921698843945],[3.746514262938034,51.04922161921072],[3.746298667269846,51.04927893908501],[3.746300733395003,51.04928040737646],[3.746276299219286,51.04928701468722],[3.746274502588725,51.049287466469146],[3.746254021000236,51.04929305726977],[3.746254380326342,51.04929480792438],[3.746258422745113,51.049301245814966],[3.746182155777506,51.04932123715367],[3.746090078460884,51.04934535098863],[3.746069956198535,51.049350602946326],[3.746000516427068,51.04936878713934],[3.74592442912248,51.049388665503656],[3.745894155897429,51.04939657166896],[3.745889484657956,51.04939013379162],[3.745657809146156,51.04945180184293],[3.745552436763325,51.04932552907837],[3.745699041817696,51.04927673664784],[3.745612623887388,51.049175876205936],[3.745434937124178,51.04923556799453],[3.745344925932713,51.04912826954929],[3.745359658303379,51.049123356404024],[3.745427750601899,51.049100710750636],[3.745394512936393,51.049059146629794],[3.745210358303149,51.049120984540586],[3.74524045186518,51.04915899081378],[3.745207393862693,51.04916977713524],[3.745229133092586,51.049196149963024],[3.745041744524324,51.04925877830972],[3.745031144403973,51.04925731001764],[3.74499027105854,51.04923353497367],[3.745025305354607,51.04920704922152],[3.744778807640665,51.04907733093725],[3.744750331046143,51.04909613644023],[3.744720417147198,51.04908060637074],[3.744647563777661,51.04904327770967],[3.744626004210823,51.04902752173024],[3.744624117748718,51.04902616637691],[3.744634358542962,51.04901758247165],[3.744641185739136,51.04901187869158],[3.744645677315556,51.049008038522445],[3.74467379458394,51.048984376296765],[3.744691221900464,51.048969636813545],[3.744734969854776,51.04893281632155],[3.744781682249577,51.04889108263038],[3.744837557460239,51.048844548673316],[3.744844743982519,51.04884805001636],[3.744847349096835,51.048845565192295],[3.744840162574555,51.04884223326887],[3.744839084596205,51.0488418379559]]],"type":"Polygon"},{"coordinates":[[[3.736323684523454,51.03605531330822],[3.736290716352543,51.0360481957101],[3.736262688915669,51.036082766890765],[3.736212832417394,51.03610677463993],[3.736147614727785,51.03604390255516],[3.736060298482147,51.03598097389608],[3.736017538674641,51.03588697617077],[3.735969209312365,51.0357929217656],[3.735942709011457,51.03571637885048],[3.735916478205178,51.03562249356724],[3.735923035906756,51.03553917163126],[3.73593561232072,51.0354281131433],[3.73602634216443,51.035234127333105],[3.736156687712136,51.0349604895911],[3.736416390660777,51.03448964134573],[3.736642406786263,51.03406369891943],[3.736755414849022,51.033852477476415],[3.736717595775553,51.033800166266865],[3.736757031816531,51.03373440997588],[3.736818296918911,51.03368266355072],[3.736900941925043,51.033683058993056],[3.737043684223695,51.03371508981083],[3.737202686028978,51.03376457653335],[3.737284612382898,51.033820559736775],[3.737366269242223,51.03388699380371],[3.73745313633018,51.03398466752674],[3.737506136931964,51.034137758951424],[3.736894833381114,51.034134482461255],[3.73675263007162,51.03447060394948],[3.736927532057461,51.03456872836792],[3.737714995235522,51.034579913521576],[3.737740327726536,51.034739781837125],[3.736881268820309,51.03473170369868],[3.736863931335328,51.034794125640666],[3.736830963164418,51.03478700784883],[3.736700527785168,51.03506759489479],[3.736639981334999,51.035063810059725],[3.736553743067744,51.035334227276],[3.736597760516653,51.035334453234995],[3.736323684523454,51.03605531330822]]],"type":"Polygon"},{"coordinates":[[[3.715557869089661,51.07585935525559],[3.715148147488546,51.0760530016295],[3.714865447668644,51.07575815762963],[3.714874969810644,51.07573507347758],[3.714847661026015,51.075714021172416],[3.714827448932121,51.07571622235223],[3.714444137800406,51.07531645251704],[3.714310558317647,51.07517659152203],[3.713926348870634,51.07477726855794],[3.715026156272978,51.07435147077704],[3.71524417739243,51.07457740823698],[3.715143925406721,51.074604669664545],[3.714993098270526,51.07468126120845],[3.714882605490572,51.074753224407964],[3.714825742133103,51.07483997519069],[3.714831850677033,51.07495376126679],[3.71472360368529,51.07496572684983],[3.714347479075819,51.07515774016912],[3.714697193215924,51.075396485777674],[3.715044481904767,51.0752199383163],[3.715389075647749,51.07547776059739],[3.715210041411627,51.075582119514195],[3.715557869089661,51.07585935525559]]],"type":"Polygon"},{"coordinates":[[[3.705380316246692,51.063176095652075],[3.70647419476816,51.06267928193617],[3.707003571965089,51.06321877621808],[3.705862531891205,51.06366257273436],[3.705380316246692,51.063176095652075]]],"type":"Polygon"},{"coordinates":[[[3.72997313445392,51.05781383894963],[3.729978704008657,51.05781321786389],[3.730017151902829,51.0578088702634],[3.730018319712688,51.05780870087635],[3.730058564237421,51.05781287908982],[3.73010581562138,51.05781773485094],[3.73010590545289,51.05781773485094],[3.730143544863307,51.057812709702795],[3.730148665260429,51.05781203215471],[3.730152348353095,51.05781152399359],[3.730206606596248,51.057804296813096],[3.730308745044062,51.05779063292193],[3.730308924707114,51.05779057645952],[3.730309104370167,51.05779057645952],[3.730344228497777,51.05779746486799],[3.730388335778229,51.05780610360832],[3.730420136139279,51.05781237092873],[3.730449690712152,51.05781818654961],[3.730468196006993,51.057821800138925],[3.730484186019061,51.05782496202934],[3.730520028798883,51.057831963357316],[3.730522544081689,51.057831793970394],[3.73052667633197,51.05783145519647],[3.730865071699514,51.05791541458853],[3.730840637523797,51.057958156466704],[3.730937745405998,51.05798068486482],[3.730962269413258,51.057937943007445],[3.731370553709884,51.058026419173146],[3.730879983733232,51.058850645297454],[3.73077227573068,51.05892539970179],[3.730607165381436,51.058899371180445],[3.730361296488196,51.05885595263832],[3.729213249555085,51.058498609150014],[3.729225286979891,51.05847274977336],[3.729231126029224,51.05846027177202],[3.729238851540662,51.058461909156996],[3.729252685596063,51.05846490161906],[3.729255470373432,51.05846546623452],[3.729275233309675,51.05846981377337],[3.729285923261568,51.05847212869645],[3.729295625066621,51.05845039099935],[3.729305955692408,51.05842684652115],[3.729296253887322,51.05842357174863],[3.729277658760938,51.05841736097258],[3.729254751721187,51.058409625732104],[3.729254392395081,51.0584095128089],[3.729234359964241,51.058402793876326],[3.729183784813755,51.05838585538657],[3.729141114837759,51.058371570588726],[3.729122519711375,51.058365359805705],[3.72911227891713,51.05836191564385],[3.729094312611449,51.05835570485951],[3.729015620192578,51.05832950663275],[3.7289666620096,51.058313245656954],[3.728915008880764,51.058296024825694],[3.728917254668974,51.05829060449715],[3.728921117424693,51.05828134476775],[3.728958667003567,51.058191683389715],[3.728970075607671,51.05816446875573],[3.728976004488548,51.058150296813466],[3.728986335114302,51.05812534063364],[3.729008254007246,51.05812861542726],[3.729023166040963,51.058093157304974],[3.729366142816438,51.058155096077286],[3.729377910746647,51.05812731680222],[3.729479061047654,51.05788819979217],[3.729619557558096,51.05796656932845],[3.729734721577523,51.05787916583137],[3.729732026631663,51.057877697812536],[3.729730499495664,51.0578768508786],[3.729698968629211,51.05785962988504],[3.72969564486265,51.057845344924836],[3.729696722841001,51.05784523200021],[3.729782781445202,51.05783540755863],[3.729941962913538,51.05781733961459],[3.729948610446659,51.057816605604195],[3.72997313445392,51.05781383894963]]],"type":"Polygon"},{"coordinates":[[[3.672053178531963,51.07618936070008],[3.672397502780384,51.07580601911108],[3.672679573779584,51.075509593196216],[3.67313349249266,51.07565306538221],[3.673105285392734,51.0757233338555],[3.673098907354208,51.07577096961122],[3.673179306572131,51.075824587997985],[3.673334894779343,51.07586020186056],[3.67360385037542,51.075582514598885],[3.673550849773637,51.0755625345975],[3.673625859099874,51.07546562582435],[3.673481050676065,51.07542769758294],[3.6737059888232,51.07514741143061],[3.674488151941086,51.07537221618575],[3.674472790749753,51.07541499838802],[3.675237975708763,51.07566514366554],[3.673748029978528,51.077641424421216],[3.673751533408108,51.07790222441568],[3.673081839363824,51.07840581652289],[3.671399474499714,51.079333353032965],[3.671222596220259,51.07935084821896],[3.669754299888372,51.07850779847768],[3.669795173233806,51.07848025716394],[3.66973139284862,51.078439340222914],[3.670674803559999,51.07771716436766],[3.672053178531963,51.07618936070008]]],"type":"Polygon"},{"coordinates":[[[3.767478875544227,51.09684751844081],[3.768436299974059,51.09725054349929],[3.767700579756378,51.09795193637547],[3.767606615977651,51.09797596846919],[3.766991090344976,51.09710646131605],[3.767478875544227,51.09684751844081]]],"type":"Polygon"},{"coordinates":[[[3.778347412503757,51.080480289564285],[3.778251562262925,51.080589998482104],[3.776476581093034,51.08034964305996],[3.776499038975137,51.0802897656403],[3.776481611658647,51.08027249654915],[3.77653092916773,51.08011402694131],[3.776558687110008,51.08001667621861],[3.776574317795937,51.079980106155084],[3.776624982777967,51.079865034423975],[3.778015395174737,51.08005482643926],[3.778197932840473,51.08007852922326],[3.778322708833443,51.08021910905675],[3.778450000109185,51.08036296168377],[3.778347412503757,51.080480289564285]]],"type":"Polygon"},{"coordinates":[[[3.714186770471485,51.06177969680633],[3.714174553383626,51.061847502219116],[3.714493904467138,51.062102801974724],[3.71389490783569,51.06238869989725],[3.713474675945767,51.062054305291774],[3.713594601036211,51.06198350794747],[3.713544115717234,51.061947544661734],[3.713589839965194,51.06191925954611],[3.713477640386223,51.06184004983889],[3.713934343876667,51.06159620955443],[3.714186770471485,51.06177969680633]]],"type":"Polygon"},{"coordinates":[[[3.696836439579418,51.047001901929974],[3.696831229350786,51.04700534693681],[3.696816766474717,51.04701494777418],[3.696795476402475,51.04702737238427],[3.696764664188231,51.04704414560262],[3.696727923093113,51.04706289545568],[3.696692529470906,51.04708023341547],[3.696658393490103,51.04709570768029],[3.696623898183194,51.04710977005516],[3.696588774055583,51.047123098245855],[3.696477382960366,51.04716076730644],[3.696428514608898,51.047175055562796],[3.696369944452377,51.04719086864772],[3.696350181516133,51.04715348198827],[3.696343444151502,51.04711767660942],[3.69630544541498,51.04707023726358],[3.696259092346319,51.04702206368764],[3.696246695595407,51.04701048620879],[3.696218757990076,51.04698456394087],[3.696195761118781,51.04698388623434],[3.696188215270396,51.04698603230501],[3.69618561015608,51.04698913845981],[3.696184622009273,51.046990380921656],[3.696178693128397,51.04697146161254],[3.696172584584467,51.046945256944795],[3.696173123573625,51.04694548284716],[3.696184622009273,51.046950622125834],[3.696191089879308,51.04695248582014],[3.696195940781834,51.04695316352713],[3.696223249566497,51.0469549142702],[3.69622567501776,51.046794015059724],[3.696198456064641,51.046792659641035],[3.696187137292079,51.04679328087464],[3.696178243970747,51.04679570933304],[3.696168362502609,51.04680175224061],[3.696163691263136,51.046804576028926],[3.696163781094679,51.046803107659],[3.696163870926188,51.0468015828133],[3.696163960757731,51.046800057967516],[3.696166835366643,51.04677938783108],[3.696174111720433,51.04675041573903],[3.696174920204187,51.0467472530924],[3.696179681275204,51.04673415069695],[3.696186867797483,51.04671619137303],[3.696200522189798,51.046684226018286],[3.696209595174182,51.04666626667501],[3.696223159734954,51.04664463638756],[3.696226752996076,51.04663887583931],[3.696227112322216,51.04663836755558],[3.69623744294797,51.046622893138014],[3.69625972116702,51.04659409037615],[3.696288287593052,51.04656427102736],[3.69630436743663,51.04654970020223],[3.696334730493258,51.046519146635376],[3.696354673092554,51.04650322036889],[3.696445852093879,51.046439571724434],[3.696487264428471,51.04641523047169],[3.696542780313061,51.046387613582446],[3.696560926281796,51.04637948099844],[3.696580958712636,51.046371461365574],[3.696607728508073,51.04635994020045],[3.696633240662141,51.04635039570365],[3.696648691685051,51.046345143405745],[3.696667107148381,51.04633932634393],[3.69669109216645,51.04633091136971],[3.696693697280766,51.04633017717729],[3.696695404079818,51.04632966889018],[3.696737085909006,51.04631634047118],[3.696739691023322,51.04631571923121],[3.696785864428932,51.04630510167419],[3.696828085247278,51.04629702555207],[3.696870845054817,51.046289683621666],[3.696917018460427,51.04628239816649],[3.696981607329333,51.046272740700864],[3.697250293430814,51.04623885484067],[3.697306438136072,51.04623258595382],[3.697332758773894,51.04623919369937],[3.697345694513997,51.04624376829191],[3.697364109977328,51.04625297395209],[3.697368421890696,51.046255063580205],[3.697368871048312,51.0462553459624],[3.697371565994171,51.04625664492035],[3.69739770696894,51.04627155469617],[3.697424207269815,51.04629199915367],[3.697450617739179,51.04632272229941],[3.697460499207319,51.0463402299652],[3.697467685729565,51.04636022258197],[3.697470470506967,51.0463758665162],[3.697470829833073,51.04637778670994],[3.697471009496125,51.04639585911757],[3.697468853539458,51.046407719131274],[3.697464990783739,51.04641760247369],[3.69743058530834,51.0464487773457],[3.697373362624732,51.04649740332696],[3.697312097522353,51.04655026496298],[3.697287663346636,51.04657133053401],[3.697281015813548,51.04657709109066],[3.697209240422327,51.04664045716635],[3.697194957209311,51.04665310778072],[3.697030565512311,51.04670602571491],[3.697018078929889,51.04671240748946],[3.69696965973607,51.04669998279485],[3.69696292237144,51.0466997004154],[3.696946123875617,51.04669885327698],[3.696923486330461,51.04669597300634],[3.69690174710057,51.046691285506654],[3.696879109555414,51.04668354830732],[3.696872372190783,51.04668049860796],[3.696843266775592,51.0467008864091],[3.696813532539667,51.04689945521619],[3.696923216835866,51.046940117665564],[3.696900219964604,51.04695875460956],[3.696876055283449,51.04697581023052],[3.696836439579418,51.047001901929974]]],"type":"Polygon"},{"coordinates":[[[3.782565721414909,51.04019350310638],[3.782588808117713,51.0401997728105],[3.782937174784905,51.04022146259123],[3.783293716121151,51.040306018748744],[3.783817074605694,51.04045417522446],[3.783824261127973,51.04059690882679],[3.783826057758535,51.04081668495411],[3.783621780862941,51.04086130655401],[3.783012004448057,51.04074986544],[3.78250167153516,51.040653109709],[3.782131835132672,51.040545678415455],[3.782047124001382,51.04043677830105],[3.781733791630291,51.04052557032229],[3.781723550836046,51.04053048437956],[3.781166415696839,51.0405215599993],[3.780917941689251,51.04051218374985],[3.780727049691376,51.0402115779268],[3.780683930557731,51.04003726858355],[3.780689859438607,51.03993164335464],[3.781114852399546,51.03960843995515],[3.782066797106117,51.039513263410754],[3.782428009681869,51.039583586751746],[3.782282213111253,51.03982206398563],[3.782447952281166,51.039879395491944],[3.782491520572459,51.04001659542938],[3.782565721414909,51.04019350310638]]],"type":"Polygon"},{"coordinates":[[[3.720156794186704,51.0955717381873],[3.720157512838915,51.09551960951118],[3.720154099240844,51.09549755071385],[3.720113675053059,51.09549738146476],[3.720114034379165,51.095467255110655],[3.720110800444147,51.09543825706589],[3.720105949541621,51.09538838489969],[3.720081425534361,51.09529783631561],[3.720067232152855,51.09526302724886],[3.720049355678715,51.0952235355693],[3.720031389373033,51.095189798364935],[3.720006236545071,51.09514680878121],[3.720000846653386,51.09513981309713],[3.719982790516161,51.09511188676707],[3.719973717531776,51.095100264895486],[3.719933922164692,51.095050223113944],[3.719899516689326,51.095011803175055],[3.719859631490699,51.09497219844689],[3.719785071322111,51.09490686749642],[3.719827741298107,51.09488277739033],[3.719955661394584,51.09481045057961],[3.720146733055512,51.094703765506445],[3.720384067953593,51.0947085609804],[3.720369694909033,51.09521134955853],[3.720359274451737,51.095430358762606],[3.720352357424052,51.09553455984095],[3.72030034496911,51.095567901879804],[3.720156794186704,51.0955717381873]]],"type":"Polygon"},{"coordinates":[[[3.721399972708402,51.06690270598826],[3.721322178604797,51.066608932718374],[3.721566161035964,51.06656354559802],[3.721547835404142,51.066522618119244],[3.721736032456193,51.066507376152366],[3.721839877703025,51.06649913419786],[3.721982979327782,51.0665302391008],[3.722008042324201,51.06652854554943],[3.721974624995643,51.066645231092295],[3.721926565127929,51.066764569558046],[3.721888386728354,51.06686640781624],[3.721904017414316,51.06686906102729],[3.72186754581376,51.06697044744621],[3.721779510915943,51.066956786260164],[3.721703603274408,51.06694560892315],[3.721399972708402,51.06690270598826]]],"type":"Polygon"},{"coordinates":[[[3.71360304519986,51.08301752389243],[3.713599451938737,51.08301701600805],[3.713594062047019,51.08301639526043],[3.713588851818387,51.083015830944404],[3.713580856812353,51.08301509733355],[3.71357277197481,51.083014476585916],[3.713564417642669,51.08301402513309],[3.713555614152881,51.08301363011185],[3.713548158136006,51.083013517248624],[3.713533515596884,51.08301357368026],[3.713522915476534,51.08301385583827],[3.713515100133552,51.0830142508595],[3.713508362768922,51.08301464588074],[3.713492282925345,51.0830161131024],[3.713475753924118,51.08301825750324],[3.713455451998681,51.08302158696747],[3.713440629796507,51.08302469070513],[3.713428861866297,51.08302835875843],[3.713416644778405,51.08303270399041],[3.713405415837353,51.083037218516765],[3.713395444537705,51.08304178947423],[3.713387539363214,51.08304562682088],[3.713381610482338,51.08304901271469],[3.713379095199532,51.083050536366855],[3.71337397480241,51.08305358367099],[3.713368764573778,51.08305634881717],[3.713363734008199,51.08305962184713],[3.713355110181463,51.08306566002248],[3.713348911805991,51.08307045670328],[3.713342443935955,51.08307593056191],[3.713337323538833,51.08308050151556],[3.713331304826414,51.08308637039362],[3.713326543755431,51.08309173138735],[3.713322501336659,51.08309765669552],[3.713319267401608,51.08310284839347],[3.713316482624239,51.08310820938528],[3.713314057172976,51.083113513945],[3.713312080879362,51.08311859277825],[3.713310104585714,51.08312491310323],[3.713308846944311,51.08313044338687],[3.713307499471398,51.083137553750646],[3.713307229976802,51.08314330975856],[3.713307140145293,51.08314359191582],[3.713280011023716,51.08313162844758],[3.71327866355077,51.08311893136708],[3.713278483887717,51.0831173512857],[3.713277136414804,51.08310781436486],[3.713276866920209,51.0831062342831],[3.713276866920209,51.08310578283117],[3.713274800795051,51.08309353719563],[3.713271656691576,51.08308518533176],[3.713271656691576,51.08308512890026],[3.71327147702849,51.08308484674264],[3.713267344778208,51.083077115624015],[3.713267165115155,51.08307683346636],[3.713262044718034,51.08306955379868],[3.713261775223438,51.08306927164101],[3.713261775223438,51.083069215209484],[3.713255487016455,51.0830621048352],[3.71325521752186,51.083061822677486],[3.71325512769035,51.083061766245955],[3.713247492010422,51.08305476873367],[3.71323060368309,51.08303925005346],[3.713230424020037,51.08303908075873],[3.71321290687197,51.083024126389205],[3.713212727208917,51.08302401352601],[3.713196916859935,51.083011429279196],[3.713194401577129,51.08300939774128],[3.713186406571094,51.08299940934516],[3.713186226908042,51.08299924005029],[3.713186226908042,51.08299912718707],[3.713179759038007,51.0829890259255],[3.713179579374954,51.08298863090405],[3.713179489543411,51.082988461609126],[3.713174548809342,51.082977739597105],[3.713174458977832,51.08297762673378],[3.713171045379728,51.082966566129244],[3.713169158917657,51.08295527979537],[3.713169158917657,51.082955223363705],[3.713168889423061,51.08294388059539],[3.713168889423061,51.082943824163664],[3.713170236895974,51.08293276355109],[3.713170326727517,51.082932537824234],[3.713170326727517,51.08293248139254],[3.713170416559026,51.082932199234044],[3.713173380999482,51.08292130791381],[3.713173380999482,51.082921138618644],[3.713177962407412,51.08291030372752],[3.713182813309972,51.082901105354466],[3.713185148929691,51.08289518002112],[3.713189910000708,51.08288767459782],[3.713198354164391,51.082873735951324],[3.713215601817828,51.08286628695632],[3.71322799856874,51.08286115166359],[3.713235634248669,51.08285799148321],[3.713238778352176,51.08285674998367],[3.713243898749298,51.08285358980299],[3.713246593695124,51.082850598917474],[3.713248210662633,51.0828472130091],[3.713248300494176,51.08284393996412],[3.71324794116807,51.0828421905779],[3.713239766498984,51.08279473139782],[3.713239586835931,51.082792756282245],[3.713240125825089,51.08279061187094],[3.713241383466492,51.082788467459594],[3.713243629254702,51.082786266616225],[3.713275160121157,51.082768490569855],[3.713317111444941,51.08274670784969],[3.713332203141712,51.082739484562026],[3.71334819315378,51.082732091977356],[3.71336669844862,51.08272441723172],[3.713382957955251,51.08271725037249],[3.713413770169494,51.08270511749808],[3.713418800735106,51.082703424538614],[3.713426526246544,51.08270054650735],[3.713434431421035,51.08269721702001],[3.713444492552227,51.082693605372434],[3.713451858737559,51.082691009500564],[3.71345140957991,51.0826894858366],[3.713448445139489,51.08267921521137],[3.713445929856682,51.082670242520415],[3.713442875584717,51.082658448225914],[3.713439551818157,51.082647274680944],[3.71343631788314,51.08263768123109],[3.713432904285069,51.082628652100055],[3.713432005969772,51.082626507681155],[3.713429221192403,51.082619622967215],[3.71342904152935,51.08261917151053],[3.713424460121386,51.082609013733865],[3.713475843755627,51.082607264338804],[3.713475664092575,51.08260816725238],[3.713476382744819,51.082613528301565],[3.713476472576329,51.0826146005113],[3.71347746072317,51.082621823818506],[3.713477550554679,51.082621993114756],[3.713478448869977,51.08262836993966],[3.713478538701487,51.082628652100055],[3.713479526848293,51.08263502892404],[3.713479526848293,51.08263514178819],[3.713479796342889,51.082636326861575],[3.71348087432124,51.082642365092184],[3.71348096415275,51.08264287298068],[3.713482401457205,51.08265060417192],[3.713482491288749,51.0826508299001],[3.71348653370752,51.08266945247207],[3.71348653370752,51.082669508904075],[3.713492013430748,51.08269084020457],[3.713548517462112,51.08268739785252],[3.713551032744917,51.082687228556495],[3.713552649712426,51.08268728498854],[3.713557680278039,51.08268751071654],[3.713583372095159,51.08268858292457],[3.713585168725721,51.082687623580526],[3.71358561788337,51.08268745428451],[3.71361966403263,51.08267148402492],[3.713619753864172,51.08267142759291],[3.71365586613859,51.08265743244917],[3.7136559559701,51.08265737601714],[3.71369377504357,51.082645412423204],[3.713693954706622,51.082645412423204],[3.713733300916058,51.08263559324471],[3.713814508617767,51.08262171095432],[3.713814957775383,51.08262165452225],[3.713896345140145,51.082609352326465],[3.713896704466251,51.08260929589438],[3.713978630820172,51.08259846093023],[3.713979798630032,51.08259772731275],[3.713987973299119,51.08259281771873],[3.713999831060872,51.08253068591462],[3.714001987017539,51.08253068591462],[3.714016899051257,51.08252938797411],[3.714038368786552,51.08252588917786],[3.714058131722796,51.082518045101374],[3.714076547186127,51.08251020102358],[3.714088674442477,51.082503034131165],[3.714092806692792,51.0825006075453],[3.714105742432861,51.08248920823327],[3.714106640748159,51.082487966723875],[3.714106101758967,51.082487966723875],[3.714115444237948,51.082475551628],[3.714121373118824,51.08246206431553],[3.714123439243948,51.082449367051254],[3.71412505621149,51.08240941297027],[3.714125235874543,51.08240388260039],[3.714128200314965,51.082326852380014],[3.714131344418472,51.08224423520987],[3.714134488521946,51.08216167432486],[3.714137632625455,51.082079000426965],[3.714138171614613,51.082066810952405],[3.71414014790826,51.08201534424659],[3.714141136055068,51.08198961087219],[3.714414223901426,51.08196308742307],[3.714415391711286,51.08197375323742],[3.714435244479074,51.082074598672655],[3.714455995562158,51.08218007136326],[3.714468302481527,51.082240623526936],[3.714474860183105,51.08230388437006],[3.714471177090439,51.08234045259676],[3.714468032986964,51.082371377556015],[3.714457343035071,51.082404616220934],[3.714440724202302,51.08243689551273],[3.714421320592163,51.08246375728387],[3.714419074803953,51.08246691749118],[3.714392305008515,51.08249524648307],[3.714382962529536,51.082502808402246],[3.71437308106143,51.082510878210186],[3.714351611326134,51.08252797716919],[3.714328165297224,51.08254597903669],[3.714259174683407,51.082546881951515],[3.714196202781975,51.082604273437354],[3.714194675646009,51.082606925746184],[3.714192429857799,51.08260940875855],[3.714189555248887,51.08261194820292],[3.714184794177871,51.0826146005113],[3.714182458558117,51.08261369759781],[3.714176619508784,51.0826107631289],[3.714176529677241,51.08261070669682],[3.714176439845731,51.08261065026469],[3.714170421133311,51.08260816725238],[3.714170241470258,51.0826081108203],[3.714169971975696,51.082607997956075],[3.714164492252435,51.08260619212884],[3.714164312589382,51.08260613569675],[3.714163773600224,51.082605966400436],[3.71416368376868,51.08260590996835],[3.714163144779522,51.08260574067204],[3.714157215898646,51.082604217005226],[3.714156946404049,51.08260410414103],[3.714156587077944,51.08260404770895],[3.714150388702472,51.082602806202594],[3.714149759881803,51.0826026933384],[3.714149670050261,51.0826026933384],[3.714142483527981,51.082601677560476],[3.71414239369647,51.082601677560476],[3.714141944538822,51.08260162112838],[3.714135476668787,51.08260111323938],[3.714135117342648,51.082601056807285],[3.714134937679595,51.082601056807285],[3.714134758016542,51.082601056807285],[3.714128379978017,51.08260088751096],[3.714127661325806,51.08260088751096],[3.714127032505104,51.08260094394305],[3.714126852842051,51.08260094394305],[3.714120654466579,51.08260111323938],[3.714120384971983,51.08260116967148],[3.71412020530893,51.08260116967148],[3.714113018786684,51.08260179042467],[3.714112749292088,51.082601846856804],[3.714105562769809,51.082602919066815],[3.71410277799244,51.08260353981998],[3.714102598329387,51.08260359625207],[3.714101879677143,51.08260376554839],[3.714101430519494,51.08260387841263],[3.714101161024931,51.08260393484471],[3.714098735573634,51.082604612029954],[3.714098286416019,51.08260478132627],[3.714097477932265,51.08260506348681],[3.714096938943073,51.08260523278309],[3.714096130459319,51.082605458511544],[3.71409559147016,51.082605684239944],[3.714094872817916,51.08260590996835],[3.714094243997214,51.08260619212884],[3.714093705008056,51.08260641785725],[3.714092896524301,51.08260675644986],[3.714092447366653,51.082606925746184],[3.714091638882898,51.082607264338804],[3.714091279556793,51.08260749006719],[3.714089213431635,51.082608505844995],[3.714088943937039,51.08260861870918],[3.714088584610933,51.08260878800548],[3.714088045621775,51.08260912659808],[3.714087865958722,51.082609183030165],[3.714085710002022,51.08261042453631],[3.7140812184256,51.08261273825225],[3.714081038762548,51.08261279468433],[3.714076367523075,51.08261476980759],[3.714076098028479,51.08261482623967],[3.714075918365426,51.08261493910386],[3.714071336957496,51.08261651920236],[3.714070887799847,51.082616632066575],[3.714070618305251,51.08261674493076],[3.714065587739672,51.08261809930085],[3.714065497908129,51.08261815573298],[3.714065138582023,51.08261821216505],[3.714059928353392,51.08261934080676],[3.714059838521848,51.08261934080676],[3.714059389364199,51.08261945367095],[3.714054268967077,51.08262024372015],[3.714054089304025,51.08262024372015],[3.714053550314866,51.08262030015222],[3.71404869941234,51.082620751608886],[3.714048340086201,51.08262080804101],[3.714048160423148,51.08262080804101],[3.714042770531464,51.08262103376934],[3.714042231542272,51.08262109020141],[3.714042141710761,51.08262109020141],[3.714036661987534,51.082620977337264],[3.714036302661395,51.082620977337264],[3.714036212829885,51.082620977337264],[3.714030733106658,51.082620638744736],[3.714030373780519,51.08262058231267],[3.714030014454413,51.08262052588056],[3.714024804225781,51.08261990512762],[3.714024534731185,51.08261984869555],[3.714024265236589,51.08261984869555],[3.714018965176414,51.082618832918],[3.714018875344904,51.082618832918],[3.714018695681852,51.08261877648593],[3.714013305790133,51.082617478547895],[3.714012407474836,51.08261855075758],[3.714012407474836,51.08261860718966],[3.714012317643327,51.08261872005381],[3.714011688822625,51.08261928437468],[3.714011329496519,51.082619622967215],[3.714011239664976,51.082619679399286],[3.714011060001923,51.08261984869555],[3.714010431181222,51.08262041301641],[3.714009982023573,51.082620695176814],[3.714009712529011,51.08262092090514],[3.714008993876766,51.08262142879393],[3.71400863455066,51.08262165452225],[3.714008185393012,51.08262193668265],[3.714007376909257,51.08262238813934],[3.714007107414661,51.082622501003485],[3.714005670110205,51.082623234620556],[3.714005490447152,51.08262329105263],[3.714003783648134,51.08262396823759],[3.713699254766798,51.0827507145166],[3.713700242913604,51.0827606465345],[3.713698536114586,51.08277283582624],[3.71369377504357,51.08278463009161],[3.713689642793255,51.08278914464213],[3.713689552961745,51.08278920107399],[3.713684881722271,51.08279360276035],[3.713679761325149,51.08279772228696],[3.713679581662096,51.082797778718806],[3.713673922275782,51.08280167251755],[3.713675179917186,51.082803421905304],[3.713688115657289,51.082821367233784],[3.713654967823293,51.08284631010019],[3.71365478816024,51.082846422963776],[3.713650386415362,51.08284975244041],[3.713650835572978,51.08285037319026],[3.71364984742617,51.082850711781056],[3.713647332143365,51.08285200971255],[3.713645535512803,51.08285342050758],[3.713643199893083,51.08285550848414],[3.713642391409329,51.082857540028826],[3.713642391409329,51.08285968443701],[3.713642930398487,51.08286250602657],[3.713643918545294,51.082864029684885],[3.713644996523644,51.082866174092736],[3.71364760163796,51.08286860065942],[3.713649757594661,51.08287097079422],[3.713652722035083,51.08287294590645],[3.713655596643995,51.082876162517614],[3.713659279736661,51.082878927674365],[3.713662423840168,51.08288112851332],[3.71366691541659,51.08288406296512],[3.713670957835361,51.08288643309913],[3.713674012107326,51.08288801318838],[3.71368047997736,51.0828912297985],[3.713685690206026,51.08289348706862],[3.713692427570657,51.08289608292912],[3.713699703924446,51.082898509494235],[3.713703836174761,51.08289997671959],[3.713707609098937,51.082900710332275],[3.713712549833006,51.08290189539881],[3.713719107534584,51.08290302403364],[3.713729348328829,51.082903814078],[3.713737163671776,51.082903701214505],[3.713741565416687,51.08290341905583],[3.713767077570755,51.08290183896708],[3.713766538581596,51.08290223398927],[3.71376896403286,51.08290172610363],[3.713809657715208,51.08289275345582],[3.7138218748031,51.08289862235771],[3.71381585609068,51.082904321963625],[3.713810017041347,51.08291380249475],[3.713808310242295,51.082920743596624],[3.713808489905348,51.08292520170215],[3.713808579736891,51.08292762826574],[3.713811723840365,51.082936093021466],[3.713817113732083,51.08294342914187],[3.713823491770608,51.08294890301554],[3.713831935934258,51.08295398186682],[3.713845051337414,51.082959004285875],[3.713855292131658,51.08296126155268],[3.713871371975236,51.08296244661772],[3.713880265296568,51.08296250304938],[3.714014832926099,51.082962672344394],[3.714025253383396,51.082961882301035],[3.714035224683078,51.0829599071926],[3.714045465477289,51.08295646486056],[3.714052741831112,51.0829527403699],[3.714057053744479,51.08294974949079],[3.714059658858795,51.08295149887294],[3.714167816018995,51.083009002720004],[3.714160988822854,51.083014081564684],[3.714135297005701,51.08303304257991],[3.714136464815594,51.083033663327306],[3.714137003804753,51.0830340019168],[3.714135297005701,51.08303309901149],[3.714119217162123,51.08302531145263],[3.714101969508685,51.08301848322964],[3.71408391337146,51.08301272720614],[3.71406495891897,51.083007986951],[3.714054268967077,51.083006519729075],[3.714043219689078,51.083006237570984],[3.714032350074166,51.08300714047683],[3.714021839785326,51.083009228446436],[3.714012137980274,51.08301250147972],[3.714003603985048,51.08301662098683],[3.713992914033188,51.08302474713672],[3.713987883467576,51.0830308981798],[3.71398294273354,51.083043313126595],[3.713977912167928,51.08305110068246],[3.713970635814138,51.08305883180544],[3.713961203503648,51.08306582931711],[3.713943506692561,51.08307429404755],[3.713910448690108,51.08308337952316],[3.713900118064321,51.08308817620212],[3.713891673900672,51.08309376292165],[3.713881972095586,51.08310392059188],[3.713878019508357,51.08311148241156],[3.713876133046253,51.08312327659059],[3.713877660182218,51.0831311769959],[3.713886104345901,51.08314816286274],[3.713893829857339,51.083159223423856],[3.713903082504776,51.08316977609961],[3.713913592793582,51.08317982089029],[3.713925540386879,51.08318924493353],[3.71391458094039,51.083197540347236],[3.71389221288983,51.08321243822935],[3.713889517943971,51.083200474778955],[3.713883499231585,51.08318489971625],[3.713875773720146,51.083170791865065],[3.713866071915061,51.083157135461],[3.713847027631028,51.08313687657317],[3.713833642733309,51.08312587243821],[3.713825378232679,51.08312045501694],[3.713815676427627,51.08311610979317],[3.713804896644224,51.08311283676722],[3.713793398208577,51.08311086166522],[3.713773275946227,51.083109845898456],[3.713757196102617,51.08310775793338],[3.713741834911283,51.08310392059188],[3.71372782119283,51.08309839030502],[3.713715604104971,51.08309139279831],[3.713710304044796,51.08308738616091],[3.713701500555008,51.0830785828437],[3.713692068244518,51.083066732221745],[3.713684971553782,51.08306001686797],[3.713674101938835,51.08305200358738],[3.713661256030275,51.083046868315314],[3.713613016499542,51.083015266628365],[3.71360304519986,51.08301752389243]]],"type":"Polygon"},{"coordinates":[[[3.7145928089799,51.06117667027782],[3.714536125285485,51.06117068570403],[3.714460756633141,51.0611053070081],[3.71442491385332,51.061103218049944],[3.714430483408091,51.061027902577734],[3.714363918245536,51.06097855789155],[3.714541605008712,51.06088444150791],[3.714319721133541,51.060719299820484],[3.71428845976165,51.060707838683264],[3.714339394238275,51.06070433823681],[3.714418535814795,51.06070478990731],[3.714472255068789,51.060709814741585],[3.714539269388992,51.0607308738725],[3.71460331926874,51.060743520638205],[3.714664225045015,51.06077491170238],[3.714716057836904,51.06080534294755],[3.714767890628794,51.06084237983491],[3.714800229979036,51.06087738418289],[3.714829604888823,51.06091803436028],[3.714849906814225,51.060963370557666],[3.714858171314855,51.06101147317431],[3.714860776429171,51.06104066217909],[3.714854218727592,51.06107831992015],[3.714832748992297,51.06107888450374],[3.714806428354475,51.061139069075026],[3.714700516982485,51.06117068570403],[3.7145928089799,51.06117667027782]]],"type":"Polygon"},{"coordinates":[[[3.730326801181254,51.069304475273036],[3.730118481866888,51.069314466625855],[3.730020385837846,51.069319151835735],[3.730016343419074,51.06927862193205],[3.73007302711349,51.069271678783444],[3.730054791313245,51.06921252085698],[3.73011416995352,51.069203940693455],[3.730104827474573,51.06917808729628],[3.730105276632222,51.06917786150235],[3.730142197390394,51.06915646752295],[3.730260505513295,51.069087882535506],[3.730202474345933,51.06905728738896],[3.730123153106361,51.069015458936356],[3.730074823744085,51.06899000057491],[3.730083806896926,51.068983452524],[3.730091262913768,51.068987855523844],[3.730119559845238,51.06896719529019],[3.73011973950829,51.06896702594402],[3.730115607257976,51.06896493734061],[3.730166990892217,51.0689343421128],[3.730252151181156,51.06899022636974],[3.730282334574696,51.06900998341413],[3.730338479279954,51.069046618596936],[3.730434239689242,51.06899073440812],[3.730422112432926,51.0689828315881],[3.730380340772195,51.06895556684866],[3.730378813636229,51.068954607219844],[3.730364171097074,51.06894506737949],[3.730285119352098,51.06889296513971],[3.730283682047643,51.068892005509596],[3.730266614057224,51.06888077219108],[3.730265086921259,51.06887981256072],[3.730296168630097,51.068862313415465],[3.730312428136727,51.06885294290274],[3.730353301482162,51.06883013755052],[3.730354828618128,51.06883109718187],[3.730371896608546,51.068841991819134],[3.730373423744512,51.06884295145027],[3.73041851917177,51.068871683926346],[3.73041169197563,51.06887670787415],[3.730440258401662,51.068892174856096],[3.730432173564085,51.06889844067579],[3.73044349233668,51.06890419845531],[3.730445199135732,51.06890504518751],[3.730485713155026,51.06887365963619],[3.730525598353653,51.068881731821385],[3.730682444202269,51.06891362540651],[3.730697625730549,51.06888997335167],[3.730719814118056,51.06890222274673],[3.731051651784022,51.06908579393759],[3.731022905694937,51.069125138590685],[3.731018773444622,51.06912440475957],[3.730713885237213,51.069071681787],[3.730646242096308,51.069289121325546],[3.730326801181254,51.069304475273036]]],"type":"Polygon"},{"coordinates":[[[3.731413852506581,51.068466322924436],[3.731115072843068,51.068635670662395],[3.730912412914983,51.068518256296635],[3.731324200641223,51.068270217469674],[3.731413852506581,51.068466322924436]]],"type":"Polygon"},{"coordinates":[[[3.727405030719654,51.052644084330346],[3.727404940888145,51.052643519643894],[3.727399191670322,51.05264357611252],[3.727393981441689,51.052643180832014],[3.727388591549972,51.05264227733369],[3.727383111826744,51.05264092208614],[3.727378350755727,51.052639228026685],[3.727374488,51.05263742102983],[3.727370984570395,51.05263538815829],[3.727366672657027,51.052632112976205],[3.727364337037307,51.05262957188646],[3.727361731922991,51.05262612729795],[3.72736074377615,51.05262432030059],[3.727370715075832,51.05261551118746],[3.727514265858205,51.05250596182017],[3.727601851598406,51.052436505128334],[3.727604546544266,51.052434415779054],[3.727611014414335,51.05242961592229],[3.727777382404949,51.05230414184338],[3.727777651899512,51.052304311250566],[3.727800648770807,51.05228624114828],[3.727875388602448,51.05223220020648],[3.72788059883108,51.05223474131799],[3.727887605690307,51.052231466107564],[3.727893893897289,51.05222971556394],[3.727904943175287,51.05222768267451],[3.727915004306479,51.05222858618096],[3.727922280660268,51.05223050613203],[3.727931084150056,51.05223389428084],[3.727934048590479,51.052236096577424],[3.727937462188582,51.05223858121959],[3.727940875786652,51.05224558339229],[3.727945547026126,51.05224507517009],[3.727949948771003,51.052244566947934],[3.727949319950335,51.05224349403444],[3.728019119047907,51.05223733889853],[3.7280261259071,51.052236830676286],[3.728091882585901,51.052584792215775],[3.728090984270637,51.05258490515318],[3.728091253765199,51.05258829327606],[3.728090894439093,51.05259151199256],[3.728089996123796,51.05259439189663],[3.728088558819374,51.05259710239438],[3.728086313031163,51.05260015170416],[3.728083528253761,51.052602975138974],[3.72807903667734,51.05260630679186],[3.72807445526941,51.05260867847676],[3.728070323019095,51.05261031606866],[3.728064124643622,51.05261206659789],[3.728058555088852,51.05261302656551],[3.728053524523273,51.05261347831497],[3.728053614354816,51.05261398653312],[3.727932251959917,51.05261963340088],[3.727405030719654,51.052644084330346]]],"type":"Polygon"},{"coordinates":[[[3.732576631810358,51.072330966263216],[3.73242526568497,51.072392039318736],[3.732398136563393,51.0724029895623],[3.732346124108451,51.07242579315404],[3.732329684938734,51.072431098938615],[3.732312077959158,51.072434654942846],[3.732293842158913,51.072436404722566],[3.732275336864038,51.07243623538904],[3.732257101063794,51.07243425983127],[3.73223967374727,51.072430421604466],[3.732223504072149,51.07242483359719],[3.732208861533027,51.07241772158698],[3.732196285119063,51.07240919846215],[3.732186044324819,51.07239949000022],[3.732178498476433,51.07238887842318],[3.732173647573907,51.07237764595341],[3.732171761111803,51.072366074813296],[3.732169425492049,51.072303759940816],[3.732193590173204,51.07230347771749],[3.73218559516717,51.07203401008212],[3.732160801665314,51.07203412297213],[3.732159993181559,51.07201493166888],[3.732184696851872,51.07201453655373],[3.73217733066654,51.071799480521655],[3.732152626996226,51.07179981919332],[3.732151908344015,51.071780514902365],[3.732176701845872,51.07178006333987],[3.732171222122611,51.07161862947855],[3.732146338789245,51.07161896815154],[3.732148135419806,51.07159097117303],[3.732151189691804,51.07156523200046],[3.732168078019136,51.07147249183661],[3.732168796671347,51.07146261384107],[3.732160801665314,51.07131258094104],[3.732147596430647,51.07106292015013],[3.732147326936052,51.0710585173477],[3.732145260810928,51.071037858038416],[3.732138523446296,51.071017593843536],[3.73211750286865,51.070963800547844],[3.732097739932372,51.07093066655602],[3.732066478560481,51.07089171856255],[3.732028839150098,51.070855084840204],[3.731985091195752,51.070818902660726],[3.731940265263089,51.07078520409991],[3.731748744444512,51.070669657927134],[3.731697360810237,51.07064053144041],[3.731642114420278,51.070614283718655],[3.731583544263757,51.0705911970005],[3.731515182470641,51.07057008590832],[3.73144385623707,51.07055337765741],[3.731370194383778,51.07054118514621],[3.731295095226031,51.07053367771873],[3.731297520677294,51.07051555828345],[3.731300035960101,51.07049743884107],[3.731265630484702,51.070496084116115],[3.731230686020144,51.07049523741301],[3.731209665442497,51.07049484228489],[3.73118639907664,51.07049450360362],[3.731177236260746,51.070494447156754],[3.731160437764923,51.07049427781612],[3.731135464600048,51.070494447156754],[3.731116150821419,51.07049478583803],[3.731098094684226,51.07049529385988],[3.731079499557842,51.070496084116115],[3.731062431567425,51.070496987266104],[3.731050214479566,51.07049772107541],[3.731035122782795,51.070498737119095],[3.731022097211182,51.070499583822176],[3.730988500219538,51.070502744846735],[3.730970354250802,51.070504720486994],[3.730955711711681,51.07050647033972],[3.730946908221892,51.07050731704262],[3.730949154010102,51.07051600985824],[3.730900105995582,51.07051860641324],[3.730851686801795,51.07052442043804],[3.730530359424637,51.070594075785046],[3.730499547210394,51.07059480959287],[3.730481760567764,51.07055783695473],[3.730478436801237,51.07055140201927],[3.731032966826128,51.07043692775473],[3.731078421579493,51.070427783348585],[3.731109862614437,51.07042140484203],[3.731222780845654,51.070396285935885],[3.731245238727756,51.070392560434065],[3.731271649197121,51.07038776243881],[3.731283686621927,51.07038635126364],[3.731312163216417,51.0703830773371],[3.731398042157566,51.07037319910904],[3.731439723986755,51.07037280397987],[3.731536921700499,51.07038155326776],[3.731578154372039,51.07038764954478],[3.731583184937652,51.07038838335587],[3.731672567308415,51.070354345799316],[3.731714518632165,51.0702869479767],[3.731895888488042,51.07033549248195],[3.73201401694789,51.07036896558208],[3.732127294505245,51.0704084220383],[3.732235092339339,51.07045357960072],[3.732336691797961,51.070504156018345],[3.732431464060443,51.0705598125926],[3.732518600642996,51.07062009773139],[3.732597652388005,51.070684729183434],[3.732667990474735,51.07075319891145],[3.732729345408658,51.07082505532661],[3.732781088369005,51.07089979039577],[3.732790610511037,51.070915764718904],[3.732856996010506,51.071029842675486],[3.733114453170936,51.07147181448839],[3.733094869897745,51.071476838153956],[3.733101786925428,51.07148897397301],[3.733092893604131,51.07149083667988],[3.733109871763006,51.071518551490804],[3.733118405758198,51.0715166887851],[3.733125502448934,51.071529219713],[3.73313188048746,51.07152780857263],[3.733145265385178,51.07152481695492],[3.733212818694573,51.07164081255651],[3.733239498658502,51.07168664626149],[3.733240396973799,51.07168828317869],[3.73411715269108,51.07148078935123],[3.734144371644199,51.071456179031415],[3.734173656722442,51.07146899220412],[3.734250911836891,51.071502859603946],[3.734281813882676,51.071495747452055],[3.734576101969735,51.07162337090066],[3.734581671524506,51.071618347251],[3.734596942884329,51.07160468743679],[3.734652638431938,51.07155366065721],[3.734395630429156,51.07144234983218],[3.734381706542246,51.071429480206326],[3.734364189394213,51.071408764616905],[3.734337778924847,51.07137608251],[3.734547894869808,51.07132217673929],[3.734260254315837,51.07082832922189],[3.734171410934232,51.0706757541662],[3.734022200765545,51.07041948564517],[3.733863648117912,51.070147354016775],[3.733850083557107,51.07012404127646],[3.733829422305566,51.070088648788605],[3.733820528984267,51.07007335154864],[3.733783159068447,51.06999793777516],[3.733753514664064,51.06992116913702],[3.733731955097258,51.069843327865826],[3.733718300704944,51.06976480909054],[3.733712820981717,51.069685838599135],[3.733716593905892,51.069593546252925],[3.733731505939609,51.06950164885928],[3.733757467251326,51.069410710902545],[3.733794208346445,51.06932129687145],[3.733801035542586,51.06932253873416],[3.733807683075708,51.069312660279735],[3.733895897636611,51.06912621111304],[3.734035585663297,51.069150596877805],[3.734125237528657,51.06896516313556],[3.734249923690083,51.06898909739551],[3.734275256181098,51.06899395198446],[3.734284329165449,51.06899609703524],[3.734480970381148,51.06903882868378],[3.734484743305357,51.0690397883108],[3.734454559911783,51.06910425262403],[3.734410991620523,51.069196828188225],[3.734379281090983,51.06926264704383],[3.734356913040423,51.06931965987054],[3.734308044688955,51.06943441913942],[3.734305529406149,51.06944322505288],[3.734303103954885,51.069452030964634],[3.734291156361623,51.069497641045004],[3.734282173208782,51.069543476872525],[3.734277771463871,51.06958112769691],[3.734276154496362,51.06961883493859],[3.734272022246081,51.06963351140161],[3.734283071524046,51.069730771075385],[3.734307505699797,51.06982712738178],[3.734320171945305,51.06986319744135],[3.734354128263021,51.06993426497254],[3.734390060874386,51.06999827646006],[3.734406859370208,51.07002661308673],[3.734411081452032,51.07002734690355],[3.734455368395571,51.07010332510264],[3.734522921704932,51.07021830821723],[3.734576730790437,51.07031020418788],[3.734672401368182,51.07047220708241],[3.734746781873718,51.07059943822639],[3.734813706362377,51.07071250092375],[3.734888086867914,51.07083865892449],[3.734944590899277,51.0709349000316],[3.735006484822358,51.071041075472436],[3.735090926459085,51.071183432592456],[3.735157671284692,51.07129649386311],[3.735235824714405,51.07143117357838],[3.735254599503841,51.07146972599806],[3.735270409852823,51.07150850416818],[3.735287567674751,51.07156331285103],[3.735299066110399,51.07161868592404],[3.735304725496679,51.07166914817749],[3.735305084822818,51.071719779712076],[3.73530194071931,51.07175325181099],[3.735298077963591,51.07177831353533],[3.735072331332701,51.071834194358246],[3.735089039996981,51.07186100584024],[3.734657130008359,51.071967856497324],[3.73377714035606,51.072171114778875],[3.733710934519612,51.072186580659896],[3.73365407116211,51.07219730517289],[3.733595590837132,51.072203514100345],[3.733536302028367,51.07220509455447],[3.733476025072794,51.07220199009093],[3.733416736264062,51.07219414426404],[3.733359513580455,51.07218161351618],[3.733206799982154,51.0722169479587],[3.733015907984279,51.072261087751514],[3.733004319717122,51.07225307260043],[3.732983478802527,51.07223777607589],[3.732948893664076,51.07220859413126],[3.732925627298219,51.07219019312772],[3.732576631810358,51.072330966263216]]],"type":"Polygon"},{"coordinates":[[[3.699483774721712,51.05909207222917],[3.699717696021722,51.05924942816015],[3.69988990306167,51.05936528514531],[3.6998652892229,51.059379964859595],[3.699823517562168,51.05940486390279],[3.69978183573298,51.059429706472194],[3.699738447104773,51.05945556531438],[3.699694519487374,51.05947764130144],[3.699650322375413,51.05950389533879],[3.699573516418614,51.05945804956919],[3.699562826466721,51.059451669550874],[3.699536236334303,51.05943580419174],[3.699531026105671,51.05943269887171],[3.699521144637532,51.05942682699325],[3.699489164613429,51.059407743383105],[3.699450716719259,51.05938482045636],[3.699445147164521,51.05938143283079],[3.699403465335333,51.05935659023544],[3.699362861484495,51.05933242515265],[3.69929863194166,51.05929408846507],[3.699243655046295,51.059261284882496],[3.69920323085851,51.05923711974995],[3.69919990709195,51.05923514362873],[3.699188139161706,51.059228142512914],[3.699164872795849,51.05921425319936],[3.699121573999152,51.05918839422241],[3.69910908741673,51.05918099787484],[3.699081688800558,51.05916462427669],[3.699044229053194,51.05914226583679],[3.699039557813721,51.05913949926144],[3.699033718764388,51.059135998696405],[3.699017279594671,51.059126174528714],[3.699001918403338,51.0591170278879],[3.698999313288989,51.059115503447615],[3.69891514114689,51.059065253350134],[3.698895827368262,51.05907942501235],[3.698856121832721,51.05905768760038],[3.6991235502928,51.058873568488664],[3.699140708114727,51.0588613164396],[3.699241499089596,51.05892912612663],[3.699260184047522,51.058941660462594],[3.699301686213625,51.058969608631834],[3.699483774721712,51.05909207222917]]],"type":"Polygon"},{"coordinates":[[[3.685729310080472,51.05472406013477],[3.685725537156263,51.05472383427033],[3.685719877769982,51.05471948637976],[3.685715116698965,51.05471892171862],[3.685706313209177,51.05471779239634],[3.685707481019037,51.054722987278666],[3.685693377469107,51.054721067430926],[3.685571206590454,51.05470463578947],[3.685567343834735,51.0547041275943],[3.685570308275156,51.05470090902463],[3.685551892811858,51.05469859391297],[3.685522068744423,51.05469469774922],[3.685513265254635,51.054693511960174],[3.68552305689123,51.05467555572246],[3.685555216578385,51.05467973421866],[3.685593933967152,51.054637949239805],[3.685600312005644,51.05463100389505],[3.685603725603748,51.05462834998256],[3.685616751175361,51.05455104765627],[3.685614056229502,51.05450790736838],[3.685614685050203,51.05450666510819],[3.685613247745748,51.05449514596663],[3.685607678190976,51.05445149742869],[3.685598066217433,51.054437042017646],[3.685582076205399,51.054425071127],[3.685452449309903,51.05436380496357],[3.684898637937224,51.054102138243586],[3.684899536252521,51.05428288833045],[3.684899626084031,51.05430479738394],[3.684899895578627,51.05435821477507],[3.684861357852946,51.054412253235945],[3.684833240584563,51.05441823868329],[3.68480368601169,51.054419368012915],[3.684774580596499,51.05441541535915],[3.684748259958677,51.054406832452734],[3.684745385349765,51.054025682043246],[3.684776556890113,51.054025173840586],[3.684776646721656,51.05401026656065],[3.684753200692746,51.054010887697416],[3.684749876926186,51.05271642060734],[3.684749787094642,51.052702924620434],[3.684746732822678,51.05268609698271],[3.684746553159625,51.05267260098697],[3.684742690403906,51.05243723922397],[3.684742600572396,51.052434415779054],[3.684786707852814,51.05238144792054],[3.684780778971971,51.052335030408294],[3.684802608033372,51.05232266369101],[3.684806650452145,51.05232226840775],[3.684835216878177,51.05231961436296],[3.684844200031018,51.05231876732735],[3.685248441908872,51.05227590730532],[3.685308090043743,51.05226930042097],[3.6853080002122,51.05226562992919],[3.685480386915235,51.052229094403295],[3.685500329514531,51.052228134427715],[3.685501587155934,51.05205392676744],[3.685452000152255,51.05190021690349],[3.685383907853701,51.051781517754286],[3.685138398286568,51.05138391291674],[3.685125552378007,51.051373804753254],[3.685036349670297,51.051303386368666],[3.685027366517456,51.05129570641006],[3.685019102016826,51.051287631158104],[3.685011466336931,51.051279104142274],[3.685004279814651,51.05126995595132],[3.684998530596827,51.051259396000304],[3.684954782642482,51.051171697490396],[3.684889295458277,51.051185589216495],[3.684876808875822,51.051162323396476],[3.684881390283786,51.051161419869224],[3.684943733364483,51.051148149311025],[3.684961879333218,51.051144196378104],[3.684974994736374,51.051141429324815],[3.68500814257037,51.051134370514696],[3.685037337817104,51.05112821523141],[3.685041649730472,51.05112725523302],[3.68504209888812,51.05112815876088],[3.685047668442858,51.05113837991898],[3.685054405807489,51.05115069048206],[3.685022515614896,51.051157353996494],[3.685022515614896,51.051157466937426],[3.685036529333349,51.05118570215736],[3.685030061463314,51.051187057447464],[3.685041559898929,51.05121004090311],[3.685060424519909,51.05124787605098],[3.685067251716049,51.05124640782195],[3.685070395819557,51.05125250661919],[3.685093482522361,51.051275772393915],[3.685227062005119,51.05138182352002],[3.685307281559989,51.05144546537315],[3.685323630898162,51.05145365353776],[3.685342944676757,51.05145862290595],[3.685363695759809,51.0514599781881],[3.685384177348297,51.05145760644433],[3.685413282763488,51.051449248870064],[3.685434123678082,51.05144117364487],[3.685445891608325,51.05143219489635],[3.685452089983764,51.05142123969137],[3.685452449309903,51.051411300946434],[3.685448227228046,51.051401701020374],[3.685441579694958,51.051394811660394],[3.685419211644364,51.05137826589831],[3.685408252197909,51.05135996955385],[3.685406994556506,51.05134822374862],[3.685409779333908,51.05133664735116],[3.685417864171451,51.05132405448625],[3.685430620248502,51.05131315572596],[3.685430350753907,51.05130750869888],[3.685422625242468,51.051276506507996],[3.685413462426574,51.051258718356316],[3.685399808034226,51.051239970201756],[3.685396843593804,51.051226643195704],[3.685402772474681,51.05121105737017],[3.685418133666048,51.05119835153029],[3.68543277620517,51.051193212722964],[3.685440322053555,51.05119055861346],[3.685465654544569,51.051189033912166],[3.685465025723868,51.05116283163051],[3.685562762426771,51.05114233285245],[3.685697958877037,51.051113928194525],[3.685703258937212,51.051125335236165],[3.685725267661666,51.05117751394534],[3.685739550874683,51.051209024436034],[3.685744401777243,51.05121975380968],[3.685744940766401,51.05121964086894],[3.685755451055241,51.051243697245106],[3.685775213991485,51.05128887350463],[3.685794707433133,51.05133348501767],[3.685798929514991,51.051333880309365],[3.685799019346501,51.051501766034534],[3.685799019346501,51.05164734556185],[3.685798480357342,51.0517568404905],[3.685798210862747,51.051836575675324],[3.685804499069729,51.05195747699325],[3.685805397385026,51.0519709731974],[3.685854894557162,51.05197074731953],[3.685855343714811,51.052011122969716],[3.685808002499342,51.052011122969716],[3.685808810983096,51.052024619158225],[3.685816536494535,51.052144955292746],[3.685863159057792,51.052364958979915],[3.685863248889336,51.052365354262804],[3.68587474732495,51.05240827067097],[3.685903942571684,51.05251646501816],[3.685918944436944,51.052545489972275],[3.68595101429259,51.052607492634294],[3.685937270068732,51.0526142688765],[3.685929724220347,51.052608057321194],[3.685926310622277,51.05260969491312],[3.685909781621051,51.05261748759119],[3.685886874581298,51.05262821663854],[3.685871513389932,51.052635444626944],[3.685868189623372,51.0526370822179],[3.685876813450107,51.052644140798975],[3.685840072354988,51.05266565534749],[3.685812943233411,51.05268163596364],[3.685798210862747,51.05273437760473],[3.685800097324852,51.05286278687366],[3.685812673738816,51.053034111614764],[3.685844923257514,51.05315557448658],[3.685921998708909,51.05330114881516],[3.685940683666802,51.05332616406293],[3.685961434749887,51.053392174888906],[3.685977514593465,51.05347986919399],[3.685982545159044,51.0535681280082],[3.68597715526736,51.05364503670336],[3.685959188961677,51.05374266877631],[3.685941042992908,51.053829458942495],[3.685928825905049,51.053885361435746],[3.685923615676418,51.053969610318305],[3.685887593233509,51.05414849751777],[3.6858429469639,51.05433839501026],[3.685839892691935,51.0543838505836],[3.685884269466982,51.0543896666351],[3.685880766037369,51.05441541535915],[3.685847977529479,51.05441197090348],[3.685844653762952,51.05442529699288],[3.685876184629405,51.05442857204816],[3.685870794737721,51.05444167226699],[3.685783119165976,51.05465743007921],[3.685765512186399,51.05470085255851],[3.685747995038365,51.05469853744683],[3.685743233967349,51.05469492361378],[3.685722123558192,51.05469226970496],[3.68572535749321,51.05470644270565],[3.685729310080472,51.05472406013477]]],"type":"Polygon"},{"coordinates":[[[3.79319027594327,51.07035293462314],[3.793164853620712,51.070373142661985],[3.793130537976856,51.07035603921071],[3.792891136953652,51.070236992240794],[3.792880536833301,51.07023174265186],[3.792873440142531,51.07022824292559],[3.792848017820007,51.07021565519817],[3.792845592368744,51.07021446980662],[3.792840022813972,51.07021164744568],[3.792838046520358,51.0702106313957],[3.792832476965587,51.07020786548178],[3.792827087073869,51.07020425285923],[3.79282097852994,51.07020018865848],[3.79281864291022,51.070198100110765],[3.792811276724887,51.070191552230824],[3.792810198746537,51.07018952012996],[3.792805347844011,51.070180657911244],[3.792792412103907,51.070152716509895],[3.792790435810293,51.070139959420054],[3.792790076484188,51.07013781442229],[3.79278576457082,51.07011111483668],[3.792819361562431,51.070085769972636],[3.79282133785608,51.07008407655135],[3.792823673475799,51.07008227023532],[3.793305350131153,51.06969746685723],[3.793471448627172,51.069737431916145],[3.793472796100119,51.06979060571223],[3.793475221551382,51.06980883832672],[3.793486450492434,51.06982187774636],[3.793518789842642,51.0698313609583],[3.7935442121652,51.06983006266152],[3.793549242730779,51.06982690159102],[3.793538912105025,51.06984361010419],[3.793539810420322,51.069843892342526],[3.793543134186849,51.0698448519529],[3.79354753593176,51.06984631959223],[3.793552656328882,51.069847674336216],[3.793535229012358,51.069871608139785],[3.793532713729552,51.06987093076813],[3.793529479794535,51.06987014050121],[3.793523640745201,51.06986878575793],[3.793521035630852,51.06986822128154],[3.793508728711483,51.069886171627395],[3.793469831659664,51.06987375314986],[3.79341934634072,51.06986799549098],[3.793407578410477,51.06986731811928],[3.793395810480267,51.0698676003575],[3.793384132381566,51.069868729310265],[3.793371196641463,51.06987121300634],[3.793358979553604,51.06987488210251],[3.793347660781043,51.06987962370327],[3.793312087495784,51.06989621930224],[3.793210128711023,51.06995385227136],[3.793193779372849,51.06996440795918],[3.793184796220009,51.06997253640164],[3.79313970079275,51.070017073467355],[3.793067027086266,51.070091922735976],[3.793046365834725,51.07012528311763],[3.79304663532932,51.070137983764226],[3.793049509938232,51.070151531116736],[3.793055079493003,51.0701647962289],[3.79306325416209,51.07017749686465],[3.793098018963561,51.07021232481235],[3.793158385750677,51.07025748256613],[3.793197013307901,51.0702745296067],[3.793242917218914,51.07027373934666],[3.793244174860317,51.07027373934666],[3.79319027594327,51.07035293462314]]],"type":"Polygon"},{"coordinates":[[[3.711973860600586,51.06925017195061],[3.712127292851132,51.06914929856196],[3.712827978772745,51.068888562130844],[3.712948353020803,51.068901601809735],[3.712979075403537,51.0689240119852],[3.712867324982179,51.06905570682733],[3.71296218707617,51.069312547383085],[3.71305633051795,51.06936250411683],[3.713283604284839,51.06942250857433],[3.713198713490497,51.06948437574161],[3.712943591949787,51.06957491841762],[3.71266727016841,51.06949436705556],[3.711973860600586,51.06925017195061]]],"type":"Polygon"},{"coordinates":[[[3.748303167994836,51.04829822296693],[3.748340268416061,51.0482935356294],[3.748373236587004,51.048362038478984],[3.748178302170357,51.04835667346147],[3.747963964143571,51.04835362387228],[3.747830564323866,51.048344700999],[3.747709830749668,51.04833278500737],[3.747718274913351,51.04831476982939],[3.747650002951745,51.048305564578975],[3.74764793682662,51.04832120785619],[3.747544181411298,51.048305564578975],[3.747549930629122,51.048294947478105],[3.747558823950419,51.04827360032106],[3.747586851387293,51.0482218701325],[3.747655392843462,51.04806396845734],[3.747789601146922,51.048085259236764],[3.74781358616499,51.04804279061662],[3.747953094528625,51.04806227423042],[3.748105269137767,51.04807616688919],[3.748155125636009,51.04808074130032],[3.748225912880422,51.04807238311667],[3.74827828466147,51.04827749702505],[3.748299664565223,51.048275802805975],[3.748303167994836,51.04829822296693]]],"type":"Polygon"},{"coordinates":[[[3.707232822025593,51.0544452861198],[3.707245578102643,51.05444912583811],[3.707246027260258,51.05445268322393],[3.707208477681385,51.05450203486536],[3.707253573108643,51.054515643260636],[3.707288876899341,51.054526258935546],[3.707301902470953,51.054530155113476],[3.707371072747824,51.05455116058887],[3.707369455780315,51.05455381450584],[3.707338014745372,51.05460198024805],[3.707349872507125,51.054605085892106],[3.70736074212207,51.054607909204684],[3.707360831953579,51.05460796567092],[3.707359125154527,51.05461011138838],[3.707343853794704,51.054630778030166],[3.707342506321792,51.054630439232824],[3.707340170702038,51.05463360134117],[3.707341518174985,51.054633940138494],[3.707339092723722,51.05463727164522],[3.707323731532354,51.054658107673504],[3.707322563722495,51.05465771241018],[3.707320048439689,51.05466087451663],[3.707321306081091,51.054661269779935],[3.707319778945092,51.054663415494915],[3.707301363481761,51.054688317074486],[3.707300016008849,51.05468797827761],[3.707297860052182,51.054691309780445],[3.707298938030498,51.05469159211121],[3.707291392182113,51.05470186894895],[3.707280792061764,51.054715929014456],[3.707278995431202,51.05471530788715],[3.707277737789799,51.05471694540456],[3.707276210653833,51.05471897818476],[3.707258424011204,51.05471367036968],[3.707257705358959,51.054713444505204],[3.707252584961837,51.05471191991993],[3.707217640497279,51.05470141721984],[3.707241445852328,51.054668271586316],[3.707228869438331,51.05466454481856],[3.707158172025494,51.054643200597326],[3.707075077861713,51.05461841192594],[3.706947786585938,51.05458057953171],[3.706907003072046,51.05456855221188],[3.706879245129769,51.05458351577836],[3.706664457945335,51.0548755019891],[3.706643347536144,51.0548666933042],[3.706631579605934,51.05486155490392],[3.706596096152218,51.05484732548472],[3.706518122385559,51.05481598686755],[3.706489016970335,51.05480446780289],[3.706453353853567,51.05479040776427],[3.706460360712793,51.0547843094329],[3.706614511615549,51.0548458573698],[3.706736502831117,51.05468504203759],[3.706654576477196,51.054650145940215],[3.706520727499876,51.05459678535215],[3.706429728161603,51.05456002580011],[3.706413109328834,51.054553419241614],[3.706369900363679,51.05453614054562],[3.706356605297471,51.054530832709624],[3.706348789954489,51.05452772706059],[3.70634043562235,51.054524339079606],[3.706322020159019,51.054516941986975],[3.706336393203578,51.05450271246188],[3.706355796813716,51.05448390915419],[3.70616885740307,51.05440694538571],[3.706089985321146,51.054483005691736],[3.706073546151429,51.054476060323786],[3.7060579154655,51.05446945375326],[3.706043901747081,51.05446352477895],[3.706076420760342,51.05443179063675],[3.706055310351184,51.054423094800406],[3.706050728943222,51.05442123140669],[3.706042733937187,51.054417899884434],[3.706053693383676,51.054407284184684],[3.706054681530484,51.054406324254266],[3.706086931049182,51.05437504180516],[3.705967724610983,51.054325746495],[3.705998626656736,51.054296270923615],[3.706103819376513,51.05419434854475],[3.706088278522095,51.054187911334324],[3.706074983455886,51.054182377591346],[3.706076780086447,51.05417989305344],[3.706077319075639,51.05417915898542],[3.706077947896341,51.05417853785092],[3.706078666548552,51.05417786024962],[3.706079475032306,51.05417729558186],[3.706080283516061,51.05417667444733],[3.706081271662867,51.05417610977961],[3.706082259809708,51.05417554511183],[3.706083427619569,51.05417503691082],[3.706084595429429,51.054174585176604],[3.706085853070832,51.054174189909155],[3.706087110712235,51.054173907575276],[3.706087919195989,51.05417373817493],[3.706088727679744,51.054173625241354],[3.706089536163498,51.054173568774594],[3.706090434478796,51.05417351230783],[3.706091242962549,51.05417351230783],[3.706092141277813,51.054173568774594],[3.706092770098515,51.054173625241354],[3.706093398919217,51.054173681708164],[3.706094027739918,51.0541737946417],[3.70609465656062,51.054173907575276],[3.706095285381322,51.05417407697563],[3.706095914202022,51.05417430284273],[3.706103549881918,51.05417718264834],[3.706105077017917,51.05417786024962],[3.706106693985426,51.05417859431769],[3.706108310952935,51.05417932838575],[3.706109838088933,51.05418006245376],[3.70611127539339,51.05418085298855],[3.706112802529355,51.05418164352334],[3.706114419496864,51.05418260345843],[3.706116036464372,51.05418361986023],[3.706117653431881,51.05418463626203],[3.706119090736337,51.054185709130564],[3.706120707703846,51.054186781999114],[3.706122234839845,51.054187798400825],[3.706125917932511,51.054190170004745],[3.706130858666581,51.054193445076685],[3.706134272264651,51.05419553434657],[3.706137865525774,51.054197454216094],[3.706141638449983,51.054199261152064],[3.706145591037212,51.054200955154506],[3.706149543624474,51.05420259269011],[3.706153496211736,51.054204117292144],[3.706156011494509,51.05420507722676],[3.706158526777316,51.054205980694626],[3.706161042060121,51.05420682769571],[3.706163647174437,51.05420767469678],[3.706166252288754,51.054208465231106],[3.70616885740307,51.05420919929869],[3.706172809990332,51.05421027216664],[3.706176852409103,51.05421123210113],[3.706180984659418,51.05421207910212],[3.706185116909733,51.05421286963637],[3.706189338991558,51.054213547237126],[3.706193561073382,51.05421416837115],[3.706203712036118,51.05421546710595],[3.706204071362223,51.05421552357267],[3.706204340856819,51.05421558003938],[3.706204520519872,51.05421569297285],[3.706204790014434,51.05421580590629],[3.70620505950903,51.05421586237305],[3.706205329003626,51.054215975306484],[3.706206317150433,51.054216257640135],[3.706207215465731,51.05421648350705],[3.706208203612538,51.05421682230738],[3.706209101927802,51.05421710464104],[3.706251053251587,51.054223315980515],[3.706254736344253,51.054223993581125],[3.706258419436919,51.05422461471502],[3.706221408847203,51.054304006851275],[3.706798666248794,51.05441044630828],[3.706841695550895,51.05441840808274],[3.706846097295772,51.05441919861347],[3.706871878944436,51.054423772398124],[3.707013543264738,51.05444985990189],[3.707110112157781,51.05447154301074],[3.707190691038756,51.05446245191683],[3.707287080268745,51.05433161902039],[3.707312682254356,51.05433619281365],[3.707232822025593,51.0544452861198]]],"type":"Polygon"},{"coordinates":[[[3.693816932414916,51.08993134543109],[3.693789264304148,51.08996452224074],[3.693785221885376,51.08994889303239],[3.693782437108007,51.08993800336419],[3.693771567493061,51.08992931419708],[3.693755397817941,51.089925138882464],[3.69373806033296,51.08992638019225],[3.693705990477314,51.08994161444614],[3.693681915627703,51.08994889303239],[3.693652450886406,51.089952504113455],[3.693622536987427,51.0899510371118],[3.69361094872027,51.08995227842091],[3.693534412258068,51.08992276910911],[3.693506384821194,51.0899105252782],[3.693461828383093,51.08988925373022],[3.693280278864164,51.0898298400443],[3.693261504074728,51.08983311259498],[3.693245244568098,51.08983982696549],[3.693233117311749,51.08984941892169],[3.693226110452555,51.08986081641996],[3.69322197820224,51.08986758720971],[3.693185237107121,51.08985556905723],[3.693188291379085,51.08984631564194],[3.693191525314103,51.08984247885944],[3.693220181571679,51.08980822991925],[3.693241741138484,51.08981116393162],[3.693265276998937,51.08980856845917],[3.693285399261287,51.08980100773427],[3.693299862137389,51.08978938452787],[3.693352952570682,51.089722579246136],[3.693355557684998,51.089716203399185],[3.693356366168752,51.08970441090114],[3.69335241358149,51.08969284409395],[3.693343250765596,51.08968184151854],[3.693331931993002,51.08967467573728],[3.693351874592332,51.089650921446506],[3.693368673088155,51.0896315117557],[3.693371996854681,51.089632583802775],[3.693379183376961,51.08963495359099],[3.69338529192089,51.089636928414386],[3.693409815928151,51.08964556121292],[3.69340640233008,51.08964968012933],[3.693405773509379,51.08965001867035],[3.693400383617661,51.08965323481026],[3.69339131063331,51.08966282680516],[3.693388436024398,51.0896738293851],[3.693392208948574,51.08968471911546],[3.693402000585169,51.08969397256304],[3.693567290597468,51.08974650277029],[3.693585077240097,51.089752201532455],[3.693588850164273,51.08975338642351],[3.693610050404973,51.08975840810433],[3.693615260633638,51.089759592995236],[3.693652989875564,51.08976884642788],[3.693743719719274,51.08979310846808],[3.693752253714467,51.08980061277099],[3.693750726578468,51.08980975334879],[3.693768243726501,51.08982656749336],[3.693778394689236,51.08984569498597],[3.693780640477446,51.08986318619649],[3.693775250585728,51.08988440133325],[3.693776059069482,51.089891341389205],[3.693783874412464,51.08990025625625],[3.693797798299374,51.08990561646032],[3.693813967974461,51.08990589857629],[3.69382834101902,51.089901102604294],[3.693847115808458,51.089894839628364],[3.693816932414916,51.08993134543109]]],"type":"Polygon"},{"coordinates":[[[3.703097247952083,51.02210012272036],[3.703086468168679,51.02209650634391],[3.703053320334717,51.022088256483975],[3.703043798192684,51.02208588323632],[3.702995199335811,51.022077237833145],[3.702919740851959,51.022065823638286],[3.70290303218768,51.02206333737762],[3.702862248673755,51.0220552570296],[3.702834221236915,51.022048589328776],[3.702779154509974,51.0220337282633],[3.702645485195707,51.021994287085526],[3.702635963053707,51.02198920154441],[3.702630752825042,51.0219820817859],[3.702630842656585,51.021974227447856],[3.702634795243847,51.021968407326],[3.702689502644648,51.02192840103175],[3.702747533811978,51.021892519650876],[3.70276657809601,51.02188257457029],[3.702829819492004,51.02192987019004],[3.702830448312706,51.02193037874481],[3.702865123282667,51.0219119577567],[3.702856050298316,51.021905177023015],[3.702801612392077,51.02186421006934],[3.70281005655576,51.02185980258807],[3.702876531886771,51.02183036286241],[3.702955403968728,51.021801262155535],[3.702973819432059,51.021794481405664],[3.702996007819566,51.02178628799824],[3.703010919853284,51.02177967676504],[3.70304289987742,51.02176560670141],[3.703057362753489,51.02175809136449],[3.703111620996641,51.021756339669224],[3.703174323403477,51.02175006746957],[3.703242775028136,51.021738709700465],[3.703286612813992,51.02173531932108],[3.703337726953671,51.021736053903275],[3.703388032609561,51.02174164802904],[3.703377342657668,51.021795724543196],[3.703374647711842,51.021838951805385],[3.703379857940475,51.02187907118915],[3.703390008903176,51.02191099715281],[3.703415700720329,51.021965073469445],[3.703430253427908,51.02200417563613],[3.703436721297976,51.022030224893584],[3.703438967086187,51.02203915283528],[3.703441123042854,51.02204802426934],[3.703446512934572,51.02209209888467],[3.703444985798573,51.022129844803956],[3.703436631466433,51.022167251657706],[3.703421539769663,51.02220381089498],[3.703399890371314,51.02223895746067],[3.703310508000551,51.022200759584166],[3.703274126231538,51.022229012454446],[3.703271610948731,51.022231272683314],[3.703249332729681,51.02222093213531],[3.703198038926983,51.02219708670978],[3.703197589769334,51.0221836383364],[3.70319336768751,51.02217086802868],[3.703183486219371,51.02215510290943],[3.703169741995513,51.02214046790142],[3.703158423222952,51.0221313704617],[3.703146026472007,51.02212295109046],[3.703141894221726,51.02212057784458],[3.703132461911236,51.02211515328212],[3.703129138144675,51.022113571117956],[3.703117999035167,51.022108146554686],[3.703102548012258,51.02210193090849],[3.703100032729485,51.02210102681445],[3.703097247952083,51.02210012272036]]],"type":"Polygon"},{"coordinates":[[[3.709633749285455,50.99405597001768],[3.709623328828158,50.99406026706164],[3.709608955783632,50.99407366705148],[3.709560356926759,50.994110078818586],[3.709521998864131,50.99412986781049],[3.70946172190856,50.994144907438695],[3.709400995795338,50.994142419680955],[3.709327154278995,50.99412183913478],[3.709282957167,50.99410414211939],[3.709269931595387,50.99409894043946],[3.709211451270409,50.99407547633251],[3.709070146276213,50.99401469575934],[3.70892785313521,50.99396109570874],[3.70879355500024,50.993920386768224],[3.708693033519936,50.99389703565147],[3.708603830812226,50.99388171324161],[3.7084564172741,50.99386554272241],[3.708335953194498,50.993846262480616],[3.708209111076371,50.993800860589225],[3.708117213422802,50.99373804420051],[3.708065380630912,50.99364605280995],[3.708039688813792,50.993578826042274],[3.708047054999124,50.993573793925385],[3.708046875336071,50.99356955337702],[3.708034298922074,50.99355892373411],[3.708030975155546,50.99355615324166],[3.708023608970214,50.99353675978994],[3.707970069379272,50.993456471944384],[3.70793817918668,50.993428484247296],[3.707978154216816,50.9932883193446],[3.707992527261375,50.99328306103218],[3.708006990137444,50.993277237309215],[3.708021093687408,50.993271074339404],[3.708034837911265,50.99326462866368],[3.708051456744001,50.99325614751006],[3.708064212821052,50.99324907988087],[3.708079394349366,50.993239976772884],[3.708090982616522,50.99323245681277],[3.70810481667189,50.993222957914035],[3.708117842243503,50.99321328939011],[3.708130059331362,50.99320350778199],[3.7081414679355,50.99319378271288],[3.708154044349464,50.99318213524376],[3.708163566491464,50.993172579793566],[3.708173897117251,50.99316138464829],[3.708182970101602,50.99315052874722],[3.70819069561304,50.993140238255336],[3.708197253314618,50.99313051317299],[3.708202553374793,50.99312135350056],[3.708207494108862,50.99311140224942],[3.708210548380827,50.99310359956242],[3.708213422989739,50.993094213719736],[3.708214860294195,50.993085958699915],[3.708215129788791,50.99308058728215],[3.708214860294195,50.99307595089998],[3.708214411136546,50.99307323691993],[3.70821297383209,50.9930688267021],[3.708211985685283,50.993067073923065],[3.70821063821237,50.993065603850305],[3.708209111076371,50.9930643599425],[3.708207134782757,50.99306334219976],[3.708204709331494,50.99306243753954],[3.708315561437553,50.99301319007136],[3.708511214506411,50.99290270819029],[3.708565562581107,50.99287081879596],[3.708600417214155,50.99285289513739],[3.708650004217834,50.99283536726271],[3.708686026660709,50.99282626407357],[3.708743698501965,50.99282456782696],[3.708785919320313,50.99283090048068],[3.708828768959361,50.992838420505905],[3.708867037190479,50.99285436521694],[3.708891740860792,50.992874324368735],[3.708906832557563,50.99289343538994],[3.708904047780161,50.99291401648088],[3.708890213724793,50.992940590952955],[3.708868294831849,50.99296496029585],[3.708868564326444,50.99297123638904],[3.708870989777708,50.992971519095946],[3.708921564928228,50.992981640001155],[3.708925068357808,50.99297875639152],[3.708926505662263,50.99297892601559],[3.709007084543272,50.99298000030158],[3.709089819380913,50.99297847368466],[3.709168960957467,50.99298305353522],[3.70933317299138,50.99300697052516],[3.709377819261024,50.9930139251086],[3.709424890981897,50.993026024950446],[3.70950520036831,50.99305582221103],[3.709550385627112,50.99308556291126],[3.709574999465882,50.993108066318186],[3.709600781114545,50.993144196137116],[3.709613267696999,50.993172184005644],[3.709620633882299,50.993214307129556],[3.709617040621175,50.993249927996416],[3.709609943930439,50.99326994351919],[3.709598894652441,50.99328967632831],[3.709584162281776,50.993308561014615],[3.70956493833469,50.99332778493886],[3.709509602113187,50.9933688901855],[3.709412584062529,50.99342899311465],[3.709359134303097,50.99346512268372],[3.709335059453485,50.993490509484616],[3.70931349988668,50.99352991836626],[3.709293287792787,50.99357865642036],[3.70928169952563,50.993627564045056],[3.709281250367981,50.993676415077616],[3.709292748803595,50.99372520951835],[3.709314667696539,50.99377343850379],[3.709345479910783,50.99382042355162],[3.709347905362046,50.99382330710895],[3.709466303316489,50.99382392905265],[3.709574640139776,50.99383077043299],[3.709646415530962,50.9938498810603],[3.709697978828289,50.99388193940268],[3.709734450428813,50.993928528559174],[3.709723311319304,50.99397376070519],[3.70968585157194,50.99401820124571],[3.709659261439523,50.99404539702625],[3.709633749285455,50.99405597001768]]],"type":"Polygon"},{"coordinates":[[[3.776010624955152,51.10603227765773],[3.775992029828802,51.10602810379705],[3.77601942844494,51.10598004796824],[3.776063715388445,51.10589989840552],[3.77608554444988,51.10585703158726],[3.776034070984095,51.105832326745045],[3.775924117193301,51.10577953279131],[3.77584093319801,51.105739598863124],[3.775785417313454,51.10571297622521],[3.775768349323036,51.10570496686927],[3.775772212078754,51.105690301847794],[3.775804102271348,51.10563812817586],[3.775805719238856,51.10563558999571],[3.775824673691345,51.10560586507571],[3.775830153414574,51.10559830693365],[3.77585153331836,51.105568694797874],[3.775878931934532,51.1055392518555],[3.775899952512179,51.1055089064278],[3.77590561189846,51.10550490173232],[3.77593858006937,51.10551358797276],[3.776095875075634,51.10555216839765],[3.776088059732652,51.105562433943874],[3.776107732837387,51.105568299969256],[3.776128304257385,51.1055741659939],[3.776150672307979,51.10558059605852],[3.776237898722041,51.10560507541918],[3.776337162560942,51.105632995411426],[3.77639097164648,51.105648280895],[3.776489965990786,51.105675918841385],[3.776480803174892,51.105690527463544],[3.776440828144722,51.10567902105885],[3.776380820683745,51.105764021735745],[3.77638270714585,51.10576447296651],[3.776368244269781,51.10578517317386],[3.77636869342743,51.10578585001969],[3.776312638553683,51.105859682562695],[3.776231341020463,51.105973223134036],[3.77623116135741,51.1059735615556],[3.776219932416358,51.10599386684433],[3.776148067193628,51.10597779182481],[3.776124890659315,51.10597305392325],[3.77608779023809,51.10596481899797],[3.77606290690469,51.106007798523365],[3.776077998601461,51.1060111263327],[3.776048444028621,51.10603035993802],[3.776020865749397,51.10602466318183],[3.77601484703701,51.10602336590063],[3.776010624955152,51.10603227765773]]],"type":"Polygon"},{"coordinates":[[[3.777780575559463,51.08388605449978],[3.777827198122722,51.08404840488081],[3.777767639819393,51.08405574082482],[3.777752727785676,51.084057546595474],[3.777752637954133,51.08405760302579],[3.777705745896312,51.08406347177989],[3.777419093489149,51.08409552419305],[3.777381454078732,51.08406572899281],[3.77734076039635,51.083938704164396],[3.777322704259158,51.083882386514446],[3.777331867075052,51.08387916997325],[3.777339233260385,51.08387663059849],[3.777764765210482,51.083830978259115],[3.777780575559463,51.08388605449978]]],"type":"Polygon"},{"coordinates":[[[3.775288109972137,51.0567069944618],[3.775297542282627,51.055967257748776],[3.776220291742498,51.05598453591076],[3.776240863162496,51.05673708959883],[3.775288109972137,51.0567069944618]]],"type":"Polygon"},{"coordinates":[[[3.764766322712325,51.100819057522465],[3.764766143049272,51.100824134411546],[3.764718532339207,51.10082729336449],[3.764635348343883,51.100832765121716],[3.76455988986003,51.10083772918961],[3.764470956646882,51.10084353940473],[3.764463231135444,51.10084404709337],[3.764404032158223,51.10084793937294],[3.764376813205136,51.100849744487995],[3.764311056526336,51.10085408804583],[3.764313931135248,51.100871687912274],[3.764314380292863,51.10087416994421],[3.764316715912617,51.10088849803489],[3.76431644641802,51.10089346209674],[3.764312015927036,51.100900047375305],[3.764303690341003,51.10090491328292],[3.764296952976373,51.10090745172283],[3.764288598644232,51.100910610670084],[3.764252845695921,51.100924092603144],[3.764241796417922,51.100926405403015],[3.76424008961887,51.100926518222494],[3.764216194432311,51.10092809769549],[3.764196431496067,51.10092939511972],[3.764159780232491,51.100931820738786],[3.764152234384106,51.100932159197214],[3.764152144552563,51.100932159197214],[3.764132063612713,51.100931891815044],[3.764112244980916,51.10092983511575],[3.764093090204107,51.10092603027817],[3.764074985557871,51.100920554583254],[3.764058297554826,51.10091351802955],[3.764043361266586,51.10090506276884],[3.764030479425442,51.100895360286195],[3.764019912542751,51.1008846057587],[3.76400760562335,51.100869826388255],[3.763991346116719,51.10085025217662],[3.763980117175667,51.10083682663183],[3.763974278126301,51.10082983180866],[3.763974098463248,51.100829549759304],[3.763956311820618,51.10080817041399],[3.764013803998822,51.100806929396285],[3.763997634323701,51.100659191640894],[3.763917863926481,51.10066263265546],[3.763919660557042,51.100678765933445],[3.763888219522098,51.10068011977466],[3.763879110605096,51.100679548340864],[3.763870821849979,51.10067710183683],[3.76386429738606,51.100673058363924],[3.763860281916767,51.100667878791924],[3.763853454720593,51.10065276089168],[3.763850669943225,51.10064655578192],[3.76383602740407,51.10061158151143],[3.763834949425752,51.10060881741476],[3.763827134082771,51.10058856617062],[3.763816264467826,51.10055816108271],[3.763839930583991,51.100554555906676],[3.763864211147805,51.100553405138506],[3.763888468355427,51.10055474036805],[3.763912062606359,51.10055852549259],[3.763934376758026,51.10056466122962],[3.763954821515567,51.10057298680916],[3.763972861483112,51.10058328279445],[3.763988022350159,51.10059527897953],[3.76399098679058,51.10059843794811],[3.763991076622124,51.10059939692068],[3.764016049787033,51.10059787384659],[3.764047670485029,51.1005968020537],[3.764045651970585,51.10058813237648],[3.764041386769599,51.100579792133026],[3.764034989866468,51.100572010913],[3.764026639127584,51.10056500138308],[3.764016564521669,51.10055895759472],[3.764005040933203,51.10055404539434],[3.763992386365791,51.100550399038504],[3.763978949365774,51.10054812006597],[3.763960794413901,51.10054306176198],[3.763943483878367,51.10053694125285],[3.763927174066065,51.10052981438432],[3.763912013199018,51.10052174489952],[3.763898136024524,51.10051280556721],[3.763885669205005,51.10050307761762],[3.7638747250299,51.10049264848618],[3.763865402313856,51.100481612377656],[3.763864593830102,51.100481612377656],[3.763854173372804,51.100439981562225],[3.763851388595436,51.10043298667902],[3.763837824034664,51.100378889118886],[3.763818869582142,51.100379453223084],[3.763807101651931,51.100379848096004],[3.763805754179019,51.10037990450642],[3.763791201471407,51.10037843783554],[3.763778445394356,51.10037369936004],[3.763769372410005,51.10036636600419],[3.76376524015969,51.100357453154736],[3.763765060496637,51.10035373006519],[3.763764431675936,51.10033596077014],[3.763760209594111,51.10021952941071],[3.763762006224673,51.10020418572134],[3.76376631813804,51.100190139471785],[3.763772067355864,51.10017225729255],[3.763796681194635,51.10016746238525],[3.763819857728982,51.10016024181804],[3.763840968138138,51.10015076482186],[3.763859024275364,51.100139539091735],[3.763883009293433,51.10011844148099],[3.763889477163501,51.10011093885241],[3.763902772229677,51.100095651537735],[3.763917863926481,51.10007212824297],[3.763929631856691,51.10004555875171],[3.763938076020373,51.10003433299603],[3.763957210135916,51.10001944053203],[3.763982273132334,51.10000860964611],[3.763982093469282,51.10000844041349],[3.764001227584825,51.099994676158936],[3.764000958090262,51.09999456333719],[3.764001676742473,51.09999411205005],[3.764003832699141,51.099992814599624],[3.7640415619411,51.099969009197906],[3.764065816453764,51.09995688084873],[3.764088992988079,51.09994824997503],[3.764121062843725,51.099940070387355],[3.764128429029058,51.09993691137378],[3.764140376622353,51.0999294651267],[3.764140466453863,51.099922921454045],[3.764174782097719,51.09992348556381],[3.764204426502102,51.09992399326255],[3.764230387813818,51.09992720868795],[3.764241976080975,51.09992861896218],[3.764241976080975,51.099936234442296],[3.76424610833129,51.09994334222258],[3.764278717176095,51.099965680953545],[3.764289227464935,51.099976850314995],[3.764296863144829,51.099988978658935],[3.764294258030513,51.10000556345899],[3.764284915551567,51.10002660471041],[3.764287520665883,51.10003664584036],[3.764296054661076,51.10004533310841],[3.764310248042581,51.10006417432042],[3.764312314167706,51.100070153865154],[3.764317075238722,51.100075569301225],[3.764324082097949,51.10007980011021],[3.764332885587737,51.10008256423851],[3.764344923012543,51.10008352322178],[3.764366752073945,51.10008042062883],[3.764383909895873,51.10008058986118],[3.764403313506011,51.10008442579426],[3.764423525599903,51.100093338696354],[3.764434754540955,51.100096441288436],[3.764447510617972,51.10009756950371],[3.764457392086111,51.10009412844709],[3.764480568620425,51.10011900558836],[3.76448470087074,51.10012351844705],[3.764474460076495,51.10012718514438],[3.764470597320777,51.100146590430064],[3.76447185496218,51.10017535987934],[3.764478502495268,51.10018472404914],[3.764493863686634,51.1001944830916],[3.76451425544358,51.10019944722801],[3.764535994673471,51.10019888312162],[3.764555847441259,51.100192734361585],[3.764600224216272,51.10023464745263],[3.764604266635044,51.10023842696234],[3.764593756346237,51.10024186800822],[3.76457776633417,51.10026883226054],[3.764576778187362,51.10028761697094],[3.7645845036988,51.10030578115813],[3.764594295335395,51.10031638633245],[3.764609566695253,51.10032591970515],[3.764626005864936,51.1003321812684],[3.764650170546091,51.10033782231565],[3.764676491183913,51.100350514669444],[3.764693738837351,51.10036670446681],[3.764707662724261,51.100388309657895],[3.764727695155101,51.100443648234496],[3.764731468079277,51.100499776488626],[3.764729761280258,51.100506376489925],[3.764725269703838,51.10051246879796],[3.764717454360857,51.100517940592454],[3.764707393229665,51.100521720079016],[3.764665352074371,51.10052578161644],[3.764648733241635,51.100530012384226],[3.764633461881778,51.1005359354585],[3.764619717657954,51.100543607248774],[3.76460830905385,51.100552689292975],[3.764599595395571,51.1005628995393],[3.764593846177781,51.100573899525884],[3.764504643470037,51.100576437983975],[3.764505182459229,51.100586422584364],[3.764082974275692,51.100596294362305],[3.764083872590956,51.100610396898574],[3.764083872590956,51.10061468406878],[3.764016948102296,51.10061558663084],[3.764037789016891,51.10080642170718],[3.764054857007309,51.1008060268379],[3.764056653637871,51.10080597042802],[3.764093664227552,51.100805124279546],[3.764159420906353,51.100803657622166],[3.764181788956946,51.10080314993304],[3.764371243650365,51.10079897560015],[3.7643989117611,51.10079835509117],[3.764482904240178,51.10079638074442],[3.764519735166841,51.10079564741557],[3.764519914829894,51.10080856528326],[3.764651338355951,51.10080568837855],[3.764650619703706,51.10079226282082],[3.76464576880118,51.100706406851145],[3.764645589138127,51.10070290942984],[3.764642894192268,51.10065428396391],[3.764648823073145,51.10065400191352],[3.764717993350015,51.10065039166803],[3.764738115612398,51.100649376286455],[3.764745302134678,51.10064898141583],[3.764752129330818,51.100648812185554],[3.764754914108221,51.100648868595634],[3.764762044934947,51.10065019874555],[3.764767909137098,51.10065307791634],[3.764771695536032,51.10065710728848],[3.764772880413903,51.10066173009425],[3.76476829900594,51.1007713911477],[3.764768119342886,51.10077703214136],[3.764767580353728,51.100789780784524],[3.764766322712325,51.100819057522465]]],"type":"Polygon"},{"coordinates":[[[3.716951335758362,51.09158225779804],[3.716943430583872,51.09158293485188],[3.716941364458714,51.091575035890045],[3.716940286480364,51.091575148732375],[3.716938400018293,51.09156730619042],[3.716924206636787,51.09151049003733],[3.716920972701769,51.09149768241425],[3.717038831667054,51.09148797795736],[3.717035507900494,51.091472179999975],[3.717071799837965,51.09146918967171],[3.717075123604525,51.09148504405141],[3.717193162232864,51.09147889413252],[3.717201157238898,51.091473703374696],[3.717235922040369,51.09145090917023],[3.717297366805802,51.091410624335914],[3.717296827816643,51.091408311060064],[3.717296558322047,51.091407239054156],[3.717296468490538,51.09140684410458],[3.717296109164432,51.09140526430631],[3.717294132870784,51.09139719605004],[3.717290719272714,51.0913829778607],[3.717258469754015,51.091248920432186],[3.717255774808156,51.09123966729566],[3.717278592016365,51.091218227094224],[3.717311919513414,51.091215123906316],[3.717321531486957,51.09121422116073],[3.717362315000848,51.09121044091332],[3.717395103508738,51.09122578758743],[3.717397439128458,51.091235717785594],[3.717427981848138,51.0913521153474],[3.717410374868562,51.091360578561506],[3.717298804110258,51.09141649215713],[3.717237449176368,51.091456720565006],[3.717253349356893,51.09151991238335],[3.71721804556623,51.09155760174817],[3.716951335758362,51.09158225779804]]],"type":"Polygon"},{"coordinates":[[[3.791658917878408,51.07926647621268],[3.791652090682267,51.07926478312738],[3.791644993991498,51.07926252568021],[3.791640053257462,51.079260381105264],[3.791641310898832,51.07926021179671],[3.791737520465769,51.079248360196615],[3.791759708853309,51.07924531264181],[3.791761325820818,51.07924503046082],[3.791762852956784,51.07924469184359],[3.791793844834079,51.07924282944888],[3.791794563486324,51.07924294232127],[3.791795371970078,51.0792429987575],[3.791796180453833,51.0792429987575],[3.791822501091655,51.07924051556439],[3.791836245315513,51.07924147497993],[3.79185007937088,51.07924175716095],[3.791851696338388,51.07924170072475],[3.791863913426248,51.07924130567131],[3.791877657650105,51.079240120510946],[3.791891132379367,51.07923825811604],[3.791901822331226,51.07922967981128],[3.791913051272278,51.07922144012229],[3.791924819202521,51.079213426176786],[3.791929220947398,51.07921060436466],[3.791933982018415,51.07920795186111],[3.791939102415538,51.07920558153865],[3.791944582138765,51.07920349339736],[3.791950241525046,51.07920168743723],[3.791956170405922,51.07920016365829],[3.791962189118342,51.07919897849687],[3.791968387493781,51.079198131953],[3.79196766884157,51.0791936734883],[3.791967579010027,51.07919186752778],[3.791967489178517,51.079189835822135],[3.791967579010027,51.07918881996927],[3.791967579010027,51.07918723975365],[3.791968297662272,51.07918345852321],[3.791969465472131,51.079179733728786],[3.79197108243964,51.079176121806604],[3.791980065592481,51.07916861577993],[3.79199003689213,51.07916161767876],[3.792000906507075,51.079155183939655],[3.792011416795916,51.079149935362366],[3.792012584605776,51.07914931456286],[3.79202507118823,51.079144178857526],[3.792038096759843,51.0791396639513],[3.792051751152158,51.07913588271698],[3.792065854702121,51.07913283515477],[3.792072322572156,51.07913181930066],[3.792077353137769,51.07913102919189],[3.79208031757819,51.079130577701164],[3.792092355002996,51.07912882817453],[3.792092624497592,51.07912882817453],[3.792104033101696,51.07912786875666],[3.792105021248504,51.07912775588399],[3.792108704341169,51.07912769944765],[3.792117597662501,51.07912741726591],[3.792130084244922,51.07912781232032],[3.792142570827377,51.07912894104723],[3.792154787915235,51.0791307470102],[3.792166645676988,51.07913323020916],[3.792174550851513,51.0791354312263],[3.792178144112636,51.07913639064402],[3.792179042427934,51.07913667282567],[3.792182905183653,51.07913802729769],[3.792187396760073,51.07913983326031],[3.792191618841898,51.07914192140448],[3.79219557142916,51.07914423529388],[3.792199164690284,51.079146718492105],[3.7922023986253,51.079149427435475],[3.792205363065756,51.07915224925133],[3.792207878348528,51.07915524037595],[3.792208956326879,51.079156820592665],[3.792209944473686,51.07915834437302],[3.792211651272738,51.079161561242465],[3.792212819082598,51.07916455236645],[3.792213268240247,51.07916511672945],[3.792214256387053,51.07916607614655],[3.792215424196914,51.079166979127294],[3.792216592006807,51.079167769235454],[3.79221793947972,51.07916855934361],[3.792219376784176,51.079169236579176],[3.792220814088632,51.07916985737841],[3.792222431056141,51.07917036530503],[3.792227551453263,51.07917358217363],[3.792233121008033,51.079176516860606],[3.79223904988891,51.07917916936595],[3.792245427927402,51.0791814268172],[3.79225198562898,51.07918328921438],[3.792258902656664,51.07918481299386],[3.792265909515891,51.07918594171938],[3.792273096038171,51.07918661895466],[3.79228037239196,51.07918695757231],[3.792287558914239,51.07918684469974],[3.792310196459395,51.079186111028164],[3.792332834004551,51.07918639320957],[3.792355381718197,51.079187578371304],[3.792355830875846,51.07918763480756],[3.792362298745881,51.07918848135163],[3.792368317458301,51.07918932789569],[3.792381073535318,51.07919169821897],[3.792393380454719,51.0791947457773],[3.792395087253738,51.079194915086106],[3.792396794052789,51.07919502795865],[3.792398500851841,51.07919502795865],[3.79240020765086,51.079194971522355],[3.792401914449912,51.0791947457773],[3.792403621248964,51.079194463596],[3.792405238216472,51.07919412497841],[3.792406855183981,51.07919361705205],[3.792408292488437,51.07919305268938],[3.792409729792892,51.07919243189046],[3.792411077265805,51.079191754655234],[3.792412245075666,51.079190964547486],[3.792413323054016,51.07919011800346],[3.792414311200823,51.07918921502317],[3.792415119684578,51.079188255606546],[3.792415838336822,51.07918723975365],[3.792416287494471,51.079186449645825],[3.792493273114322,51.079206089464925],[3.792490757831517,51.07920992712974],[3.792490218842325,51.07921043505592],[3.792489590021657,51.079211112290835],[3.792489051032465,51.07921178952578],[3.792488601874816,51.0792125231969],[3.792488332380254,51.07921331330428],[3.792488062885657,51.079214103411644],[3.792487973054115,51.07921489351901],[3.792487973054115,51.079215683626344],[3.792488062885657,51.07921647373368],[3.79248824254871,51.079217207404774],[3.792488512043307,51.079217997512075],[3.792492195135972,51.079219069800516],[3.792495698565586,51.079220367833855],[3.792499022332113,51.0792218351759],[3.792502076604078,51.079223415390295],[3.792504951212989,51.079225221349574],[3.792507646158849,51.07922714018125],[3.792509981778602,51.07922917188527],[3.792512137735269,51.079231372897866],[3.792514832681128,51.07923571848653],[3.792516898806286,51.07924023338338],[3.792518336110741,51.07924480471602],[3.792519234426005,51.079249432484396],[3.792519414089058,51.07925411668849],[3.792519054762952,51.0792588008921],[3.792518066616146,51.079263202914355],[3.792517976784636,51.07926342865907],[3.792516269985584,51.079267999989426],[3.79251429369197,51.07927353073414],[3.792511419083058,51.079278892169754],[3.792507825821901,51.07928408429624],[3.792503424077024,51.079289050677595],[3.792498393511411,51.079293734877666],[3.792492734125131,51.079298080460475],[3.79249048833692,51.07929892700252],[3.792488332380254,51.07929988641684],[3.792486715412744,51.07930078939498],[3.792486356086605,51.079301015139514],[3.792484559456044,51.07930220029831],[3.792482942488535,51.079303441893245],[3.792481505184079,51.07930479636034],[3.792480247542676,51.079306263699706],[3.792479169564359,51.0793077874751],[3.792478361080605,51.07930931125048],[3.792477732259903,51.079310947898044],[3.792477372933765,51.07931258454554],[3.792477193270712,51.07931422119299],[3.792477372933765,51.07931585784036],[3.792479708553518,51.079320767782164],[3.792482762825482,51.079325508415174],[3.792486625581202,51.07933007973938],[3.792491117157622,51.079334368882655],[3.792491206989165,51.079334481754856],[3.79249048833692,51.079337698612015],[3.792490308673868,51.079338601589455],[3.792490039179272,51.0793413669577],[3.792490218842325,51.07934503530305],[3.792490847663026,51.079348703648115],[3.792491925641377,51.079352315556825],[3.792493542608885,51.079355871029186],[3.792495698565586,51.079359313629155],[3.792498213848358,51.07936264335672],[3.792501268120323,51.07936580377591],[3.792504681718427,51.079368794886726],[3.792508544474146,51.0793716166892],[3.792512766555971,51.07937415631126],[3.792513125882076,51.07937364838688],[3.792516269985584,51.07938290389738],[3.792517437795444,51.07938916829674],[3.792519503920602,51.07939537625923],[3.792522468361057,51.07940141491286],[3.792526241285232,51.07940728425766],[3.792530912524706,51.079412871421724],[3.792556873836422,51.079447128059506],[3.792556784004879,51.079447128059506],[3.792550316134844,51.07944842608649],[3.792545375400775,51.07944887757411],[3.792543578770213,51.07944904688198],[3.79254339910716,51.07944887757411],[3.792527858252742,51.07942489228763],[3.792510341104708,51.07940022975659],[3.79249659688085,51.079382452409114],[3.79249156631527,51.079375962264656],[3.792485637434394,51.079369302811166],[3.792479708553518,51.07936264335672],[3.792466054161203,51.079350058113924],[3.792454106567907,51.079340971905104],[3.792437847061276,51.07936473149088],[3.792434163968611,51.0793637720779],[3.792433624979451,51.07936365920576],[3.792350979973286,51.0793416491381],[3.792276419804731,51.07932178363217],[3.792272197722872,51.079320711346064],[3.792268245135644,51.07931941331554],[3.792264472211434,51.079317889540484],[3.792260878950312,51.07931614002097],[3.792257555183751,51.07931422119299],[3.792254500911787,51.07931213305659],[3.792254051754138,51.07931179443985],[3.792252434786628,51.07931072215356],[3.792249111020068,51.079308013219595],[3.792246146579647,51.07930507854101],[3.792243541465331,51.07930208742607],[3.792242553318524,51.07930050721433],[3.792225754822701,51.07928306844544],[3.792223419202948,51.079280810999165],[3.792221083583228,51.07927883573356],[3.792219556447229,51.079277932755],[3.792214076724,51.07927522381916],[3.792208237674667,51.07927279706394],[3.792202129130738,51.07927076536185],[3.792197098565126,51.07926941089376],[3.792176886471233,51.07926760493619],[3.792169969443549,51.07926704057444],[3.792145086110183,51.079266024723275],[3.792142930153517,51.07926596828711],[3.79212981475036,51.07926562967004],[3.792096846579416,51.07926647621268],[3.792094600791206,51.079266645521216],[3.792060195315841,51.0792673227553],[3.792001894653882,51.07926879009585],[3.791976831657463,51.07926839504264],[3.791951948324098,51.07926675839358],[3.791944582138765,51.07926585541473],[3.791931736230205,51.07926438807413],[3.791927334485327,51.0792638801485],[3.791903079972629,51.07925976030726],[3.791879454280667,51.07925451174182],[3.791868674497263,51.07925214142174],[3.791857535387722,51.07925033546351],[3.79184630644667,51.07924909386719],[3.791834897842566,51.07924847306902],[3.791823399406952,51.07924841663284],[3.791811990802814,51.0792489245586],[3.791662241644969,51.07926365440379],[3.791661792487321,51.07926382371233],[3.791661433161215,51.07926399302088],[3.791660984003566,51.07926421876559],[3.79166062467746,51.07926438807413],[3.791660265351354,51.079264670255],[3.791659906025216,51.07926489599971],[3.791659636530653,51.079265178180634],[3.7916594568676,51.0792654603615],[3.791659187373005,51.07926579897857],[3.791659187373005,51.079265911850904],[3.791659097541461,51.07926608115944],[3.791658917878408,51.07926641977651],[3.791658917878408,51.07926647621268]]],"type":"Polygon"},{"coordinates":[[[3.729070597087942,51.06263784291484],[3.729066015680012,51.06255626326181],[3.729065386859311,51.06254401218731],[3.729065117364715,51.06254022959681],[3.729062871576504,51.06249912919079],[3.729071315740187,51.06249670155579],[3.729077424284116,51.06249658864255],[3.729228341251855,51.06253142237006],[3.729196181564666,51.06259115340092],[3.72919968499428,51.062591943792114],[3.729269663754905,51.062608316178135],[3.729267597629781,51.0626119293936],[3.729266878977536,51.06261317143633],[3.729333264477038,51.06262903570666],[3.729341259483071,51.06263095522651],[3.729327066101566,51.06265444111042],[3.729322035535986,51.06266285311879],[3.729308291312128,51.06268108854115],[3.72929832001248,51.062685774422505],[3.729286282587674,51.06268780685283],[3.729273616342167,51.062686677724905],[3.729143360625969,51.06265545732628],[3.72913833006039,51.06265421528467],[3.729070597087942,51.06263784291484]]],"type":"Polygon"},{"coordinates":[[[3.694002075194968,51.05942547194426],[3.693973957926584,51.05942682699325],[3.693955632294797,51.05942823850256],[3.693489406662319,51.059451104947435],[3.693475033617792,51.05945178247154],[3.693483477781442,51.059441167925876],[3.693455719839164,51.05943281179242],[3.693456528322919,51.059423552291456],[3.693457696132778,51.059410566402846],[3.693446916349376,51.059410566402846],[3.693434070440815,51.059410566402846],[3.693431914484148,51.059410566402846],[3.693431914484148,51.05940864674941],[3.693431914484148,51.059408025685066],[3.693431106000394,51.059368559851244],[3.693428860212184,51.05927957810523],[3.693428321222991,51.0592365551439],[3.693426704255483,51.05914875881923],[3.693427153413132,51.059102122247175],[3.69343254330485,51.05894967791891],[3.693433172125551,51.05894967791891],[3.693436226397516,51.058949790840835],[3.693452755398742,51.05894967791891],[3.693456438491408,51.058949508536074],[3.693458414785023,51.058949508536074],[3.693480154014881,51.05894911330939],[3.693483837107547,51.05894900038745],[3.693500366108774,51.05894911330939],[3.693504318696037,51.05895052483327],[3.693522285001718,51.058958203522394],[3.693545910693681,51.05896814064762],[3.693734377240294,51.059047581111855],[3.693825556241652,51.059086030925144],[3.694007914244302,51.0591628739952],[3.694094960995344,51.05919957343259],[3.694091098239626,51.05920815545065],[3.694065496254015,51.05927060087646],[3.694002075194968,51.05942547194426]]],"type":"Polygon"},{"coordinates":[[[3.773044477718539,51.02850993265565],[3.773143472062845,51.02855253217903],[3.773348557442193,51.02842981832659],[3.773463631630111,51.02850953716917],[3.773606733254868,51.02842902735227],[3.773718483676225,51.028418179703074],[3.774110418634677,51.02844298239721],[3.774689742161391,51.02871609364577],[3.774289542702309,51.02909750883412],[3.773579693964802,51.028801518265254],[3.773576999018976,51.0288040606622],[3.773212642339716,51.02914417562283],[3.773154701003897,51.02919824350211],[3.773004772182964,51.02933818692601],[3.772844602567823,51.029264910183855],[3.772491474829614,51.02910327156357],[3.772059025851866,51.028903892006596],[3.772097024588389,51.02874677194986],[3.772298516706614,51.02855942493642],[3.772561812916378,51.02850179693318],[3.772812353049124,51.028618069830856],[3.772976205756932,51.02848128812653],[3.773044477718539,51.02850993265565]]],"type":"Polygon"},{"coordinates":[[[3.74784763231425,51.03391456165382],[3.747887248018282,51.03395811656397],[3.747907370280665,51.03397704118794],[3.747908987248173,51.033978622947195],[3.747921024672979,51.03398709665662],[3.747921833156734,51.03398766157053],[3.747935397717538,51.033995513873116],[3.747941865587573,51.03399924230408],[3.747946985984695,51.03400223634693],[3.747969443866799,51.03401409953365],[3.747969623529852,51.03401421251634],[3.747987320340938,51.034021556392304],[3.747993788211006,51.03402415499425],[3.748021815647846,51.03403545326203],[3.748025858066619,51.0340372044933],[3.748027654697213,51.034037938880594],[3.748029900485423,51.034039012215835],[3.74803133778988,51.03403969011174],[3.748031876779038,51.03403985958572],[3.748031966610582,51.034039916077084],[3.748032056442091,51.034039972568394],[3.748033942904196,51.03404081993828],[3.748037356502266,51.03404245818668],[3.748037805659914,51.03404274064333],[3.748041758247176,51.03404471783956],[3.748045531171353,51.03404669503575],[3.74804759729651,51.03404782486212],[3.748049304095562,51.03404878521451],[3.748051100726124,51.034049802058185],[3.748051190557633,51.034049802058185],[3.748051549883772,51.03405008451474],[3.748052987188228,51.034050875393135],[3.748055502471001,51.034052344167236],[3.748056580449352,51.034053022063],[3.748060173710475,51.034055225224016],[3.74806313815093,51.03405720241977],[3.748063317813982,51.03405737189369],[3.748064395792333,51.03405810628066],[3.748066372085948,51.034059518563254],[3.74806646191749,51.03405957505454],[3.748066821243595,51.03405985751103],[3.748067719558859,51.03406053540669],[3.748067899221946,51.03406064838927],[3.748068168716509,51.03406081786317],[3.748069336526402,51.03406172172401],[3.748069426357911,51.034061778215296],[3.748070234841666,51.034062456110874],[3.748072211135281,51.03406398137595],[3.748072480629876,51.03406420734113],[3.748075175575736,51.03406641050166],[3.748077690858541,51.034068613662086],[3.748080116309805,51.03407087331369],[3.748081194288122,51.0340718336656],[3.748081373951208,51.03407200313947],[3.748081553614261,51.03407217261329],[3.748082541761068,51.03407313296518],[3.748084787549278,51.034075449107874],[3.748087033337489,51.03407776525041],[3.748093052049875,51.03408482665992],[3.748107784420539,51.0341018870209],[3.74812512190552,51.03412075509488],[3.748131499944046,51.03412759053298],[3.748131679607098,51.03412770351544],[3.748131769438642,51.03412781649784],[3.748138955960922,51.034134256496415],[3.748139045792431,51.03413431298762],[3.74814623231471,51.03413973614361],[3.748146411977763,51.034139849126035],[3.748146501809307,51.03413996210842],[3.748154317152254,51.03414504631659],[3.748154406983798,51.03414504631659],[3.748161144348428,51.03414877473551],[3.748161503674534,51.03414894420911],[3.748161863000639,51.034149113682695],[3.748168869859867,51.03415261613654],[3.748168869859867,51.03415267262772],[3.748178571664919,51.03415707894027],[3.74820147870467,51.03416583507295],[3.74829337635824,51.03422221322936],[3.748428572808506,51.034302091582084],[3.748794995612891,51.03427113449994],[3.748856799704429,51.0343753603602],[3.748864165889761,51.034387844851324],[3.748865962520357,51.03438886168755],[3.748853835264007,51.03440337984689],[3.748849792845236,51.034407786135596],[3.748837665588887,51.034421061490065],[3.748800924493767,51.03443371544138],[3.74881170427717,51.03444422273769],[3.748807482195345,51.03447049096791],[3.748790414204961,51.03449156203212],[3.748793288813873,51.034523592291066],[3.748794546455242,51.03453647217731],[3.74880370927117,51.034545002275415],[3.748827604457696,51.03456725961014],[3.748834880811518,51.03457256973413],[3.74883784525194,51.0345742644544],[3.748840989355447,51.03457584619329],[3.748844133458956,51.03457742793212],[3.748845750426464,51.034578218801514],[3.748847996214674,51.03457929212423],[3.748852577622605,51.03458132578826],[3.748861650606989,51.03458488470014],[3.748861740438498,51.034584941190786],[3.748864794710463,51.034586014513344],[3.748889947538425,51.03459623932184],[3.74889632557695,51.034598724910296],[3.748919771605861,51.0346071420157],[3.748940432857402,51.03461414685394],[3.748940612520455,51.03461420334455],[3.748950943146209,51.03461759278203],[3.748976904457925,51.03462584041217],[3.749000440318379,51.03463278875694],[3.749006548862308,51.034634483475045],[3.749032510174024,51.03464092340321],[3.74905631552904,51.03464459529165],[3.749066107165636,51.034645612122254],[3.749081109030896,51.034646798424596],[3.749081827683108,51.034646854915174],[3.749111561919033,51.03464809770806],[3.749137792725313,51.03464854963273],[3.74916330487938,51.03464832367039],[3.749178037250045,51.03464753280218],[3.749189535685693,51.03464662895283],[3.749191781473903,51.03464634649986],[3.749191062821658,51.0346458380846],[3.749188996696501,51.034644199857524],[3.749195644229621,51.03464075393142],[3.749198429006991,51.03463934166654],[3.749195195071973,51.03463301471935],[3.749200495132148,51.03462663128073],[3.749213610535304,51.03462465410929],[3.749231487009443,51.034623524296975],[3.749173366010572,51.03455872951613],[3.74917498297808,51.03455743023016],[3.749211903736252,51.03452760313322],[3.749217922448672,51.034521897568936],[3.749232115830145,51.03450517630717],[3.749241817635231,51.03449760654477],[3.749254034723089,51.034491900976796],[3.749295447057682,51.03447851266106],[3.749306496335681,51.03447229867353],[3.749314042184066,51.03446393803443],[3.749316916792978,51.03445744159087],[3.749318174434381,51.034447216751744],[3.749317096456031,51.034443318884314],[3.749340183158835,51.034438404181444],[3.749409443267249,51.03442360357876],[3.74949253743103,51.034469530624264],[3.749495501871452,51.03447314603551],[3.749524068297484,51.03450833978956],[3.749531254819764,51.03452218002262],[3.749545717695833,51.034534551492726],[3.749557485626042,51.03453901425967],[3.749599886107476,51.03455172466951],[3.749586950367373,51.03457522479588],[3.749567726420287,51.034614429307055],[3.749552724555059,51.03462239448469],[3.749538980331201,51.03463770343924],[3.749538531173553,51.034648888576235],[3.749546256684991,51.034662050880485],[3.749561528044848,51.03467255812497],[3.749518947900362,51.03476808355565],[3.749522630993027,51.034768761440894],[3.749512659693379,51.03479960520983],[3.749505742665696,51.03480909559613],[3.749623152473333,51.03482683357486],[3.749619379549123,51.03488247655324],[3.749625757587649,51.03491580581793],[3.749664474976382,51.03495455811929],[3.749673278466171,51.03497788857081],[3.749703821185851,51.03500138848103],[3.749796437491631,51.03502624414232],[3.7498781841825,51.03505318992376],[3.749863361980291,51.03520865039439],[3.749798773111385,51.03528632394432],[3.749760774374863,51.035336373886416],[3.749811708851455,51.03534964897482],[3.749820063183594,51.03534880162887],[3.749863990800993,51.03535806594383],[3.749879172329307,51.035356371252234],[3.749910343869656,51.0353527559099],[3.749967297058667,51.035344734368074],[3.750050660717044,51.035331515768],[3.750111027504126,51.03532010483666],[3.750156931415139,51.03531112296298],[3.750166633220225,51.035308976351445],[3.750218376180571,51.03535671019053],[3.750229964447763,51.035371284536375],[3.750246313785936,51.03537789383119],[3.750275329369584,51.03537275326863],[3.75030353646951,51.03535360325577],[3.750333270705436,51.03534721991638],[3.750551291824888,51.03534236179909],[3.750611119622812,51.03531959642875],[3.750635374135476,51.03529779137372],[3.750651184484458,51.0352711846735],[3.750685230633751,51.03528361243348],[3.750721253076626,51.035298864679795],[3.750759521307744,51.03532010483666],[3.750801382799986,51.035349818444026],[3.750837944232051,51.03538173513032],[3.750864803859033,51.035408115808444],[3.750860581777208,51.035412126574045],[3.750866151331978,51.03541427318085],[3.750883398985416,51.03548460274316],[3.750909719623238,51.035505560367206],[3.750943586109446,51.035521998820414],[3.750993891765369,51.03553583875069],[3.751054797541644,51.03552979437347],[3.751108965953253,51.0355047130241],[3.751127022090479,51.03550098471427],[3.751146964689775,51.03551747965858],[3.751164212343246,51.03552815617764],[3.751183166795736,51.03553736396726],[3.751210565411909,51.03554900080304],[3.751244072571977,51.03556024220954],[3.751278388215832,51.03556939350333],[3.751296534184601,51.0355731782971],[3.751314590321793,51.03557481649133],[3.751335071910282,51.03557363021279],[3.751371363847753,51.035570749250375],[3.751406847301468,51.03556798126676],[3.751431281477219,51.03556775530886],[3.751445985101777,51.035570135774826],[3.751460117397814,51.03557363021279],[3.751476431701701,51.035579359373116],[3.751491199106653,51.03558656629661],[3.751515902776966,51.035598768014275],[3.751544738697595,51.03560921855696],[3.751571508493065,51.03561712707417],[3.75160366818022,51.03562695622941],[3.751630348144149,51.03563633346749],[3.751654692488356,51.03564712293793],[3.751648583944427,51.03566491708521],[3.751870827145736,51.03568802122182],[3.751883852717349,51.03574852124129],[3.751879361140929,51.03576642832809],[3.75187289327086,51.035781454458686],[3.751864269444158,51.03579659356276],[3.751854208312967,51.03580772193088],[3.751844506507914,51.035814331163486],[3.751830582621003,51.03582094039511],[3.751809741706409,51.03583014812654],[3.751781265111886,51.035840542127936],[3.751778480334518,51.03583658788854],[3.751774797241852,51.03583252067055],[3.75177084465459,51.035828961854506],[3.751766622572765,51.035825741973085],[3.751762130996344,51.03582280453723],[3.751757549588381,51.03582014954697],[3.751752968180451,51.03581777700233],[3.751748207109434,51.03581568690337],[3.751743086712311,51.035813766271836],[3.751737427326031,51.03581195861856],[3.751731139119049,51.03581032043271],[3.751729701814594,51.03581003798684],[3.751723862765226,51.03580879522512],[3.751715508433087,51.03580738299584],[3.751705986291087,51.035806027255724],[3.75169556583379,51.03580472800469],[3.751684336892739,51.035803541731994],[3.751672748625581,51.03580235545926],[3.751672299467933,51.03580229897009],[3.751660890863828,51.03580116918649],[3.751649122933618,51.03580003940292],[3.751637624497971,51.0357988531301],[3.751626665051515,51.035797610368085],[3.751616334425728,51.03579631111681],[3.751612651333062,51.035795746224984],[3.751609147903448,51.03579529431146],[3.751606722452185,51.03579489888716],[3.751597559636291,51.0357933736791],[3.751588756146503,51.035791735492595],[3.751580132319767,51.03578992783845],[3.751571598324575,51.03578795071663],[3.75156297449784,51.035785747637945],[3.751554171008084,51.035783431580775],[3.751544918360648,51.03578088956664],[3.751535306387105,51.03577823457397],[3.751525245255913,51.03577546660271],[3.751514914630159,51.03577275512053],[3.75151212985279,51.03577207724993],[3.751509794233036,51.035771455868556],[3.751504045015213,51.035770043638145],[3.751492816074162,51.03576750162332],[3.751481137975461,51.03576507258677],[3.751469010719146,51.035762869506996],[3.751456434305148,51.03576094887325],[3.751443408733535,51.03575925419637],[3.751430023835816,51.035757785476335],[3.751416638938064,51.03575648622398],[3.751403164208802,51.035755356439275],[3.751389869142594,51.035754396122286],[3.751376933402524,51.035753492294475],[3.751364446820069,51.03575270144513],[3.751352589058316,51.035751910595785],[3.751343785568527,51.035751289214154],[3.751339743149755,51.03575151517111],[3.751332376964423,51.03575179761733],[3.751325190442144,51.035751910595785],[3.751318093751407,51.035751910595785],[3.751311176723723,51.03575168463883],[3.751304529190602,51.03575123272493],[3.75129815115211,51.03575055485405],[3.751291952776638,51.035749651026165],[3.751285934064218,51.035748464752054],[3.751280005183342,51.03574705252093],[3.751274255965551,51.03574535784356],[3.751273088155657,51.03574496241882],[3.751272100008851,51.03574462348332],[3.75126868641078,51.03574343720908],[3.751263116856009,51.03574129061756],[3.751257547301238,51.03573891806888],[3.751251977746501,51.0357364325416],[3.751246677686326,51.035733777546334],[3.751241467457661,51.03573117904026],[3.751236526723592,51.035728580534006],[3.751231945315661,51.03572615149541],[3.751227813065346,51.03572383543523],[3.751224219804223,51.035721858310595],[3.751221165532258,51.03572010714302],[3.751218650249452,51.03571869491104],[3.751216584124295,51.035717452146834],[3.751214787493733,51.03571643533975],[3.751213350189277,51.035715588000514],[3.751212092547874,51.035714797150526],[3.751211014569523,51.0357141757684],[3.751210026422717,51.035713554386255],[3.751209038275909,51.03571298949338],[3.751208050129102,51.03571236811122],[3.751207061982295,51.03571180321833],[3.751206073835488,51.035711181836156],[3.751204995857137,51.03571056045397],[3.751204007710331,51.035709995561106],[3.75120292973198,51.035709374178865],[3.75120185175363,51.035708752796666],[3.751200773775313,51.035708131414445],[3.751199785628472,51.0357075665215],[3.751198707650155,51.03570694513926],[3.751197629671806,51.03570632375703],[3.751196461861945,51.035705702374784],[3.751195383883594,51.03570508099253],[3.751194305905245,51.035704459610265],[3.751193138095384,51.03570389471728],[3.751192060117034,51.035703273334995],[3.751184873594754,51.035699432062515],[3.751184065111,51.03569903663739],[3.751182897301141,51.03569841525504],[3.75118172949128,51.035697850361984],[3.75118056168142,51.03569722897963],[3.751179393871527,51.03569666408655],[3.751178226061667,51.03569604270418],[3.751177058251807,51.035695477811124],[3.751175890441913,51.03569485642869],[3.751174722632053,51.035694291535634],[3.751173554822194,51.03569372664252],[3.751172387012334,51.03569316174941],[3.75117112937093,51.035692596856286],[3.751169961561037,51.03569203196315],[3.751168793751177,51.03569146707006],[3.751167625941317,51.03569090217691],[3.751166458131457,51.03569033728377],[3.751165290321563,51.035689828879946],[3.751164032680194,51.03568926398678],[3.7511628648703,51.03568875558291],[3.751161697060441,51.03568819068974],[3.751160529250581,51.035687682285904],[3.751159361440687,51.03568717388202],[3.751158193630827,51.03568666547817],[3.751157025820967,51.03568615707428],[3.751155858011107,51.035685648670416],[3.751154690201214,51.035685196755864],[3.751153522391354,51.03568468835196],[3.751152354581493,51.03568423643738],[3.751151276603143,51.03568372803347],[3.751150108793283,51.035683276118895],[3.75114894098339,51.035682824204315],[3.751147863005073,51.035682372289735],[3.75114669519518,51.03568197686446],[3.751145617216863,51.03568152494983],[3.751144449406969,51.03568107303523],[3.751143371428653,51.035680677609946],[3.751142293450302,51.03568028218466],[3.751141215471951,51.03567988675936],[3.751140137493635,51.03567949133408],[3.751139059515285,51.035679095908776],[3.751137981536935,51.03567875697283],[3.751136903558584,51.03567836154752],[3.751135915411777,51.03567802261154],[3.75113483743346,51.035677683675544],[3.75113375945511,51.0356773447396],[3.751132771308302,51.03567700580359],[3.751131693329952,51.03567672335695],[3.751130705183145,51.03567638442095],[3.751129717036338,51.03567610197432],[3.751128728889497,51.035675763038306],[3.75112774074269,51.035675480591614],[3.751126662764373,51.035675198144965],[3.751125674617533,51.03567491569832],[3.751124686470725,51.035674633251624],[3.751123698323918,51.035674407294294],[3.75112280000862,51.03567412484764],[3.751121811861813,51.03567389889031],[3.751120823715007,51.03567361644361],[3.751119835568199,51.03567339048628],[3.751118937252902,51.03567316452894],[3.751117949106094,51.035672938571594],[3.751116960959287,51.03567271261426],[3.75111606264399,51.03567248665692],[3.751115074497182,51.035672317188904],[3.751114176181918,51.03567209123156],[3.751113188035111,51.03567186527422],[3.751112289719814,51.03567169580621],[3.751111301573006,51.035671526338184],[3.751110403257709,51.035671300380834],[3.751109415110902,51.03567113091282],[3.751108516795604,51.035670961444794],[3.751107528648797,51.03567079197678],[3.751106630333533,51.035670622508746],[3.751105732018236,51.035670453040765],[3.751104743871428,51.03567028357274],[3.751103845556131,51.03567017059404],[3.751102947240867,51.03567000112603],[3.75110195909406,51.035669831658],[3.751101060778762,51.035669718679344],[3.751100162463465,51.03566960570065],[3.751099174316658,51.035669436232624],[3.751098276001394,51.03566932325396],[3.751097377686096,51.035669210275266],[3.751096389539289,51.03566904080728],[3.751095491223991,51.03566892782857],[3.751094503077185,51.03566881484987],[3.751093604761886,51.03566870187122],[3.75109261661508,51.03566858889251],[3.751091718299815,51.03566847591385],[3.751090819984518,51.03566841942449],[3.751089831837711,51.03566830644583],[3.751088933522413,51.035668193467124],[3.751087945375607,51.03566808048846],[3.751086957228799,51.035668023999094],[3.751086058913502,51.03566791102043],[3.751085070766695,51.035667854531106],[3.751084172451431,51.0356677415524],[3.751083184304623,51.035667685063075],[3.751082196157782,51.035667572084364],[3.751081208010975,51.03566751559504],[3.751080309695711,51.03566740261633],[3.75107932154887,51.035667346127],[3.751078333402064,51.035667289637665],[3.751077345255256,51.03566723314833],[3.751076357108449,51.035667120169634],[3.751075368961641,51.0356670636803],[3.751074380814835,51.03566700719093],[3.751073392667994,51.035666950701604],[3.751072404521187,51.03566689421227],[3.751071416374379,51.035666837722935],[3.751070428227573,51.035666781233566],[3.751069440080765,51.03566672474424],[3.751068451933958,51.0356666682549],[3.751067463787151,51.03566661176553],[3.75106647564031,51.035666555276194],[3.751065487493503,51.03566649878686],[3.751064499346696,51.03566649878686],[3.751063511199888,51.03566644229753],[3.751062523053082,51.035666385808156],[3.751061445074731,51.03566632931883],[3.751060456927924,51.03566632931883],[3.751059468781117,51.035666272829495],[3.751058390802767,51.03566621634016],[3.75105740265596,51.03566621634016],[3.751056414509152,51.03566615985078],[3.751055336530802,51.03566615985078],[3.751054348383995,51.03566610336145],[3.751053270405645,51.03566610336145],[3.751052192427295,51.03566610336145],[3.751051204280487,51.03566604687212],[3.751050126302136,51.03566604687212],[3.75104904832382,51.03566604687212],[3.75104797034547,51.03566599038274],[3.751046892367119,51.03566599038274],[3.751045814388802,51.03566599038274],[3.751044736410452,51.03566599038274],[3.751043658432102,51.03566599038274],[3.751042490622241,51.03566599038274],[3.751041412643891,51.03566599038274],[3.751040244834031,51.03566599038274],[3.751039166855681,51.03566599038274],[3.751037999045821,51.03566599038274],[3.751036921067471,51.03566599038274],[3.751035753257611,51.03566599038274],[3.751034585447751,51.03566599038274],[3.751033417637857,51.03566599038274],[3.751032249827998,51.03566599038274],[3.751030992186594,51.03566604687212],[3.751029824376734,51.03566604687212],[3.751028566735331,51.03566604687212],[3.751027398925471,51.03566610336145],[3.751026141284068,51.03566610336145],[3.751024883642665,51.03566615985078],[3.751023626001261,51.03566615985078],[3.751022368359858,51.03566615985078],[3.751021110718489,51.03566621634016],[3.751019853077086,51.035666272829495],[3.75101850560414,51.035666272829495],[3.751017247962736,51.03566632931883],[3.751015900489823,51.035666385808156],[3.751014553016911,51.035666385808156],[3.751013205543965,51.03566644229753],[3.751011858071052,51.03566649878686],[3.751010510598106,51.035666555276194],[3.751009073293683,51.03566661176553],[3.751007725820737,51.03566661176553],[3.751006288516281,51.0356666682549],[3.751004851211825,51.03566672474424],[3.751003413907369,51.035666781233566],[3.751001976602913,51.035666837722935],[3.751000539298457,51.03566689421227],[3.750999012162492,51.03566700719093],[3.750997574858036,51.0356670636803],[3.750996047722037,51.035667120169634],[3.750994520586071,51.03566717665896],[3.750992993450072,51.03566723314833],[3.750991466314106,51.035667346127],[3.750989939178107,51.03566740261633],[3.750988322210599,51.0356674591057],[3.750986795074633,51.035667572084364],[3.750985178107125,51.03566762857374],[3.750983561139582,51.035667685063075],[3.750982034003616,51.035667798041736],[3.750980417036108,51.035667854531106],[3.750978800068599,51.03566796750977],[3.750977093269547,51.035668023999094],[3.750975476302038,51.0356681369778],[3.75097385933453,51.035668193467124],[3.750972242367021,51.03566830644583],[3.750970535567969,51.035668362935155],[3.75096891860046,51.03566847591385],[3.750967211801442,51.03566858889251],[3.7509655948339,51.03566864538188],[3.750963888034881,51.03566875836054],[3.750962181235829,51.03566881484987],[3.750960564268321,51.03566892782857],[3.750958857469269,51.03566904080728],[3.750957150670251,51.035669097296605],[3.750955443871199,51.035669210275266],[3.75095382690369,51.03566932325396],[3.750952120104638,51.03566937974329],[3.75095041330562,51.035669492721986],[3.750948706506568,51.03566960570065],[3.75094699970755,51.03566966219002],[3.750945292908498,51.03566977516867],[3.750943586109446,51.03566988814737],[3.750941879310427,51.035669944636695],[3.750940262342919,51.03567005761539],[3.750938555543867,51.03567017059404],[3.750936848744815,51.03567028357274],[3.750935141945797,51.03567034006207],[3.750933435146744,51.035670453040765],[3.750931818179235,51.03567056601943],[3.750930111380183,51.035670622508746],[3.750928404581165,51.03567073548744],[3.750926787613656,51.03567079197678],[3.750925080814604,51.03567090495547],[3.750923463847096,51.03567101793412],[3.750921757048044,51.03567107442348],[3.750920140080535,51.03567118740214],[3.750918523113027,51.035671243891464],[3.750916816313975,51.03567135687016],[3.750915199346466,51.03567141335949],[3.750913582378957,51.035671526338184],[3.750911965411448,51.035671582827504],[3.750910348443939,51.03567169580621],[3.750908731476431,51.03567175229552],[3.750907204340432,51.03567186527422],[3.750905587372924,51.035671921763544],[3.750903970405414,51.0356720347422],[3.750902443269449,51.03567209123156],[3.75090091613345,51.03567214772089],[3.750899299165941,51.035672260699535],[3.750897772029975,51.035672317188904],[3.750896244893976,51.035672373678224],[3.750894717758011,51.03567243016755],[3.750893280453555,51.03567248665692],[3.750891753317556,51.03567259963556],[3.75089022618159,51.035672656124895],[3.750888788877134,51.03567271261426],[3.750887351572679,51.035672769103584],[3.75088582443668,51.03567282559291],[3.750884387132223,51.035672882082274],[3.750882949827767,51.035672938571594],[3.750881512523311,51.03567299506092],[3.750880075218855,51.03567299506092],[3.7508786379144,51.03567305155025],[3.750877290441487,51.035673108039624],[3.750875853137031,51.03567316452894],[3.750874505664118,51.03567322101826],[3.750873068359662,51.03567322101826],[3.750872798865066,51.03567322101826],[3.750871720886716,51.03567327750763],[3.750870373413803,51.03567327750763],[3.750868936109347,51.035673333996954],[3.750867588636435,51.035673333996954],[3.750866241163488,51.03567339048628],[3.750864893690575,51.03567339048628],[3.750863636049172,51.03567339048628],[3.750862288576226,51.0356734469756],[3.750860941103313,51.0356734469756],[3.7508595936304,51.0356734469756],[3.750858335988997,51.0356734469756],[3.750856988516051,51.0356734469756],[3.750855730874681,51.0356734469756],[3.750854383401735,51.0356734469756],[3.750853125760332,51.0356734469756],[3.750851868118962,51.0356734469756],[3.750850610477559,51.0356734469756],[3.750849352836156,51.0356734469756],[3.75084800536321,51.03567339048628],[3.750846747721841,51.03567339048628],[3.750845490080437,51.035673333996954],[3.750844232439034,51.035673333996954],[3.750843064629174,51.03567327750763],[3.750841806987771,51.03567322101826],[3.750840549346367,51.03567322101826],[3.750839291704964,51.03567316452894],[3.750838034063562,51.035673108039624],[3.750836866253701,51.03567305155025],[3.750835608612299,51.03567299506092],[3.750834440802438,51.035672938571594],[3.750833183161035,51.035672882082274],[3.750832015351175,51.035672769103584],[3.750830757709772,51.03567271261426],[3.750829589899912,51.035672656124895],[3.750828332258509,51.03567254314625],[3.750827164448649,51.03567243016755],[3.750825996638756,51.035672373678224],[3.750824738997352,51.035672260699535],[3.750823571187493,51.03567214772089],[3.750822403377633,51.0356720347422],[3.750821235567772,51.035671921763544],[3.75081997792637,51.03567180878485],[3.750818810116476,51.03567169580621],[3.750817642306616,51.035671526338184],[3.750816474496756,51.03567141335949],[3.750815306686896,51.035671243891464],[3.750814138877002,51.03567113091282],[3.750812971067143,51.035670961444794],[3.750811803257282,51.03567079197678],[3.750810725278932,51.035670622508746],[3.750809557469072,51.035670453040765],[3.750808389659178,51.03567028357274],[3.750807221849319,51.03567011410472],[3.750806143870968,51.035669944636695],[3.750804976061109,51.035669718679344],[3.750803808251248,51.03566954921131],[3.750802730272898,51.03566932325396],[3.750801562463038,51.03566915378594],[3.750800484484687,51.03566892782857],[3.750799316674828,51.03566870187122],[3.750798238696477,51.03566847591385],[3.750797160718127,51.0356682499565],[3.750795992908267,51.035668023999094],[3.750794914929917,51.0356677415524],[3.7507938369516,51.03566751559504],[3.750792758973249,51.03566723314833],[3.7507916809949,51.03566700719093],[3.750790603016583,51.03566672474424],[3.750789525038233,51.03566644229753],[3.750788447059882,51.03566615985078],[3.750787369081531,51.03566587740408],[3.750786291103215,51.03566559495734],[3.750785213124865,51.03566531251062],[3.750784135146514,51.03566503006392],[3.750783146999707,51.03566474761716],[3.750782069021357,51.03566440868111],[3.75078099104304,51.03566412623436],[3.750780002896232,51.03566378729827],[3.750778924917882,51.035663448362214],[3.750777936771075,51.035663165915444],[3.750776948624234,51.03566282697938],[3.750775870645918,51.03566248804328],[3.750774882499111,51.03566214910718],[3.75077389435227,51.03566175368173],[3.750773355363112,51.03566158421371],[3.750772906205463,51.03566141474566],[3.750771828227146,51.03566107580954],[3.750770840080305,51.03566068038409],[3.750769851933498,51.035660341447965],[3.75076886378669,51.035659946022506],[3.750767875639884,51.03565960708642],[3.750766887493076,51.03565921166096],[3.750765899346269,51.03565881623548],[3.750765001030972,51.03565842081001],[3.750764012884165,51.035658025384535],[3.750763024737358,51.035657629959054],[3.750762036590551,51.035657234533566],[3.750761138275253,51.03565683910808],[3.750760150128446,51.03565638719324],[3.750759251813149,51.03565599176774],[3.750758263666341,51.035655596342245],[3.750757365351044,51.0356551444274],[3.750756377204236,51.03565474900189],[3.750755478888972,51.035654297087],[3.750754490742132,51.03565384517214],[3.750753592426868,51.03565339325726],[3.75075269411157,51.0356529413424],[3.750751705964763,51.035652489427484],[3.750750807649498,51.035652037512605],[3.750749909334201,51.03565158559772],[3.750749011018904,51.03565113368284],[3.75074811270364,51.035650681767954],[3.750747214388343,51.03565017336365],[3.750746316073078,51.035649721448756],[3.750745417757781,51.03564926953385],[3.750744429610973,51.03564876112954],[3.750743621127219,51.035648309214636],[3.750742722811921,51.03564780081031],[3.750741824496657,51.03564729240604],[3.75074092618136,51.035646784001706],[3.750740027866063,51.03564633208677],[3.750739129550799,51.03564582368244],[3.750738231235501,51.03564531527814],[3.750737332920237,51.03564480687378],[3.750736434604939,51.03564429846947],[3.750735626121185,51.03564379006511],[3.750734727805888,51.035643225171434],[3.750733829490624,51.035642716767065],[3.750732931175326,51.03564220836273],[3.750732032860029,51.03564164346898],[3.750731224376274,51.0356411350646],[3.75073032606101,51.03564057017083],[3.750729427745713,51.03564006176647],[3.750728529430449,51.035639496872705],[3.750727631115152,51.03563893197893],[3.750726822631397,51.035638423574554],[3.7507259243161,51.03563785868076],[3.750725026000836,51.035637293786955],[3.750724127685538,51.03563672889315],[3.750723229370274,51.035636163999385],[3.750722331054976,51.03563559910557],[3.750721432739679,51.035635034211744],[3.750720534424414,51.03563441282854],[3.750719636109117,51.03563384793469],[3.750718737793853,51.03563328304085],[3.750717839478556,51.03563266165764],[3.750716941163258,51.03563209676376],[3.750716042847994,51.03563147538053],[3.750715144532696,51.03563085399727],[3.750714246217433,51.035630289103395],[3.750713347902135,51.035629667720116],[3.750712449586837,51.035629046336844],[3.750711461440031,51.035628424953565],[3.750710563124766,51.03562780357027],[3.750709664809469,51.03562718218697],[3.750708766494171,51.03562656080366],[3.750707778347364,51.03562593942034],[3.7507068800321,51.03562526154764],[3.750705891885293,51.035624640164265],[3.750704903738452,51.035624018780915],[3.750704005423188,51.03562334090818],[3.75070301727638,51.03562271952483],[3.750702029129541,51.03562204165206],[3.750701040982733,51.03562136377927],[3.75070014266747,51.03562068590649],[3.750699154520662,51.03562000803366],[3.750698166373821,51.03561933016087],[3.750697178227014,51.035618652288065],[3.750696100248664,51.0356179744152],[3.750695112101856,51.035617296542384],[3.75069412395505,51.03561661866954],[3.750693045976699,51.03561588430727],[3.750692057829892,51.035615206434414],[3.750691069683085,51.03561447207211],[3.750689991704735,51.035613794199236],[3.750688913726417,51.03561305983692],[3.750687925579611,51.035612325474574],[3.75068684760126,51.03561164760168],[3.75068576962291,51.03561091323931],[3.75068469164456,51.035610178876986],[3.750683613666243,51.0356094445146],[3.750682535687892,51.03560871015222],[3.750681457709542,51.035607975789844],[3.750680379731192,51.035607241427435],[3.750679211921332,51.03560650706505],[3.750678133942982,51.0356057162132],[3.750677055964664,51.035604981850746],[3.750675888154771,51.03560424748828],[3.750674810176454,51.03560351312585],[3.750673642366561,51.03560272227395],[3.750672564388244,51.035601987911456],[3.75067139657835,51.03560125354898],[3.750670318600033,51.03560051918646],[3.75066915079014,51.03559972833451],[3.750667982980281,51.03559899397197],[3.75066681517042,51.03559825960944],[3.75066573719207,51.035597468757466],[3.75066456938221,51.03559673439488],[3.75066340157235,51.035596000032285],[3.750662233762456,51.03559526566972],[3.750661065952596,51.035594531307105],[3.750659898142737,51.03559379694452],[3.750658820164386,51.035593006092455],[3.750657652354527,51.035592271729804],[3.750656484544666,51.03559153736713],[3.750655316734773,51.03559085949393],[3.750654148924913,51.03559012513123],[3.750652981115052,51.03558939076858],[3.75065181330516,51.03558865640587],[3.7506506454953,51.03558797853262],[3.750649477685439,51.035587244169875],[3.750648309875579,51.03558650980714],[3.750647142065686,51.03558583193385],[3.750645974255826,51.035585154060556],[3.750644806445966,51.03558447618722],[3.750643728467616,51.0355837983139],[3.750642560657756,51.03558312044058],[3.750641392847862,51.035582442567204],[3.750640225038002,51.03558176469385],[3.750639057228142,51.0355810868205],[3.750637979249792,51.03558046543653],[3.750636811439932,51.03557978756316],[3.750635643630072,51.035579166179225],[3.750634565651721,51.035578544795264],[3.750633397841862,51.0355779234113],[3.750632319863511,51.035577302027335],[3.750631152053651,51.0355767371328],[3.750630074075301,51.03557611574881],[3.750628996096951,51.03557555085426],[3.750627918118601,51.03557498595971],[3.75062675030874,51.03557442106518],[3.750625672330391,51.03557385617061],[3.750624594352073,51.03557334776548],[3.750623516373723,51.035572782870894],[3.750622528226915,51.03557227446579],[3.750621450248566,51.03557176606064],[3.750620372270216,51.03557125765553],[3.750619384123408,51.03557080573986],[3.750618306145091,51.035570297334694],[3.75061731799825,51.03556984541901],[3.750616329851443,51.03556939350333],[3.750615251873093,51.0355689415876],[3.750614263726286,51.03556848967191],[3.750613275579478,51.03556809424566],[3.750612287432672,51.03556764232996],[3.750611299285864,51.0355672469037],[3.750610311139057,51.03556685147745],[3.750609412823759,51.03556645605119],[3.750608424676952,51.03556611711438],[3.750607436530146,51.03556572168811],[3.750606538214848,51.035565382751344],[3.750605550068041,51.03556504381453],[3.750604651752743,51.03556470487771],[3.750603663605936,51.03556436594093],[3.750602765290671,51.035564027004106],[3.750601777143832,51.03556368806728],[3.750600878828567,51.03556340561994],[3.750599980513269,51.035563123172615],[3.750599082198006,51.035562784235786],[3.750598183882708,51.03556250178841],[3.750597195735901,51.03556221934108],[3.750596297420604,51.035561936893735],[3.750595399105339,51.03556171093586],[3.750594500790042,51.03556142848847],[3.750593602474778,51.03556120253059],[3.750592704159481,51.03556092008324],[3.750591805844183,51.03556069412531],[3.750590907528919,51.035560468167425],[3.750590009213621,51.03556024220954],[3.750589200729867,51.03556001625166],[3.750588302414569,51.03555979029377],[3.750587404099305,51.03555956433588],[3.750586505784008,51.03555939486745],[3.750585607468744,51.03555916890955],[3.750584709153446,51.03555899944112],[3.750583810838149,51.035558773483224],[3.750583002354394,51.035558604014795],[3.75058210403913,51.03555843454636],[3.750581205723833,51.03555826507793],[3.750580307408569,51.03555809560954],[3.750579409093271,51.03555792614111],[3.750578510777974,51.03555775667267],[3.75057761246271,51.03555758720423],[3.750576803978955,51.0355574742253],[3.750575905663658,51.035557304756864],[3.750575007348394,51.0355571917779],[3.750574109033097,51.03555702230946],[3.750573210717798,51.03555690933052],[3.750572312402535,51.03555673986209],[3.750571414087237,51.03555662688312],[3.750570515771974,51.03555651390418],[3.750569617456676,51.0355564009252],[3.750568719141378,51.035556287946264],[3.750567730994572,51.0355561749673],[3.750566832679307,51.035556061988366],[3.75056593436401,51.03555594900939],[3.750565036048712,51.03555583603042],[3.750564137733448,51.03555572305148],[3.750563149586641,51.03555566656201],[3.750562251271344,51.035555553583045],[3.750561352956046,51.035555440604064],[3.750560364809239,51.035555384114595],[3.750559466493974,51.035555271135664],[3.750558478347167,51.03555521464615],[3.75055758003187,51.03555510166722],[3.750556591885063,51.0355550451777],[3.750555693569765,51.03555498868823],[3.750554795254501,51.035554932198764],[3.75055380710766,51.035554875709295],[3.750552908792396,51.03555476273032],[3.75055192064559,51.03555470624085],[3.750551022330292,51.03555470624085],[3.750550124014994,51.03555464975139],[3.750549135868187,51.03555459326188],[3.750548237552923,51.03555453677241],[3.750547339237626,51.03555448028294],[3.750546351090819,51.03555448028294],[3.750545452775521,51.03555442379343],[3.750544554460257,51.03555442379343],[3.750543656144959,51.03555436730396],[3.750542667998153,51.03555436730396],[3.750541769682854,51.03555431081449],[3.750540871367591,51.03555431081449],[3.750539973052293,51.03555431081449],[3.750539074737029,51.03555431081449],[3.750538176421732,51.03555431081449],[3.750537278106434,51.03555431081449],[3.75053637979117,51.03555431081449],[3.750535391644362,51.03555431081449],[3.750534493329065,51.03555436730396],[3.750533595013768,51.03555436730396],[3.750532696698504,51.03555436730396],[3.750531798383206,51.03555442379343],[3.750530900067942,51.03555442379343],[3.750530001752645,51.03555448028294],[3.75052919326889,51.03555453677241],[3.750528294953593,51.03555453677241],[3.750527396638329,51.03555459326188],[3.750526498323032,51.03555464975139],[3.750525600007767,51.03555470624085],[3.75052470169247,51.03555476273032],[3.750523803377173,51.03555481921978],[3.750522905061909,51.035554875709295],[3.750522096578154,51.03555498868823],[3.750521198262857,51.0355550451777],[3.750520299947593,51.03555515815669],[3.750519401632295,51.03555521464615],[3.750518503316997,51.03555532762513],[3.750517694833243,51.035555384114595],[3.750516796517979,51.035555497093576],[3.750515898202682,51.03555561007251],[3.750514999887418,51.03555572305148],[3.75051419140363,51.03555583603042],[3.750513293088366,51.03555594900939],[3.750512394773069,51.035556061988366],[3.750511496457804,51.03555623145676],[3.75051068797405,51.03555634443573],[3.750509789658752,51.03555651390418],[3.750508891343455,51.03555662688312],[3.750508082859701,51.03555679635155],[3.750507184544436,51.03555696581999],[3.750506286229139,51.03555707879896],[3.750505387913875,51.03555724826736],[3.75050457943012,51.035557417735795],[3.750503681114823,51.0355576436937],[3.750502782799526,51.03555781316213],[3.750501884484262,51.03555798263057],[3.750500986168964,51.03555820858846],[3.75050017768521,51.0355583780569],[3.750499279369945,51.035558604014795],[3.750498381054648,51.035558829972686],[3.75049748273935,51.035559055930584],[3.750496584424087,51.035559281888474],[3.750495686108788,51.035559507846415],[3.750494787793524,51.035559733804305],[3.750493889478227,51.03555995976219],[3.75049299116293,51.03556024220954],[3.750492092847666,51.035560468167425],[3.750491104700858,51.03556075061482],[3.750490206385561,51.035560976572704],[3.750489308070263,51.03556125902004],[3.750488409755,51.03556154146744],[3.750487421608192,51.03556182391477],[3.750486523292895,51.03556210636211],[3.750485624977598,51.03556238880949],[3.750484726662334,51.035562727746324],[3.750483738515526,51.035563010193655],[3.750482840200229,51.03556334913049],[3.750481941884931,51.03556363157782],[3.750480953738124,51.035563970514644],[3.75048005542286,51.03556430945143],[3.750479157107562,51.03556459189879],[3.750478258792265,51.03556493083557],[3.750477270645457,51.0355652697724],[3.750476372330194,51.035565608709206],[3.750475474014896,51.03556600413547],[3.750474485868089,51.03556634307224],[3.750473587552792,51.03556668200905],[3.750472689237528,51.03556707743531],[3.75047179092223,51.0355674163721],[3.750470802775423,51.03556781179836],[3.750469904460125,51.035568150735116],[3.750469006144861,51.03556854616136],[3.750468107829564,51.035568885098144],[3.7504672095143,51.035569280524385],[3.750466311199002,51.035569675950626],[3.750465412883704,51.03557007137685],[3.75046451456844,51.03557046680308],[3.750463616253143,51.03557086222931],[3.750462717937879,51.03557125765553],[3.750461819622581,51.035571653081746],[3.750460921307284,51.035572048507966],[3.75046002299202,51.03557244393417],[3.750459214508265,51.03557289584983],[3.750458316192968,51.03557329127602],[3.750457417877704,51.035573686702236],[3.750456609393949,51.035574138617875],[3.750455711078652,51.03557453404407],[3.750454902594897,51.03557492947026],[3.7504540042796,51.03557538138589],[3.750453195795846,51.035575776812074],[3.750452297480582,51.03557622872769],[3.750451488996827,51.035576624153876],[3.750450680513073,51.03557707606953],[3.750449872029319,51.03557752798513],[3.750449063545531,51.0355779234113],[3.750448165230267,51.03557837532691],[3.750447356746512,51.035578827242496],[3.750446548262758,51.03557922266865],[3.750445739779004,51.035579674584284],[3.750445021126759,51.035580126499866],[3.750444212643005,51.035580578415455],[3.75044340415925,51.035581030331024],[3.750442595675496,51.035581482246634],[3.750441787191741,51.0355819341622],[3.750440978707987,51.03558238607776],[3.750440260055776,51.035582837993324],[3.750439451572021,51.03558328990887],[3.750438643088267,51.03558374182447],[3.75043783460448,51.03558425022944],[3.750437026120725,51.03558470214498],[3.750436217636971,51.03558521054999],[3.750435409153217,51.03558566246552],[3.750434510837953,51.035586170870516],[3.750433702354198,51.035586679275475],[3.750432893870443,51.035587187680456],[3.75043208538669,51.03558763959597],[3.750431187071392,51.03558814800094],[3.750430378587638,51.03558865640587],[3.75042948027234,51.03558922130026],[3.750428581957076,51.03558972970518],[3.750427683641778,51.03559023811013],[3.750426785326515,51.035590803004496],[3.750425887011216,51.0355913114094],[3.750424988695919,51.035591819814336],[3.750424000549112,51.035592384708686],[3.750423102233848,51.035592949602986],[3.750422114087007,51.03559345800791],[3.7504211259402,51.03559402290224],[3.750420137793393,51.035594587796524],[3.750419149646586,51.035595152690846],[3.750418161499779,51.03559571758515],[3.750417173352972,51.03559628247947],[3.750416095374621,51.03559684737375],[3.750415017396271,51.035597412268004],[3.750413939417954,51.03559797716229],[3.750412861439604,51.03559854205656],[3.750411783461253,51.03559910695084],[3.750410615651394,51.0355996718451],[3.750409537673043,51.03560029322877],[3.750408369863183,51.03560085812302],[3.750407202053323,51.03560142301722],[3.75040594441192,51.03560204440086],[3.750404776602027,51.03560260929509],[3.750403518960657,51.03560317418932],[3.750402261319254,51.03560379557293],[3.750401003677851,51.03560436046715],[3.750399746036447,51.03560492536134],[3.750398398563535,51.03560554674493],[3.750397051090589,51.035606111639126],[3.750395703617676,51.035606676533256],[3.750394356144729,51.03560729791684],[3.750392918840274,51.035607862811005],[3.750391481535851,51.03560842770516],[3.750390044231395,51.03560899259931],[3.750388606926939,51.03560961398285],[3.75038707979094,51.035610178876986],[3.750385642486484,51.03561074377111],[3.750384115350519,51.03561130866519],[3.75038249838301,51.03561187355931],[3.750380971247011,51.03561249494281],[3.750379354279502,51.03561305983692],[3.750377737311993,51.035613624731006],[3.750376120344485,51.03561418962509],[3.750374413545432,51.03561475451913],[3.750372706746381,51.0356153194132],[3.750370999947362,51.03561582781788],[3.75036929314831,51.03561639271194],[3.750367586349292,51.035616957605946],[3.750365789718697,51.03561752249999],[3.750363993088135,51.03561803090464],[3.750362196457574,51.03561859579863],[3.750360399827013,51.03561910420326],[3.750358513364908,51.03561966909728],[3.750356716734346,51.035620177501876],[3.750354830272241,51.03562074239587],[3.750352943810137,51.03562125080049],[3.750351057348066,51.03562175920506],[3.750349170885961,51.03562232409904],[3.750347284423856,51.0356228325036],[3.750345308130242,51.03562334090818],[3.750343331836594,51.03562384931277],[3.750341445374523,51.0356243577173],[3.750339469080875,51.03562486612188],[3.75033749278726,51.03562531803702],[3.750335516493647,51.035625826441546],[3.750333540199998,51.03562633484609],[3.750331563906384,51.035626843250604],[3.750329497781227,51.035627295165774],[3.750327521487612,51.03562780357027],[3.750325545193965,51.03562825548538],[3.75032347906884,51.03562870740054],[3.750321502775193,51.03562921580502],[3.750319436650035,51.035629667720116],[3.750317460356421,51.03563011963526],[3.750315394231264,51.03563057155035],[3.750313328106106,51.035631023465434],[3.750311351812492,51.03563147538053],[3.750309285687334,51.03563192729564],[3.750307219562176,51.03563237921072],[3.750305243268563,51.035632831125795],[3.75030506360551,51.035632831125795],[3.750303177143405,51.03563322655148],[3.750301111018247,51.03563367846654],[3.750299134724633,51.03563407389223],[3.750297068599475,51.03563452580728],[3.750295092305861,51.03563492123296],[3.750293026180704,51.03563531665863],[3.750291049887056,51.03563571208431],[3.750288983761931,51.035636163999385],[3.750287007468284,51.03563650293564],[3.750285031174669,51.035636898361304],[3.750283054881055,51.035637293786955],[3.750281078587407,51.03563768921262],[3.750279102293793,51.0356380281489],[3.750277126000178,51.035638423574554],[3.750275239538074,51.035638762510786],[3.75027326324446,51.03563915793643],[3.750271376782355,51.035639496872705],[3.75026949032025,51.03563983580898],[3.750267514026635,51.035640174745204],[3.750265627564531,51.03564051368147],[3.75026383093397,51.03564079612838],[3.750261944471865,51.0356411350646],[3.750260147841303,51.035641474000855],[3.750258261379198,51.0356417564477],[3.750256464748637,51.03564203889459],[3.750254668118076,51.035642321341456],[3.750252961319024,51.0356426602777],[3.750251164688462,51.03564294272455],[3.75024945788941,51.03564316868203],[3.750247751090392,51.03564345112891],[3.75024604429134,51.03564373357576],[3.750244337492288,51.03564395953324],[3.75024263069327,51.03564424198012],[3.750241013725761,51.03564446793759],[3.750239396758219,51.03564469389507],[3.75023777979071,51.03564491985254],[3.750236162823201,51.03564514581002],[3.750234545855692,51.0356453717675],[3.750232928888184,51.035645597724965],[3.750231401752218,51.03564576719308],[3.750229874616219,51.03564599315055],[3.750228347480253,51.03564616261866],[3.750226820344255,51.03564633208677],[3.750225293208289,51.03564655804424],[3.75022376607229,51.03564672751236],[3.750222238936291,51.03564689698047],[3.750220801631869,51.03564706644857],[3.750219364327412,51.035647179427286],[3.750217837191413,51.03564734889539],[3.750216399886957,51.0356475183635],[3.750214962582502,51.03564763134221],[3.750213525278046,51.03564780081031],[3.75021208797359,51.03564791378907],[3.750210650669133,51.03564802676777],[3.750209303196221,51.03564813974653],[3.750207865891765,51.03564825272524],[3.750206518418818,51.035648365703985],[3.750205081114396,51.03564847868273],[3.75020373364145,51.03564859166144],[3.750202386168537,51.0356486481508],[3.750200948864081,51.03564876112954],[3.750199601391135,51.03564887410829],[3.750198253918222,51.035648930597645],[3.75019690644531,51.035648987086994],[3.750195558972363,51.03564910006575],[3.75019421149945,51.0356491565551],[3.750192864026504,51.03564921304445],[3.750191516553591,51.03564926953385],[3.750190169080678,51.035649326023204],[3.750188821607732,51.03564938251256],[3.750187563966329,51.03564938251256],[3.750186216493416,51.03564943900191],[3.750184869020504,51.035649495491306],[3.750183521547557,51.035649495491306],[3.750182263906154,51.035649551980654],[3.750180916433242,51.035649551980654],[3.750179568960295,51.03564960847001],[3.750178311318925,51.03564960847001],[3.750176963845979,51.03564960847001],[3.750175616373067,51.035649664959365],[3.750174358731663,51.035649664959365],[3.750173011258751,51.035649664959365],[3.750171663785804,51.035649664959365],[3.750170406144401,51.035649664959365],[3.750169058671489,51.035649664959365],[3.750167711198576,51.035649664959365],[3.750166363725629,51.035649664959365],[3.750165465410365,51.035649664959365],[3.750165016252716,51.035649664959365],[3.75016366877977,51.03564960847001],[3.750162321306857,51.03564960847001],[3.750160973833945,51.03564960847001],[3.750159626360999,51.03564960847001],[3.750158278888086,51.035649551980654],[3.750156931415139,51.035649551980654],[3.750155583942226,51.035649495491306],[3.750154146637771,51.035649495491306],[3.750152799164858,51.035649495491306],[3.750151361860402,51.03564943900191],[3.750150014387456,51.03564943900191],[3.750148577082999,51.03564938251256],[3.750147139778544,51.035649326023204],[3.750145702474088,51.035649326023204],[3.750144265169632,51.03564926953385],[3.750142827865176,51.03564921304445],[3.75014139056072,51.03564921304445],[3.750139953256297,51.0356491565551],[3.750138515951842,51.03564910006575],[3.750137078647386,51.03564904357635],[3.750135551511387,51.035648987086994],[3.750134114206931,51.035648987086994],[3.750132676902475,51.035648930597645],[3.750131149766509,51.03564887410829],[3.750129712462054,51.0356488176189],[3.750128185326054,51.03564876112954],[3.750126658190089,51.03564870464019],[3.750125220885633,51.0356486481508],[3.750123693749634,51.03564859166144],[3.750122166613668,51.035648535172086],[3.750120729309212,51.03564842219334],[3.750119202173213,51.035648365703985],[3.750117675037248,51.035648309214636],[3.750116147901248,51.03564825272524],[3.750114620765283,51.03564819623588],[3.750113183460827,51.03564808325717],[3.750111656324828,51.03564802676777],[3.750110129188862,51.03564797027842],[3.750108602052863,51.035647857299715],[3.750107074916897,51.03564780081031],[3.750105547780898,51.03564774432096],[3.750104020644933,51.03564763134221],[3.750102493508933,51.03564757485285],[3.750100966372934,51.03564746187414],[3.750099529068512,51.03564740538475],[3.750098001932513,51.03564729240604],[3.750096474796514,51.03564723591664],[3.750094947660548,51.03564712293793],[3.75009342052455,51.03564706644857],[3.750091893388584,51.03564695346982],[3.750090366252585,51.03564684049107],[3.750088928948129,51.035646784001706],[3.750087401812164,51.035646671022995],[3.750085874676164,51.03564655804424],[3.750084437371708,51.035646501554886],[3.750082910235742,51.035646388576126],[3.750081383099744,51.03564627559742],[3.750079945795287,51.03564616261866],[3.750078418659322,51.035646106129306],[3.750076981354866,51.03564599315055],[3.75007554405041,51.035645880171835],[3.750074016914411,51.03564576719308],[3.750072579609988,51.03564565421436],[3.750071142305533,51.03564554123561],[3.750069705001077,51.03564542825685],[3.750068177865078,51.03564531527814],[3.750066740560622,51.03564520229937],[3.750065303256166,51.03564514581002],[3.750063955783253,51.0356449763419],[3.750062518478797,51.03564486336319],[3.750061081174341,51.03564475038443],[3.750059643869885,51.03564463740571],[3.750058296396939,51.03564452442696],[3.750056859092517,51.035644411448196],[3.75005551161957,51.03564429846947],[3.750054074315115,51.03564418549072],[3.750052726842202,51.035644072512],[3.750051379369255,51.03564390304388],[3.7500499420648,51.03564379006511],[3.750048594591887,51.035643677086405],[3.750047247118974,51.03564356410764],[3.750045899646028,51.035643394639514],[3.750044552173114,51.03564328166079],[3.750043204700168,51.03564316868203],[3.750041857227256,51.035642999213906],[3.750040599585852,51.03564288623519],[3.75003925211294,51.03564277325642],[3.750037904639994,51.035642603788304],[3.750036646998624,51.03564249080957],[3.750035299525677,51.035642321341456],[3.750034041884274,51.03564220836273],[3.750032694411361,51.03564203889459],[3.750031436769958,51.03564192591583],[3.750030179128556,51.0356417564477],[3.750028831655642,51.03564164346898],[3.75002757401424,51.035641474000855],[3.750026316372836,51.03564136102209],[3.750025058731433,51.03564119155396],[3.75002380109003,51.03564102208587],[3.75002254344866,51.035640909107094],[3.750021285807257,51.035640739638964],[3.750020028165855,51.03564057017083],[3.750018770524451,51.03564040070274],[3.750017512883048,51.03564028772397],[3.750016255241645,51.03564011825584],[3.750015087431785,51.035639948787704],[3.750013829790382,51.035639779319574],[3.750012572148978,51.03563960985148],[3.750011404339118,51.03563944038334],[3.750010146697715,51.035639270915205],[3.750008978887855,51.03563910144706],[3.750007721246452,51.03563893197893],[3.750006553436592,51.035638762510786],[3.750005295795189,51.03563859304269],[3.750004127985329,51.035638423574554],[3.750002870343927,51.03563825410641],[3.750001702534066,51.03563808463827],[3.750000534724172,51.03563791517013],[3.749999366914313,51.035637745701976],[3.74999810927291,51.035637576233874],[3.749996941463049,51.03563735027633],[3.74999577365319,51.03563718080823],[3.749994605843296,51.035637011340086],[3.749993438033436,51.035636841871934],[3.749992270223576,51.03563661591443],[3.749991102413716,51.03563644644627],[3.749989934603823,51.035636276978124],[3.749988766793963,51.03563605102061],[3.749987598984103,51.03563588155246],[3.749986431174209,51.03563565559494],[3.749985263364349,51.035635486126786],[3.74998409555449,51.03563531665863],[3.74998292774463,51.035635090701106],[3.749981759934736,51.03563492123296],[3.749980681956419,51.035634695275434],[3.749979514146526,51.03563446931791],[3.749978346336666,51.035634299849754],[3.749977178526805,51.03563407389223],[3.749976100548456,51.035633904424074],[3.749974932738595,51.03563367846654],[3.749973854760245,51.03563345250901],[3.749972686950385,51.03563328304085],[3.749971608972035,51.03563305708332],[3.749970441162175,51.035632831125795],[3.749969363183824,51.03563260516825],[3.749968195373965,51.03563243570009],[3.749967117395614,51.03563220974255],[3.749966039417264,51.03563198378502],[3.749964871607404,51.03563175782748],[3.749963793629054,51.035631588359315],[3.749962715650736,51.03563136240178],[3.749961637672386,51.03563113644424],[3.749960559694036,51.035630910486695],[3.749959481715686,51.0356306845291],[3.749958403737369,51.03563051506097],[3.749957325759019,51.035630289103395],[3.749956247780668,51.03563006314584],[3.749955169802351,51.0356298371883],[3.749954181655511,51.03562961123074],[3.749953912160948,51.03562961123074],[3.749965410596563,51.035641248043355],[3.749956068117616,51.0356486481508],[3.749945018839616,51.03565734751229],[3.749897947118744,51.03565356272536],[3.749789700127001,51.035643846554514],[3.749545897358885,51.035682993672296],[3.749416809452581,51.035601479506674],[3.749484632256505,51.03554001897373],[3.749536465048395,51.03549968545469],[3.749575901089373,51.03545059601231],[3.749625128766948,51.03544681120849],[3.749661780030557,51.03537518232575],[3.749555150006323,51.0353253583846],[3.74948193731068,51.035215090242716],[3.749449777623492,51.034964330924886],[3.749476277924366,51.034870331137284],[3.749470528706542,51.03486942729223],[3.749476727082015,51.03485434437555],[3.749229870041934,51.03466447997485],[3.749227444590671,51.03466255929562],[3.749227085264566,51.034665892238955],[3.74913878087212,51.034668886238734],[3.749087846395527,51.034670411483845],[3.74901777780336,51.0346642540126],[3.748928215769543,51.03463595223066],[3.748832365528711,51.03459923332612],[3.748743432315597,51.03458047842827],[3.74811344380682,51.034471903237936],[3.748035559871704,51.03465702321964],[3.747823916790778,51.03462736565864],[3.747982649101465,51.034188601010115],[3.747983188090623,51.03418713224028],[3.747978157525043,51.03416114630531],[3.74780190806629,51.03412872035737],[3.747801818234781,51.034128776848576],[3.747774150124012,51.034123636147456],[3.747454529545939,51.03406432032374],[3.747427130929766,51.034059179615426],[3.747416979967065,51.034056806980615],[3.747527921904634,51.033819994820874],[3.747545528884211,51.03381830007297],[3.747734175093875,51.033775253456284],[3.747769209389976,51.03370610762605],[3.747781695972398,51.03368475374586],[3.747829845671655,51.033643684218504],[3.747838289835304,51.033625437360385],[3.74786425114702,51.03359521422048],[3.747933241760838,51.03343850551182],[3.747962257344519,51.03337207080194],[3.748031158126827,51.03338444257913],[3.748035020882546,51.0333756862988],[3.748086224853734,51.03338472503974],[3.748082451929525,51.03339336833411],[3.74815126288029,51.03340574010557],[3.748102035202716,51.03351708590024],[3.748052717693632,51.0336284879192],[3.747987140677885,51.03365543451339],[3.747848081471899,51.03383456964999],[3.747830654155409,51.03385066974662],[3.747830384660813,51.033850500271946],[3.747830294829269,51.03385123466216],[3.747830025334707,51.033862532972094],[3.747826971062743,51.03388388677037],[3.74784763231425,51.03391456165382]]],"type":"Polygon"},{"coordinates":[[[3.666364507163733,51.079550349307354],[3.666371064865312,51.079554525558535],[3.666323993144438,51.0795813325675],[3.666245839714727,51.07953821560233],[3.666231466670168,51.079546511670735],[3.665952090616827,51.079389450476846],[3.665959277139072,51.0793830732055],[3.665994760592822,51.07935767698331],[3.66596358905244,51.07931715587103],[3.666028537247486,51.07925976030726],[3.666086658246358,51.07918673182718],[3.666157894648386,51.079093724755275],[3.66625886528634,51.07903790913508],[3.666307643806265,51.079053767776195],[3.666416250124113,51.079121152831114],[3.666468442242109,51.07907955922004],[3.666494762879931,51.07907747107301],[3.666526024251822,51.079088024679876],[3.666527731050874,51.079088363298204],[3.666513268174805,51.079116412177214],[3.666490989955755,51.07913260940942],[3.666479850846246,51.07914073624156],[3.666477964384141,51.07914209071346],[3.666468442242109,51.07914903238124],[3.666481827139861,51.079156820592665],[3.666456045491197,51.079175670316324],[3.66644337924569,51.07918492586644],[3.666428107885866,51.07919610024762],[3.666308811616124,51.07928318131777],[3.666294887729214,51.079293339824666],[3.666277011255076,51.079306376571935],[3.666263716188866,51.07929949136389],[3.66625060078571,51.07929266259095],[3.666147204696526,51.07936738398542],[3.666160589594245,51.07937522859613],[3.666157265827718,51.07937771178196],[3.666239910833851,51.07943087450144],[3.666216374973397,51.07947890149167],[3.666226795430694,51.07948810054522],[3.666259224612445,51.07948127180012],[3.666283928282759,51.07947387869478],[3.666277460412724,51.07947709554228],[3.666285635081811,51.079483077749344],[3.66629623520216,51.0794908094686],[3.666320489714824,51.07950858677444],[3.666310069257528,51.07951315808056],[3.66632354398679,51.07952388089559],[3.666342228944717,51.07953607104021],[3.666364507163733,51.079550349307354]]],"type":"Polygon"},{"coordinates":[[[3.69904333073793,51.057839134071195],[3.699127592711571,51.05791400303309],[3.699115106129117,51.05791981864121],[3.698985299570568,51.057978313455],[3.699014225322707,51.058057812079596],[3.699025723758354,51.05808705940861],[3.699027789883512,51.05809343961495],[3.698784705767607,51.05810444970355],[3.698831238499355,51.05809050359092],[3.698853157392266,51.05808530908634],[3.698841838619705,51.05806345828354],[3.698834652097426,51.05805555359784],[3.698824770629287,51.05804889107598],[3.698807702638902,51.0580433577944],[3.698742125623155,51.058031613684335],[3.698730088198348,51.05802777426309],[3.698718589762701,51.058021506971805],[3.698706013348737,51.05800773022051],[3.69870349806593,51.05799711534374],[3.6986967607013,51.05798548414622],[3.698678794395617,51.05796888427669],[3.698662085731338,51.057959793869436],[3.698634148126008,51.05795109869562],[3.698603335911765,51.05794799327601],[3.698616990304079,51.057929473678314],[3.698622380195797,51.05791400303309],[3.698621661543553,51.05789633035544],[3.698612678390711,51.05787798012387],[3.698608546140397,51.057872954982265],[3.698624625984007,51.05787080941601],[3.698679153721723,51.05786358224475],[3.69868948434751,51.05786200130089],[3.698699455647159,51.05785962988504],[3.698708887957649,51.05785652445925],[3.698717691447437,51.05785274148582],[3.698725776284981,51.05784833742675],[3.698732872975717,51.057843312281925],[3.69874014932954,51.05783670619182],[3.698745718884278,51.05782942255294],[3.69874967147154,51.057821743676605],[3.69875182742824,51.05781378248726],[3.698752096922803,51.05780570837187],[3.698750569786837,51.05779769071747],[3.698749401976944,51.05779136693268],[3.69882495029234,51.05775229495768],[3.698953499209518,51.057685895109536],[3.698932119305733,51.05767059377048],[3.698942360099977,51.05766534275627],[3.69893301762103,51.05765517950132],[3.698921070027767,51.05765698630237],[3.698918644576471,51.057656082901836],[3.698917476766611,51.0576548407261],[3.698892862927841,51.057638410125726],[3.699018357573022,51.057569864534074],[3.699034617079652,51.05758166522386],[3.69907845486554,51.05755766860265],[3.699062105527367,51.05754592436939],[3.699104236514171,51.0575227746701],[3.699108368764486,51.05752435562554],[3.699134779233851,51.05751052226358],[3.699240331279735,51.057455414625586],[3.699243116057104,51.05745417244447],[3.699268628211171,51.0574526479494],[3.699290636935626,51.057460213961434],[3.699306447284641,51.057466650716954],[3.699294320028292,51.05748093579398],[3.69929476918594,51.05748200858614],[3.699299350593904,51.05748319430378],[3.699298092952501,51.05748449294684],[3.699255872134154,51.05752192772967],[3.699262699330295,51.0575288161781],[3.699269526526469,51.057531582849734],[3.699279318163065,51.05753756789393],[3.699331779775656,51.057572066576896],[3.699357022435128,51.057588271350355],[3.699367532723968,51.05759922509644],[3.699379749811827,51.05761113870394],[3.699416850233052,51.05759527271415],[3.699420982483367,51.057593465910685],[3.699473174601361,51.05763027951717],[3.699433379234278,51.05764710535828],[3.699444787838382,51.05765901895346],[3.69947964247143,51.0576884923843],[3.699525905708549,51.05771954674517],[3.699572707934859,51.057752520807384],[3.699527882002163,51.057774992843136],[3.699433469065821,51.05783218920662],[3.699411819667472,51.0578442721411],[3.699353878331653,51.05786042035701],[3.699341840906847,51.05786380809387],[3.699338247645691,51.05785850063931],[3.699349566418285,51.05785550813806],[3.699343637537409,51.057845344924836],[3.699347859619234,51.05784421567876],[3.699346242651725,51.057842070111214],[3.6993420205699,51.05784308643271],[3.699335462868322,51.05783297967907],[3.699323155948921,51.05783608510639],[3.699296296321939,51.05779605330896],[3.699300159077659,51.05779396420154],[3.699297643794853,51.05779210094348],[3.6991761017369,51.05785562106265],[3.699119597705538,51.05780525667308],[3.69904333073793,51.057839134071195]]],"type":"Polygon"},{"coordinates":[[[3.674138168306418,51.02277734075092],[3.673987161507136,51.02282130166287],[3.673947905129245,51.02276705682977],[3.673759348751089,51.02250668074737],[3.673786747367261,51.02250617219891],[3.673816122277048,51.022498939509],[3.673862834671816,51.02248311799587],[3.67388708918448,51.02247921912217],[3.673903258859601,51.022467409488215],[3.673905055490162,51.02246113738475],[3.673906223300056,51.022456955981994],[3.673900384250689,51.02245209651344],[3.673890502782584,51.02245237904068],[3.673880082325287,51.02245266156792],[3.673825913913644,51.02246006378139],[3.673749018125335,51.022492497893595],[3.673745065538073,51.02248712988006],[3.673726200917093,51.022461702439166],[3.673724673781127,51.02246221098813],[3.67362505061612,51.02246221098813],[3.673622086175664,51.02244576790242],[3.673588489184053,51.02240886982291],[3.673572768666582,51.022390279508336],[3.673551209099776,51.02238106910659],[3.673528841049182,51.02238005200689],[3.673493177932414,51.022385420032776],[3.673495154226028,51.022390618541515],[3.67346281487582,51.02239621258829],[3.673445836716945,51.02240559250357],[3.673451136777119,51.022436444500734],[3.673387715718039,51.02244802812073],[3.673388434370284,51.02242791217392],[3.673405232866107,51.022418249735665],[3.673408376969581,51.02241169509803],[3.673385020772213,51.02241209063653],[3.673344327089833,51.02241966237297],[3.673283331482049,51.02243311067788],[3.673273719508506,51.02242796867938],[3.673260873599946,51.022414576878504],[3.67323823605479,51.022380786578864],[3.67321110693318,51.02236185721966],[3.673175623479464,51.022382312228395],[3.673174276006552,51.02237841334619],[3.67317023358778,51.022366208147695],[3.673163496223149,51.02234592264859],[3.673195386415708,51.02232801037604],[3.673219640928405,51.022314392523775],[3.673291146824996,51.02227416050542],[3.673303992733557,51.0222669277793],[3.673498927150237,51.0221573631419],[3.673616336957874,51.02209136430808],[3.673663408678748,51.022064863037585],[3.673666462950713,51.0220635068954],[3.673668888401976,51.02206254629465],[3.673671403684781,51.02206169870575],[3.673674008799097,51.02206085111685],[3.673676524081904,51.02206006003384],[3.673679129196219,51.02205932545674],[3.673681824142079,51.02205870389151],[3.673683171614992,51.022058364855944],[3.673687214033763,51.02205751726694],[3.673689998811165,51.022057065219485],[3.673692693757025,51.02205661317203],[3.673695478534393,51.02205627413642],[3.673698263311762,51.022055991606756],[3.673701048089165,51.022055709077065],[3.673703832866533,51.0220555395593],[3.673706617643902,51.022055426547404],[3.673709402421304,51.022055370041485],[3.673712187198672,51.022055313535525],[3.673714971976042,51.022055370041485],[3.673717756753444,51.02205548305333],[3.673720541530812,51.02205565257114],[3.673723326308214,51.02205587859488],[3.673726111085584,51.02205616112458],[3.673728895862952,51.02205650016015],[3.673731590808811,51.02205695220764],[3.673734016260074,51.022057065219485],[3.673736441711338,51.02205723473729],[3.673738867162601,51.02205746076101],[3.673741292613897,51.02205774329067],[3.67374371806516,51.02205808232627],[3.67374605368488,51.02205847786779],[3.673748389304633,51.022058929915225],[3.673750724924354,51.022059381962706],[3.673753060544107,51.02205989051604],[3.673755306332317,51.02206051208127],[3.673757552120527,51.02206113364647],[3.673759797908737,51.022061811717634],[3.673762043696948,51.02206254629465],[3.673764199653615,51.02206333737762],[3.673766355610316,51.02206412846056],[3.673768421735474,51.02206503255537],[3.673770487860631,51.0220659366501],[3.673772464154245,51.02206689725078],[3.67377444044786,51.02206791435735],[3.673777225225262,51.0220698920645],[3.673784321915998,51.022074977596766],[3.673786298209613,51.02207639024453],[3.673809654407013,51.02209305948476],[3.673815313793293,51.02209707140272],[3.673819895201258,51.02210040524978],[3.673838669990694,51.022113740635554],[3.673859331242202,51.02212848866366],[3.673983568246013,51.022217202756785],[3.673994976850117,51.02222528307658],[3.674015907596222,51.022240313597734],[3.674305165117735,51.02244757607708],[3.674352147007098,51.02248125331719],[3.674532977873782,51.022610876560016],[3.674544296646344,51.02261895681118],[3.674552920473079,51.02262517238806],[3.674553818788376,51.02262573744047],[3.674562352783569,51.02263189651122],[3.674562622278164,51.02263206602689],[3.674574569871428,51.022640598316165],[3.674584092013427,51.022647435447496],[3.674548069570553,51.0226439321241],[3.674542949173431,51.022643423577165],[3.67454178136357,51.022643310566714],[3.674533516862941,51.02263732101316],[3.674532888042239,51.02263686897137],[3.674532708379186,51.022636699455674],[3.674531899895432,51.02263613440344],[3.674528037139713,51.02263336564722],[3.674527587982064,51.02263308312104],[3.674527048992905,51.022632631079205],[3.674472072097509,51.02269896817339],[3.674460483830351,51.02268710209026],[3.674416556212952,51.02269693398794],[3.674257195081564,51.02273914331801],[3.674235276188619,51.02275163094378],[3.674234737199461,51.02276010670596],[3.674238779618233,51.02276948654761],[3.674250008559285,51.02277784929644],[3.674245067825215,51.02277926192278],[3.674208236898553,51.022765757213214],[3.674194852000834,51.02276084127195],[3.674138168306418,51.02277734075092]]],"type":"Polygon"},{"coordinates":[[[3.728691508038051,51.0672539443721],[3.728694292815453,51.06726681515907],[3.728695101299207,51.067270315109326],[3.728577601660027,51.06727759726297],[3.728489297267614,51.06728329879331],[3.72831080202065,51.067294927655034],[3.728297506954441,51.06719636449185],[3.728294991671635,51.06717734053524],[3.72829193739967,51.0671547601612],[3.728347183789664,51.06715001828128],[3.728395333488887,51.06714584091044],[3.728649377051247,51.067123825030905],[3.728650634692616,51.06712918787434],[3.728675518026016,51.067234976890035],[3.728687106293173,51.06723384787303],[3.728691508038051,51.0672539443721]]],"type":"Polygon"},{"coordinates":[[[3.743928192898121,51.06219398011768],[3.743913550358998,51.062200698500035],[3.743909328277141,51.062202618037695],[3.74390133327114,51.062209449332784],[3.743892799275915,51.06221661936867],[3.743885433090615,51.06222457980095],[3.743870970214513,51.062238242383636],[3.743852554751216,51.06224800943405],[3.743837373222902,51.06225399386857],[3.743808357639221,51.06225879270698],[3.743770179239645,51.062257550654735],[3.743700110647477,51.06223513725155],[3.743664267867655,51.06222435397311],[3.743600307819417,51.0622051021451],[3.743577400779665,51.06219827084938],[3.743568237963772,51.06219550445663],[3.743586922921699,51.06217777695617],[3.743587731405453,51.06217709947192],[3.743590606014365,51.06217433307791],[3.743596085737593,51.06217653490171],[3.743596355232155,51.06217664781577],[3.743598241694259,51.06217743821405],[3.743623214859169,51.062153274603595],[3.7436299522238,51.06214672558552],[3.743637498072185,51.06213938616757],[3.743679718890532,51.062098454777036],[3.743690678336987,51.06208789729527],[3.743684569793058,51.06208530026729],[3.743693732608953,51.06207643649682],[3.743734066965227,51.062037424595125],[3.743712597229933,51.06202918184468],[3.743727778758246,51.062014390055936],[3.743748799335893,51.0620231973811],[3.743763531706558,51.062029351216296],[3.743764340190312,51.062028617272674],[3.743778084414136,51.06201597085801],[3.743781138686101,51.062016535430175],[3.743785270936416,51.06201732583119],[3.743914089348158,51.06204239282754],[3.743914897831912,51.06204357842839],[3.744020539709339,51.06219838376338],[3.744012005714146,51.06219973873121],[3.743989098674395,51.06219584319859],[3.743956489829557,51.06219375428968],[3.743928192898121,51.06219398011768]]],"type":"Polygon"},{"coordinates":[[[3.732959853110565,51.02534355980441],[3.732915206840921,51.02534604588912],[3.732886011594187,51.02534881448334],[3.732868045288505,51.02535141357162],[3.732849450162121,51.025374861861465],[3.732842263639875,51.02539610656683],[3.732840736503876,51.02541644723309],[3.732805792039318,51.025457411047746],[3.732782884999566,51.02546938942535],[3.732758899981498,51.02548244133323],[3.73272170972873,51.025491199104884],[3.732701946792486,51.025489956066444],[3.732665654855016,51.025482723842046],[3.732643646130528,51.02548102878926],[3.732604030426497,51.02547944673995],[3.732564594385552,51.02547775168709],[3.732534231328925,51.02547272302987],[3.732503508946225,51.025459671119215],[3.732474942520192,51.02544752323373],[3.732437842098934,51.02543622287227],[3.732436225131426,51.025390343376465],[3.732440177718688,51.02538135957823],[3.732442782833004,51.0253587023184],[3.732432272544197,51.02534209075429],[3.732419606298689,51.02533005584185],[3.732397148416587,51.02530220037531],[3.732377744806449,51.025285758296945],[3.73234998686417,51.02525389115935],[3.732338398597013,51.02524010466038],[3.732314503410454,51.02523112083307],[3.732260514661864,51.025255925232614],[3.732235631328498,51.02527349736184],[3.73220562759801,51.02529332956397],[3.73217616285668,51.02530372592869],[3.732176252688223,51.025284402248964],[3.732154423626822,51.02524304276708],[3.732140140413806,51.02524535935103],[3.732138074288648,51.02523157284958],[3.732146159126192,51.02521654329823],[3.732165023747172,51.02520987605209],[3.732177869655732,51.02519795410951],[3.732143643843385,51.025173997211006],[3.732105824769949,51.02516410933652],[3.732076719354725,51.02516173624633],[3.732069981990095,51.02515749858498],[3.732061897152551,51.025151283347626],[3.732053273325814,51.02514896675897],[3.732006830425643,51.02515201787574],[3.731888701965762,51.025158798134484],[3.731904691977829,51.02514111295746],[3.73201275930652,51.02512749593153],[3.732047793602588,51.025133711172074],[3.732063963277708,51.02513540623756],[3.73207519221876,51.02513653628114],[3.732074653229568,51.02510235244998],[3.732096482290969,51.025086927341015],[3.732150381208016,51.02507025917727],[3.732168617008294,51.02505449504398],[3.732184157862714,51.02504082149033],[3.732192063037205,51.02502228873349],[3.732189368091379,51.02500126986616],[3.732176701845872,51.02499612815252],[3.732160083013103,51.02497804739682],[3.73215828638254,51.02496375229433],[3.732180923927697,51.024958045552594],[3.732210298837483,51.024942846405274],[3.732219731147973,51.02488114572646],[3.732158196550998,51.02486255640324],[3.732174006900013,51.02484515362586],[3.732283331870073,51.0247231079904],[3.732309742339438,51.02469378308846],[3.732367593843747,51.024629595955105],[3.732406490895534,51.02458631479209],[3.732442064180792,51.02459671131537],[3.732456706719914,51.02460049700533],[3.732573757201446,51.02463055650265],[3.732640681690106,51.024647733349504],[3.732679758404979,51.02465620876502],[3.73268164486705,51.02465666078713],[3.73270275527624,51.024661350516325],[3.732709223146275,51.02466276308527],[3.732903349079168,51.024704970625486],[3.732904606720571,51.024705253139025],[3.73294628854976,51.02471446307907],[3.732959224289863,51.02471740121904],[3.733055523688309,51.024738928739076],[3.733068279765361,51.02474181037484],[3.73300827230435,51.02505189593905],[3.73298868903116,51.02518179450478],[3.732987970378948,51.025186653687214],[3.732987341558247,51.02518829224865],[3.732959853110565,51.02534355980441]]],"type":"Polygon"},{"coordinates":[[[3.713203564393023,51.08092149390916],[3.713231771492949,51.08094863873083],[3.713240754645791,51.08095569299581],[3.71316781144471,51.080981088340806],[3.713059744116054,51.081018673425845],[3.712852323116918,51.08108978025988],[3.712851694296251,51.08108932878827],[3.712837680577797,51.08107973501538],[3.712832470349165,51.081077195486905],[3.7128389382192,51.08107239859943],[3.712925715475647,51.08102070505118],[3.713000904464937,51.080975783536566],[3.713103941228015,51.08092087313343],[3.71311526000061,51.08091432677066],[3.713141131480783,51.080902024120846],[3.713203564393023,51.08092149390916]]],"type":"Polygon"},{"coordinates":[[[3.686549471934847,51.07240874690584],[3.686515335954077,51.072401126892196],[3.68647661856531,51.07246981985871],[3.68643089431735,51.072462538521975],[3.686363071513391,51.07240411845326],[3.686341332283533,51.072415463805704],[3.686327408396623,51.07242274514983],[3.686236498889861,51.07235354411199],[3.686229492030667,51.072348238318526],[3.686220149551687,51.07234112629656],[3.686215208817651,51.07233734450663],[3.686194547566109,51.072321652897394],[3.686187091549234,51.072306130616866],[3.686186822054671,51.07230556617019],[3.686189966158145,51.072297099469424],[3.686197062848882,51.072289592326776],[3.686204788360354,51.072287221649894],[3.68621080707274,51.07228530253044],[3.686230390345931,51.07228434297067],[3.686249075303858,51.07228739098396],[3.686287702861082,51.072293656343994],[3.686299830117397,51.0722956319078],[3.686375827590441,51.072308670626775],[3.686447782644681,51.07232052400443],[3.686442302921453,51.07233170004349],[3.686428738360682,51.072359527240074],[3.6865634856533,51.0723837419675],[3.686583068926491,51.072387297975375],[3.686568156892773,51.072412923801686],[3.686549471934847,51.07240874690584]]],"type":"Polygon"},{"coordinates":[[[3.631718642611944,51.068782268853845],[3.631669684428966,51.06881331577359],[3.631629080578128,51.06883448411602],[3.631572756209784,51.06886293435298],[3.631517330156771,51.06888534454716],[3.631461904103725,51.06890775473055],[3.631420851095272,51.068921923379904],[3.63134395530693,51.06894749467633],[3.631297242912162,51.068962566493404],[3.631283229193742,51.0689473817788],[3.631251249169606,51.06890719024243],[3.631246218604027,51.068903521069544],[3.631228252298345,51.068877667504545],[3.631221964091362,51.06886857923919],[3.631179653441472,51.06887089364236],[3.631152793814459,51.06887382898275],[3.631125664692882,51.06887535310175],[3.631098355908253,51.06887529665291],[3.631071226786676,51.06887377253391],[3.631044367159696,51.06887072429579],[3.631018046521841,51.06886620838706],[3.630992444536263,51.06886028125624],[3.63096783069746,51.06885294290274],[3.63094429483704,51.06884424977475],[3.630922106449499,51.06883425832043],[3.630901355366448,51.06882313788569],[3.630882221250906,51.0688108884697],[3.630864883765925,51.068797622969484],[3.630849522574559,51.06878345428208],[3.630836137676807,51.06876843885564],[3.630824908735755,51.068752802485314],[3.630815925582914,51.06873660161954],[3.630808200071475,51.068716562213204],[3.630805055968001,51.068703974074694],[3.63080325933744,51.06869121658548],[3.630802810179791,51.06867845909278],[3.630804337315757,51.06866095987141],[3.630808289903019,51.06864368643998],[3.630814757773054,51.068626638798676],[3.630823651094385,51.06861004274452],[3.630834790203894,51.06859401117631],[3.630848175101646,51.06857871344233],[3.630863715956032,51.06856420599253],[3.630881233104099,51.068550601726145],[3.630900546882693,51.068538069991746],[3.630921657291884,51.06852672368875],[3.63094429483704,51.068516562818],[3.630968279855108,51.06850770027894],[3.630993342851527,51.0685002489709],[3.631019483826297,51.0684942653439],[3.631057213068257,51.06848839461472],[3.631021639782997,51.068385600284635],[3.630988671612054,51.068295168181045],[3.630939893092129,51.06815658430869],[3.63093261673834,51.06814111708089],[3.630884017881467,51.06803764458104],[3.6308818619248,51.068034370488306],[3.630879526305047,51.068029572248626],[3.630878358495186,51.068026015905915],[3.630877819505995,51.06802347566094],[3.630877460179889,51.06801704037311],[3.630877819505995,51.06801410497838],[3.630878448326697,51.06801094378381],[3.630879436473504,51.06800812128849],[3.630880694114907,51.068005129443264],[3.6308818619248,51.068003153696345],[3.630883209397713,51.06800134729906],[3.630883928049924,51.06800044410036],[3.630885185691327,51.06799920220217],[3.630886982321889,51.067997621604405],[3.630889048447046,51.06799609745654],[3.630890575583045,51.067995081357914],[3.63089147389831,51.06799457330858],[3.630893989181116,51.067993274960315],[3.63089695362157,51.06799197661197],[3.630899828230482,51.06799096051326],[3.630902972333957,51.06799011376433],[3.630906116437465,51.06798937991521],[3.631048140083872,51.067962961339994],[3.631062692791485,51.067996210356355],[3.631117669686881,51.06798683966828],[3.63110311697927,51.06795347774522],[3.631238223597993,51.067933494449846],[3.631264095078166,51.06793084129981],[3.631376384488681,51.06791949484796],[3.631403962767906,51.06799457330858],[3.631559820469714,51.06803787038052],[3.631638243394022,51.068106118225195],[3.631761043093344,51.06811464214252],[3.631920494056275,51.067989492815094],[3.631938101035852,51.0680417654215],[3.631924356811994,51.0681196097227],[3.631913217702486,51.068188026795966],[3.631893095440103,51.068290031271],[3.631858689964737,51.068436066063356],[3.631845933887686,51.06851120013536],[3.631819253923759,51.068587801764636],[3.631797694356953,51.06866564514748],[3.631781704344885,51.06870820775395],[3.631761222756397,51.06875466530225],[3.631757090506115,51.06875731840506],[3.631718642611944,51.068782268853845]]],"type":"Polygon"},{"coordinates":[[[3.649885991254911,51.043522653089525],[3.649862904552107,51.04354942449084],[3.649827600761443,51.04359184075118],[3.649788793541167,51.04357613939703],[3.649810532771058,51.04355247439638],[3.649205068269542,51.04337337682754],[3.64920704456319,51.04336710755289],[3.649197971578805,51.04335829667895],[3.649122602926463,51.043332541807125],[3.649071937944433,51.04329910563637],[3.649047054611067,51.04328357362317],[3.649006360928718,51.04326979248711],[3.648948599255952,51.04323810715462],[3.648943838184936,51.04323731643303],[3.64893898728241,51.04323680811202],[3.648931261770972,51.04323641275122],[3.648922997270342,51.043237146992674],[3.648916888726412,51.04323810715462],[3.648910959845536,51.04323946267732],[3.648905300459256,51.043241213560705],[3.648900000399081,51.04324330332473],[3.648895059665011,51.04324573196924],[3.648888052805784,51.0432498550166],[3.648882034093398,51.043254599344664],[3.648877183190838,51.04325979551291],[3.648873500098172,51.0432653870411],[3.648784027895899,51.04323827659496],[3.648779626150989,51.043225286167235],[3.648779536319478,51.04322065479647],[3.648778727835724,51.04321602342523],[3.648777200699725,51.04321144853366],[3.648775134574567,51.04320698660197],[3.648772439628709,51.04320263763014],[3.648769115862181,51.043198458098416],[3.648762737823656,51.043192358240574],[3.648755102143728,51.04318687966389],[3.648746298653939,51.04318213532894],[3.648736507017344,51.04317818171608],[3.648725996728537,51.04317513178594],[3.648714857618995,51.043173098499075],[3.648677847029314,51.043169879128],[3.648653323022053,51.04316829768248],[3.648646046668264,51.04316903192506],[3.648639039809037,51.04317038744975],[3.648632392275915,51.04317230777637],[3.648626193900477,51.04317473642461],[3.648620983671812,51.04317739099346],[3.648616312432338,51.04318044092346],[3.648612180182023,51.04318382973433],[3.648608856415496,51.04318750094581],[3.648606161469637,51.04319139807773],[3.648604185176022,51.04319546464978],[3.648478421036246,51.04315564611639],[3.648472671818422,51.04316553015268],[3.648435571397163,51.043155589636186],[3.648406735476569,51.043194956328264],[3.648401974405552,51.04319337488359],[3.648391823442851,51.043189986073465],[3.648229857197114,51.0434070953442],[3.648227611408904,51.04341240445513],[3.648239918328305,51.04341579324904],[3.648223748653184,51.043439910158476],[3.648140205331754,51.043414946050596],[3.648155836017717,51.0433943308835],[3.648172634513506,51.04339856687749],[3.648217729940765,51.043342538765664],[3.648379696186502,51.04312667175786],[3.648377809724397,51.0431261634356],[3.648379696186502,51.04312350886381],[3.648387601360993,51.04312554215286],[3.648419581385129,51.04308210882015],[3.648358765440399,51.04306414808028],[3.648361101060118,51.043059008370406],[3.648361550217767,51.04305415106167],[3.648360202744855,51.04304935023275],[3.648357148472889,51.043044888285436],[3.648352567064925,51.04304099114125],[3.648346638184049,51.04303788472169],[3.648339810987875,51.04303568198775],[3.648332354971033,51.04303449590018],[3.648326875247805,51.043034326459086],[3.648321485356087,51.04303472182162],[3.648316275127455,51.04303568198775],[3.648311334393386,51.04303715047707],[3.648306932648508,51.04303907080918],[3.648302980061247,51.043041442984055],[3.648273335656864,51.043049576154125],[3.648267676270584,51.0430459049317],[3.648257345644796,51.043036585673484],[3.648246655692936,51.04302574144335],[3.648235426751885,51.04301608329876],[3.648212699375186,51.043009983416944],[3.648195182227152,51.04300896676989],[3.648176137943119,51.043010039897325],[3.648154847870876,51.04300422241673],[3.648138768027299,51.04300055119067],[3.648111728737266,51.04299648460152],[3.648095289567549,51.04298473667528],[3.648087025066952,51.042970898969855],[3.648069957076534,51.04296542036698],[3.648051092455587,51.042956665897144],[3.648037977052431,51.042946668855336],[3.648017764958539,51.04293311354098],[3.647974196667246,51.04292865158248],[3.647930089386794,51.04292266465011],[3.647909697629848,51.04292017950817],[3.647821842395084,51.04289674009454],[3.647815644019611,51.04289278645731],[3.647809086318033,51.04288849393655],[3.647801989627297,51.04288454029862],[3.647794443778912,51.04288092554367],[3.647786538604387,51.0428777061523],[3.647778184272247,51.042874825644056],[3.647769560445545,51.042872396980094],[3.647699132527273,51.04284596407105],[3.647659696486294,51.042833086494504],[3.647637867424892,51.04282930229369],[3.647608133188966,51.04282732547229],[3.647599239867668,51.04283105319262],[3.647597892394723,51.0428350633157],[3.647600407677528,51.042842914119035],[3.647598341552371,51.04284664183812],[3.647592502503037,51.04285059547928],[3.647531237400658,51.0428614397504],[3.647518211829045,51.0428663535599],[3.647511294801361,51.04287109792724],[3.647139392273716,51.042761073665],[3.647214671094515,51.042654607433526],[3.647103010504702,51.04262167910126],[3.647106873260421,51.042616426380576],[3.64673838433088,51.04250860427268],[3.646732365618493,51.04251679401727],[3.646699307616041,51.042502165437966],[3.646720777351336,51.04247375548113],[3.646724280780916,51.04246867218684],[3.646772969469331,51.04248301837156],[3.647156280601048,51.0425972793614],[3.64724485448809,51.04261151254457],[3.647418409000985,51.04263947057014],[3.647869632768168,51.04271752702907],[3.648000517305068,51.042741305417714],[3.648037168568677,51.04278372241794],[3.64803842621008,51.042786038125236],[3.64804067199829,51.04278869271637],[3.648043546607202,51.042791121384724],[3.648050104308747,51.04279473614669],[3.648057470494079,51.04279761665991],[3.648065465500113,51.042799762924574],[3.648073909663796,51.042801118460105],[3.648082174164393,51.04280157030525],[3.648090348833479,51.042801287902044],[3.648098433671056,51.04280021476974],[3.648106159182495,51.04279840738901],[3.648148290169332,51.04280162678589],[3.648173263334207,51.04279829442773],[3.648240008159815,51.04281862745696],[3.64824746417669,51.04280891278853],[3.648250338785603,51.04280563691152],[3.648312322540193,51.042825631053816],[3.648390026812289,51.04285132972689],[3.64835337554868,51.04286465914291],[3.648344841553488,51.04288425789592],[3.648346278857944,51.04289210869092],[3.648369724886854,51.04290645474452],[3.64837340797952,51.04290910932875],[3.648377719892888,51.04291136854924],[3.648382480963871,51.04291317592557],[3.648387601360993,51.042914531457775],[3.648392991252711,51.042915322184875],[3.648398560807482,51.04291560458739],[3.648403950699167,51.04291537866537],[3.648409160927832,51.042914644418815],[3.648414191493411,51.0429134018476],[3.648418862732885,51.04291170743232],[3.648423084814743,51.04290956117284],[3.648426678075866,51.0429070760302],[3.64847204299772,51.04291967118365],[3.648549118449082,51.04294113376913],[3.648564928798097,51.04296903511534],[3.648594303707884,51.04306499528515],[3.648597088485253,51.043072111805415],[3.648600591914866,51.04307905888369],[3.648604813996691,51.043085836519985],[3.64860975473076,51.04309244471445],[3.648615414117073,51.043098826986856],[3.648621792155565,51.04310492685698],[3.64863095497146,51.04311243873297],[3.648641105934194,51.04311938580521],[3.648652245043703,51.04312576807385],[3.648664192636999,51.04313147257872],[3.648670660507034,51.04313373178842],[3.648677397871665,51.04313559563629],[3.648684404730892,51.04313712060267],[3.648691591253137,51.04313819372717],[3.648698418449312,51.04313881500974],[3.648705245645486,51.043139097410894],[3.648712072841627,51.04313898445045],[3.6487189000378,51.04313853260855],[3.648723750940327,51.043138871489965],[3.648728691674396,51.04313881500974],[3.648733542576922,51.0431382502074],[3.648738303647939,51.04313729004339],[3.648741807077519,51.04313616043868],[3.648743603708114,51.04313565211652],[3.648745130844079,51.04313486139318],[3.648748185116044,51.04313327994646],[3.648750341072744,51.043132206821895],[3.648750969893446,51.043131529058996],[3.648754652986112,51.04312746248134],[3.648757527594991,51.043123113502034],[3.648759503888639,51.04311859508159],[3.648760671698498,51.04311396370015],[3.648760851361551,51.04310842863389],[3.648759773383201,51.04310295004729],[3.648757437763481,51.043097584420586],[3.648753934333868,51.043092501194735],[3.648741717246009,51.04306307495407],[3.648718630543205,51.043045283647885],[3.648714228798327,51.04301512313226],[3.64872006784766,51.04300286688714],[3.64871440846138,51.042998743817755],[3.648719708521555,51.042986148685806],[3.64875564113292,51.04300941861302],[3.648814570615546,51.0430472039797],[3.648818163876669,51.043049576154125],[3.648816726572246,51.04308984662101],[3.648815558762353,51.0430951557683],[3.648815199436247,51.04310052139529],[3.648815558762353,51.04310588702166],[3.648816636740703,51.04311119616711],[3.648818433371265,51.04311644883169],[3.648820948654071,51.043121588535165],[3.64882373343144,51.04312599399485],[3.648827057198,51.04313023001337],[3.64883091995372,51.043134353071046],[3.648835142035544,51.0431382502074],[3.648843496367684,51.04314316398753],[3.648852659183611,51.04314751296495],[3.648862630483259,51.04315112769911],[3.648873140772066,51.04315400819017],[3.648881225609644,51.043155589636186],[3.64888949011024,51.04315671924046],[3.648897844442379,51.043157453483175],[3.648906288606062,51.043157679404025],[3.648914822601255,51.04315750996342],[3.648923176933395,51.04315683220086],[3.648959199376302,51.04315671924046],[3.648973931746967,51.043152370263904],[3.649041305393276,51.04319682017368],[3.649030974767489,51.0432044449951],[3.649026573022611,51.04320388019354],[3.649021811951595,51.043203936673734],[3.649017230543631,51.04320461443557],[3.649012918630297,51.04320585699892],[3.649009145706088,51.04320760788362],[3.649006091434123,51.043209867089566],[3.649003396488264,51.043213029977714],[3.649001959183808,51.043216475266334],[3.649002049015351,51.04322008999512],[3.649003486319807,51.04322353528321],[3.649086310988991,51.04326499168055],[3.649092060206816,51.043266742563006],[3.649098078919202,51.04326804160477],[3.649104367126218,51.04326877584577],[3.6491106553332,51.043268945286],[3.649118470676181,51.0432684369653],[3.649126016524566,51.04326713792355],[3.649133113215303,51.04326499168055],[3.649140030242986,51.04326194175613],[3.649189078257507,51.04329436131292],[3.649168955995124,51.043323730926666],[3.649225639689574,51.04334050548616],[3.649837302566529,51.04352174941324],[3.649844938246424,51.043507855388455],[3.649885991254911,51.043522653089525]]],"type":"Polygon"},null,{"coordinates":[[[3.731119025430331,51.06250742831422],[3.731121361050084,51.0625070895745],[3.731132500159592,51.062505508789194],[3.731152622421976,51.062505734615655],[3.731168073444851,51.06250658146492],[3.731183254973165,51.06250833162005],[3.731198167006849,51.0625110415375],[3.731212540051409,51.06251465476055],[3.731220984215092,51.06251713885124],[3.731229069052635,51.06252007459457],[3.731236794564073,51.06252346199054],[3.731243891254843,51.06252724458239],[3.731250538787931,51.06253142237006],[3.731256467668808,51.06253593889681],[3.731272008523227,51.062549940126964],[3.731273984816841,51.062556884283936],[3.731260330424527,51.06255959419854],[3.731257725310211,51.06255360980356],[3.731247843842072,51.062542487859815],[3.731229967367932,51.06253108363052],[3.731217480785479,51.06252560734118],[3.731201041615761,51.06252154246622],[3.731182895647027,51.06251922774556],[3.73114858000317,51.06252176829261],[3.731112647391805,51.06253960857447],[3.731070875731107,51.062549036821935],[3.731052909425425,51.06255829569782],[3.731047699196759,51.06256348970055],[3.731044824587882,51.06257139361662],[3.731044824587882,51.062590871118324],[3.731004669894658,51.06259634739997],[3.731001705454237,51.06259713779104],[3.73100305292715,51.06260108974639],[3.730946998053435,51.06261204230655],[3.730944752265224,51.062607356417736],[3.730884205815056,51.0626193251931],[3.73088654143481,51.062624011080686],[3.730829678077308,51.06263524591771],[3.730827162794535,51.06263022129248],[3.730820694924467,51.06263089877006],[3.730812610086923,51.06263586693882],[3.730809825309555,51.06264811798898],[3.730785301302294,51.06265297324299],[3.730767424828121,51.062576982813624],[3.730972779702065,51.062536390549454],[3.731003591916342,51.062530293238275],[3.731017785297814,51.06252747040876],[3.731119025430331,51.06250742831422]]],"type":"Polygon"},{"coordinates":[[[3.680403647918556,51.07893062331002],[3.680427632936625,51.07893536398296],[3.680419188772976,51.07895043254736],[3.680423860012449,51.07895562471074],[3.680380561215751,51.07897069326854],[3.680335645451545,51.07897165268963],[3.68027402102306,51.078973120039564],[3.680215630529593,51.0789744180798],[3.680184997978403,51.07902436438394],[3.680147268736476,51.07908576722407],[3.680112503934971,51.07914254220407],[3.68008950706371,51.079179959473905],[3.680065432214098,51.079219069800516],[3.680063815246557,51.079221778739644],[3.68003435050526,51.07926952376608],[3.679994375475123,51.079334256010455],[3.679945417292112,51.07934729274619],[3.679898525234291,51.07935976511764],[3.679833307544683,51.07937703454947],[3.679817946353317,51.07938109794426],[3.679621754295266,51.07928707541234],[3.679552134860747,51.07924311162989],[3.679471555979739,51.07914767790959],[3.679574682574359,51.07913232722774],[3.679571179144746,51.07913181930066],[3.679569741840291,51.079131649991645],[3.679559680709132,51.079130295519434],[3.67954922162426,51.07912571063078],[3.679540905919696,51.07911962904957],[3.679531024451557,51.07910371399468],[3.679531187046632,51.07909518250712],[3.679535875354083,51.07908717813396],[3.679535965185626,51.079087065261156],[3.679536055017136,51.07908695238835],[3.679598398097866,51.07902063957666],[3.679604300927593,51.07901303081039],[3.679608226565409,51.07900493104529],[3.679610077094863,51.07899654288827],[3.67960980670197,51.07898807571861],[3.679605561263954,51.078971586658895],[3.67959803877176,51.078955568274196],[3.679590548618929,51.07894487072388],[3.679580970781342,51.07893485605376],[3.679580880949833,51.07893479961718],[3.67958070128678,51.07893457387082],[3.679561657002747,51.07892069046988],[3.679505602129033,51.07889839800834],[3.679399690757009,51.07887317083008],[3.679182118795206,51.07883541469191],[3.67916783558219,51.07882034609008],[3.679168733897487,51.07881933022911],[3.679081237988795,51.07877762347314],[3.679180771322293,51.078735070127216],[3.679185173067171,51.07873315127513],[3.679203768193555,51.078724064945156],[3.679223351466746,51.0787144142449],[3.679249043283866,51.07870182882578],[3.679282730107021,51.078685236384516],[3.67931722541393,51.07866932118019],[3.679369148037363,51.078645335489576],[3.679397265305746,51.07863229855608],[3.679407236605394,51.07861124756905],[3.679435803031461,51.07855119858836],[3.679468322044722,51.078535452649135],[3.679497517291455,51.07854978766212],[3.679515124271032,51.07855836609299],[3.679586630167656,51.07859335704446],[3.679631635763372,51.07861542390504],[3.679679875294138,51.078634556034],[3.67975192017992,51.07866316955721],[3.679779318796093,51.07867411831683],[3.679810490336441,51.07868004419083],[3.679864119758926,51.0786903721408],[3.679897986245133,51.07869686238139],[3.679933200204253,51.078694830654],[3.679938500264428,51.07869454846965],[3.680002819638772,51.07876769060011],[3.680286058447866,51.07881645195619],[3.68047739960339,51.07884941099188],[3.680424309170098,51.07887881449532],[3.680450809470972,51.07889377020485],[3.680434460132799,51.0789230043703],[3.68041047511473,51.07891781220326],[3.680403647918556,51.07893062331002]]],"type":"Polygon"},{"coordinates":[[[3.754200338340518,51.06877555142667],[3.754035138159763,51.0687920345236],[3.7540327127085,51.06879288125787],[3.753894102660129,51.068789099177984],[3.753860415836975,51.06876505191667],[3.753843168183537,51.068752802485314],[3.753841191889923,51.06875353632231],[3.75382106962754,51.068761100487535],[3.753797713430173,51.06876685828415],[3.753773009759859,51.06877013232503],[3.753747587437301,51.068770583916844],[3.753722524440883,51.06876843885564],[3.753698180096675,51.068763810038995],[3.753675452719976,51.06875664101714],[3.753633321733173,51.068734682352805],[3.753621374139876,51.068726158549715],[3.753597478953317,51.06870911093879],[3.753590831420229,51.06870244995004],[3.753568912527285,51.068680547709114],[3.753549688580199,51.06863933985652],[3.753543939362409,51.068611510423004],[3.753543759699322,51.06861088948211],[3.753540795258901,51.068596551389966],[3.753541424079603,51.06855302904368],[3.753545915656023,51.06851232912121],[3.753541963068761,51.068481733594204],[3.753520044175851,51.06848156424625],[3.753441441588489,51.06848099975293],[3.753340740445132,51.06847930627294],[3.753220545860126,51.068473040396505],[3.753136463549504,51.06844368672987],[3.75305318972267,51.068398244959155],[3.752951949590154,51.0683005873383],[3.752909369445701,51.068204171404105],[3.752901733765773,51.06816776135327],[3.752898050673108,51.068150318388575],[3.752890774319317,51.06814743945198],[3.752836875402271,51.068118650076556],[3.752835168603219,51.06811769043043],[3.752786569746347,51.0680833689548],[3.752745157411754,51.068043966966265],[3.75272548430702,51.068005355242896],[3.752720453741441,51.06799073471355],[3.752700511142144,51.06799096051326],[3.752676076966393,51.06790916449382],[3.752635203620993,51.06780800593174],[3.752633766316536,51.067773119724556],[3.75263277816973,51.06774811228155],[3.752633676484994,51.06772948370346],[3.752675448145725,51.06766338041593],[3.752690180516356,51.06765288065363],[3.752704912887021,51.067642437339295],[3.752720094415335,51.06763165532044],[3.752742552297438,51.067617655627224],[3.752761057592279,51.06761031707669],[3.752792768121819,51.067597785087706],[3.752802380095361,51.06759479321594],[3.752823670167605,51.06758813206683],[3.752847026364972,51.06758293862786],[3.752895715053387,51.06757627747704],[3.753014831660042,51.067559963298514],[3.753110232743226,51.067546923241665],[3.753177067400376,51.06754127819426],[3.753297082322329,51.0675310606567],[3.753331308134642,51.067528125231114],[3.753400388580003,51.06752840748361],[3.753443867039752,51.06753377028012],[3.753456982442909,51.06754082659042],[3.753493364211889,51.067560414902175],[3.753498574440555,51.06760309142578],[3.753499113429713,51.06760794616011],[3.753499203261256,51.06760851066407],[3.753523008616272,51.06763030051159],[3.753537022334692,51.067643171193914],[3.753558941227637,51.06764215508754],[3.753609875704262,51.06763549394525],[3.753653803321628,51.067629115053826],[3.753672667942607,51.06762634898563],[3.753736987316951,51.067621268451674],[3.753769416498703,51.067620816848645],[3.753897246763637,51.067539302427505],[3.753905241769671,51.06753151226061],[3.75390910452539,51.06752197212695],[3.753910990987495,51.06751723028459],[3.753940365897282,51.06754009273422],[3.753982407052576,51.06757289045082],[3.753990581721663,51.06757921289957],[3.753996780097135,51.067584011185986],[3.754015914212677,51.06759919634789],[3.754022112588117,51.06760399463223],[3.754027951637483,51.06760868001527],[3.754035317822816,51.06761449440561],[3.754067297846918,51.0676396712719],[3.754068824982918,51.06764091317974],[3.754069363972076,51.067641364782574],[3.75409020488667,51.0676577918331],[3.754097840566599,51.06766383201855],[3.754120478111754,51.06768325092733],[3.754124340867473,51.06768624279337],[3.754131257895157,51.06769149267103],[3.754131168063613,51.06769149267103],[3.754131886715859,51.06769200072365],[3.754140690205647,51.067698887658956],[3.754142666499261,51.06770041181666],[3.754165304044417,51.06771779850067],[3.754169346463188,51.06772101616549],[3.754176173659363,51.067726209588976],[3.754182641529398,51.06773123366113],[3.754187222937361,51.067734902926944],[3.75418892973638,51.067736201282464],[3.754194050133502,51.067740209249315],[3.754204111264694,51.06774811228155],[3.754219921613709,51.0677604748792],[3.754220011445219,51.067760587779595],[3.754227647125147,51.06776657150149],[3.754233126848375,51.0677708052665],[3.754237618424796,51.067774418079004],[3.754256932203391,51.06778954672828],[3.75429025970044,51.06781562670161],[3.754292325825597,51.06781726375577],[3.754298434369526,51.067822062017456],[3.754305620891806,51.06782770703062],[3.754305980217911,51.067827932831115],[3.754318915958014,51.067838093853055],[3.754321341409278,51.06784001315691],[3.754328527931557,51.067845658167876],[3.754336882263697,51.06785220637976],[3.754352692612679,51.06786456894961],[3.754355746884644,51.06786699630312],[3.754363741890677,51.06787320581154],[3.754366347004993,51.067875294464166],[3.754373443695764,51.06788082657072],[3.754378204766747,51.06788455227473],[3.754393925284219,51.06789691483599],[3.754406052540567,51.06790639844236],[3.754439020711478,51.06793219609987],[3.75444189532039,51.06793445409983],[3.754464802360141,51.06795246164566],[3.754484295801822,51.06796775958663],[3.754496243395085,51.06797707382863],[3.754504597727225,51.06798367847185],[3.754505855368628,51.0679846381208],[3.754533523479397,51.068006314891406],[3.754550591469781,51.06801969351823],[3.754555532203851,51.06802364501062],[3.754565503503499,51.06803149154455],[3.754586973238795,51.06804853940506],[3.754587512227953,51.068048934554085],[3.754588590206303,51.06804989420163],[3.754593261445777,51.06805401504104],[3.754594698750233,51.068055256937754],[3.754599369989707,51.068059377776656],[3.754604670049881,51.06806411956345],[3.75462631944823,51.06808314315555],[3.754639884009035,51.06809753785656],[3.754641141650405,51.068098836201905],[3.754647699351983,51.06810577952649],[3.754651382444648,51.06810961811198],[3.754652640086052,51.06811114225611],[3.75466979790798,51.068131407723584],[3.754671145380892,51.06813304476653],[3.754672492853839,51.068134625359676],[3.754678152240119,51.06814134287987],[3.754679050555417,51.068142415425015],[3.754680757354435,51.068144334716294],[3.754686865898365,51.068151560282715],[3.754687135392961,51.06815195543084],[3.754689381181171,51.0681546085682],[3.754702406752784,51.06817244667924],[3.754712467883976,51.06818627685557],[3.754718037438746,51.068193954012884],[3.754743100435165,51.06823657350273],[3.754745436054919,51.06824154106987],[3.754747592011586,51.06824605703951],[3.754762324382251,51.068277443016434],[3.754766546464075,51.068288902279676],[3.754773822817899,51.06830865962343],[3.75477570927997,51.068313683632375],[3.754776338100671,51.068315885164196],[3.754783614454494,51.06834292448248],[3.754785590748108,51.06835003711889],[3.754786489063406,51.06835387568412],[3.754786938221021,51.06835579496664],[3.754788645020073,51.06836302050004],[3.754788914514668,51.068364093040046],[3.754789184009232,51.06836533492845],[3.754790082324529,51.0683690605935],[3.754794394237897,51.068387293768005],[3.754795472216248,51.06839209197066],[3.75479529255316,51.06839220486952],[3.754796101036915,51.06839508379088],[3.75479789766751,51.068401688374394],[3.754799604466529,51.06840812360876],[3.754800502781826,51.06841139767504],[3.754801580760176,51.068415349133986],[3.754803107896142,51.068422066613444],[3.754804365537545,51.068427090610065],[3.754809216440071,51.068447355939206],[3.754825116620596,51.06851424839716],[3.754825116620596,51.068514304846445],[3.754822870832386,51.068514530643604],[3.754829069207859,51.068540102165116],[3.754826374261999,51.068540327962154],[3.754798167162072,51.06854309397577],[3.754792238281196,51.068543658468336],[3.754788016199371,51.06861941330642],[3.754795562047756,51.068650234538914],[3.754675996283453,51.06866304848852],[3.754670426728681,51.06866361297962],[3.754628205910335,51.06866818535717],[3.754475132985928,51.068684555594146],[3.754480433046103,51.068709054489744],[3.754483038160419,51.06872085234034],[3.754678870892364,51.06870205480661],[3.754741663130709,51.06869601475661],[3.754750286957445,51.06869528091873],[3.754825206452139,51.068688450580744],[3.754849191470208,51.06868624906664],[3.754863115357118,51.06868500718684],[3.754863834009363,51.06868811188627],[3.754867786596592,51.068705893342646],[3.754869044237994,51.0687102963689],[3.754855210182627,51.06871159469709],[3.75474768184313,51.06872158617786],[3.754471988882421,51.0687484559121],[3.754200338340518,51.06877555142667]],[[3.753684435872817,51.06873919827432],[3.753686142671869,51.068739762764494],[3.75368344772601,51.06873863378419],[3.753684435872817,51.06873919827432]]],"type":"Polygon"},{"coordinates":[[[3.714227374322324,51.06550867767426],[3.714221894599095,51.065563098292266],[3.714081308257144,51.06556264666916],[3.713961472998244,51.06527546992383],[3.713348642311395,51.06506726990346],[3.713348642311395,51.065067213449936],[3.713349360963639,51.06506732635694],[3.71342293298542,51.06492619240509],[3.713463626667769,51.0649342088251],[3.713474675945767,51.06491089345886],[3.713490037137134,51.0649132645136],[3.713494708376607,51.06488582801574],[3.7135053983285,51.06486612566464],[3.713462638520961,51.06485698015786],[3.71373833148167,51.06432151323061],[3.71378297775128,51.06433009429923],[3.713796632143595,51.06430220582032],[3.713820976487802,51.06427595450396],[3.713832744418012,51.06425975207113],[3.713778755669455,51.064242815724164],[3.713790343936612,51.06421887900991],[3.714399850856901,51.06390798287242],[3.714407486536796,51.06391362836293],[3.7144093729989,51.06391453164133],[3.71447063810128,51.06396562329819],[3.714478902601877,51.063967655672315],[3.714208150375271,51.06439676689028],[3.714190363732641,51.06442499403792],[3.714232943877094,51.06443826079137],[3.714664853865716,51.064588598246566],[3.714650031663508,51.064618914076824],[3.714683628655153,51.06462580146937],[3.714487167102507,51.06501307451677],[3.714450426007387,51.065009292128025],[3.714440724202302,51.06503023639608],[3.714428147788337,51.06505739054082],[3.714457612529667,51.06506196327462],[3.714227374322324,51.06550867767426]]],"type":"Polygon"},{"coordinates":[[[3.721377604657809,51.02252792676721],[3.721755795392437,51.02252809628329],[3.721779690578995,51.02254629100525],[3.721472107425694,51.02310749861167],[3.721377604657809,51.02252792676721]]],"type":"Polygon"},{"coordinates":[[[3.718542341958062,51.09285961503221],[3.718802943221999,51.09287795139641],[3.718846601344802,51.09289042011991],[3.718873011814167,51.0929197582796],[3.718867621922449,51.09295812353724],[3.718830970658873,51.09296100093031],[3.718806446651612,51.09297465443991],[3.718777341236389,51.09331531384218],[3.718776892078773,51.0933444824753],[3.718808422945227,51.09335999769819],[3.718792073607054,51.093482765241845],[3.718382980826673,51.09345133994116],[3.718453049418842,51.09296963310832],[3.718406876013232,51.09295710798671],[3.718409840453654,51.092917219401116],[3.718422506699161,51.092886583589966],[3.718476495447752,51.09286232317263],[3.718542341958062,51.09285961503221]]],"type":"Polygon"},{"coordinates":[[[3.775196391981654,51.06725275890473],[3.775187498660323,51.06725168633893],[3.775185971524357,51.06725151698643],[3.775187588491866,51.06724621060804],[3.775180761295692,51.06724536384548],[3.775118597878048,51.067237799432505],[3.774813530007553,51.06720082411258],[3.774700791439389,51.067187219445415],[3.77470034228174,51.06718716299453],[3.774698635482722,51.06719218712519],[3.774547718514984,51.06717372767618],[3.774494089092532,51.06716717936831],[3.774495526396988,51.06716215523493],[3.774497862016708,51.06715368759318],[3.774500197636461,51.06714527640084],[3.774498760332006,51.06712388148188],[3.774489597516111,51.06710209139597],[3.77447953638492,51.06708588995238],[3.774460581932431,51.06706562402713],[3.774444232594257,51.067053599950334],[3.774426176457032,51.067044059718114],[3.774431656180259,51.06704355165837],[3.774434530789171,51.06704326940293],[3.774442256300609,51.067042309734504],[3.774444502088819,51.067041971027976],[3.774446747877029,51.06704157587037],[3.774450430969696,51.06704095490841],[3.774455551366818,51.0670399952399],[3.774461659910747,51.067038527511585],[3.774465163340361,51.06703762429411],[3.774472439694184,51.067035704956965],[3.774479266890324,51.067033503364236],[3.774490495831376,51.06703818880502],[3.774500197636461,51.06704276134319],[3.774514480849477,51.06704970482616],[3.774526158948144,51.0670540515589],[3.774538915025195,51.067057212818824],[3.774549065987896,51.06705913215506],[3.77455589318407,51.06705975311678],[3.774565235663017,51.06705964021467],[3.774568289934982,51.06705947086147],[3.774568379766525,51.06705947086147],[3.774577362919366,51.067058680546545],[3.774577632413929,51.067058624095495],[3.774580596854384,51.06705828538909],[3.77458886135498,51.06705619669959],[3.774596856361014,51.06705162416275],[3.774602425915785,51.06704501938653],[3.774604222546346,51.0670404468486],[3.77460431237789,51.06704005169098],[3.774604671703995,51.06703751139194],[3.774605300524696,51.06703327755986],[3.774605390356207,51.06702915662957],[3.774605210693154,51.06702706793876],[3.774604581872452,51.067024979247854],[3.774603503894135,51.06702300345906],[3.774601707263541,51.06702080186573],[3.77459937164382,51.06701876962565],[3.774596586866452,51.06701701964104],[3.774595688551154,51.06701583416756],[3.774595778382664,51.06701572126535],[3.774601168274382,51.06700810036373],[3.774603683557188,51.06700448749141],[3.77460889378582,51.06699765690392],[3.774613205699187,51.066984955395576],[3.774620122726871,51.06696463297496],[3.774701330428548,51.06697180227437],[3.774747773328753,51.066975923209725],[3.774767446433487,51.066887068987654],[3.774769512558645,51.06687961741871],[3.774773015988225,51.06687989967511],[3.774777238070083,51.06688023838283],[3.774777956722294,51.06687645614665],[3.77479223993531,51.06680707746136],[3.774795473870328,51.06679127107427],[3.774818740236185,51.06667548912407],[3.774821345350534,51.0666625052696],[3.774817123268676,51.066662166560285],[3.774828262378218,51.066613448847335],[3.774821974171236,51.06661209400869],[3.774822064002745,51.06661147304097],[3.774815326638115,51.06661096497645],[3.774813889333659,51.066610852073254],[3.774709325434582,51.066602384330636],[3.774701330428548,51.066601706911136],[3.774677165747427,51.06670896487126],[3.774672764002516,51.06672866643799],[3.774696569357564,51.066731093851075],[3.774689113340689,51.06676733567779],[3.774671147035007,51.06685494820081],[3.774651473930306,51.066852464342915],[3.774639167010904,51.06690677047853],[3.774578800223822,51.06690236728075],[3.774362036745739,51.06688639157231],[3.774361587588125,51.06688385126485],[3.774360599441284,51.066881423859776],[3.774358982473776,51.066879109357124],[3.774356826517108,51.06687696420827],[3.774354221402792,51.066875044864425],[3.774351167130827,51.06687335132571],[3.774344968755355,51.06687160133561],[3.7743441602716,51.06687131907916],[3.774337692401566,51.06687210939724],[3.774334099140409,51.06687323842311],[3.774330595710796,51.06687470615667],[3.774327451607321,51.06687645614665],[3.774324666829919,51.06687843194172],[3.774322870199358,51.066879673869984],[3.774277415445993,51.06691089141971],[3.774276517130696,51.06691196399337],[3.774257023689048,51.06692539938773],[3.774249837166768,51.06691964136204],[3.774242740476032,51.06691467365307],[3.774235464122209,51.066909536589776],[3.774227738610771,51.06691811717868],[3.774222258887542,51.06692686711964],[3.774220192762385,51.06693014129067],[3.774210940114949,51.06694160088749],[3.774196207744317,51.06695306048147],[3.774171414242461,51.06697270549309],[3.774148956360357,51.066990261803944],[3.774109250824817,51.06702147927905],[3.774100267671975,51.06703491464164],[3.774098920199029,51.06703700333209],[3.774098830367519,51.06703694688102],[3.774068107984787,51.06703372916862],[3.774058226516648,51.06703271304888],[3.774062268935453,51.067019164783446],[3.774051938309666,51.06701792285892],[3.774102513460186,51.06685833527956],[3.774103950764608,51.06684489986577],[3.774109520319379,51.06682384351607],[3.774114910211097,51.06680707746136],[3.774116078020957,51.06680357747613],[3.774125420499904,51.06677461791057],[3.774139344386815,51.06673148901133],[3.774155064904287,51.066682489113695],[3.77415740052404,51.06667543267255],[3.774158927660006,51.06667063429196],[3.774169437948846,51.06663806174234],[3.77419252465165,51.06656625527808],[3.774193422966915,51.06656354559802],[3.774215970680561,51.06649377128142],[3.774217946974175,51.06648744868445],[3.774245076095752,51.066467747015054],[3.774722889995386,51.066545819770276],[3.774779034700644,51.066554964943386],[3.774814967312009,51.06656924721632],[3.774848654135163,51.06658550529241],[3.775326827360904,51.06666380365519],[3.775354854797744,51.06666837623033],[3.775361053173218,51.06666939235808],[3.775361053173218,51.06666961816424],[3.775359795531814,51.06667475525417],[3.775356292102201,51.066688077814334],[3.77535180052578,51.06670382778518],[3.775353237830236,51.06670371488216],[3.775355124292341,51.06670382778518],[3.775352070020376,51.066713650344944],[3.775322605279046,51.06681035164087],[3.775321796795291,51.066810012932635],[3.775321617132239,51.066809956481286],[3.775319281512519,51.06681819838049],[3.775319371344029,51.06681819838049],[3.775323144268238,51.06681859354],[3.775334193546236,51.06681977901853],[3.775330690116623,51.0668316902534],[3.775318293365712,51.0668341741124],[3.775315688251363,51.06684258536129],[3.77530266267975,51.06688402061869],[3.775299877902381,51.06689305282242],[3.77531209499024,51.066894294750334],[3.775312005158696,51.0668945205554],[3.775304638973363,51.06691947200832],[3.775283169238102,51.06699195533839],[3.775280384460699,51.06700126977677],[3.775274814905962,51.06701995509905],[3.775270772487156,51.06703361626645],[3.775254692643579,51.06708797864054],[3.775249662078,51.067105139750566],[3.775246248479896,51.06711654285308],[3.77524130774586,51.06713319589372],[3.775232773750634,51.06713217977615],[3.775220915988914,51.067171130933524],[3.775216334580951,51.06718625977999],[3.77520842940646,51.06721217074061],[3.775208159911864,51.067213186856414],[3.775206363281303,51.06721888839473],[3.775200793726532,51.06723723492406],[3.775200524231936,51.067238251039306],[3.775197020802355,51.06724976701067],[3.775195224171761,51.067249541207346],[3.775196391981654,51.06725275890473]]],"type":"Polygon"},{"coordinates":[[[3.748856081052218,51.040996583167],[3.748967472147435,51.04095128390258],[3.7490150828575,51.04093552517054],[3.749489662822118,51.04071253006512],[3.749991821065928,51.04103646003893],[3.750287995615091,51.040902313201606],[3.751090011500764,51.04128967172635],[3.750567730994572,51.04176982687196],[3.750347823413014,51.04164296834413],[3.750303266974948,51.04166268057807],[3.748856081052218,51.040996583167]]],"type":"Polygon"},{"coordinates":[[[3.726858316037745,51.0844967982113],[3.726815646061749,51.084444882770036],[3.726797679756067,51.08440188319743],[3.726773784569509,51.084340318122955],[3.726746835110985,51.08427288423972],[3.726778815135121,51.084199976533185],[3.726920838781528,51.08422802231314],[3.726952010321876,51.0842106418318],[3.726984798829767,51.08419134271822],[3.727013185592746,51.084151503002204],[3.727056574220953,51.084151728723064],[3.726858316037745,51.0844967982113]]],"type":"Polygon"},{"coordinates":[[[3.722042717294163,51.075760810330955],[3.72206373787181,51.07577706517835],[3.72224025682516,51.075915287590796],[3.722345988534097,51.07599842402469],[3.722452079569139,51.07608218114984],[3.722455223672646,51.07608466451246],[3.722455313504156,51.076085172472936],[3.722446779508964,51.076088671756295],[3.722442018437981,51.07608980055735],[3.722430879328439,51.07609324340032],[3.722420548702685,51.076097589283734],[3.722411385886791,51.07610266888718],[3.722409319761633,51.07610419276808],[3.7223260459348,51.07613856473566],[3.722206570002005,51.076187893261896],[3.722172883178851,51.076155553169954],[3.722045591903075,51.07603319115164],[3.72185802367176,51.07592522107618],[3.721763071746226,51.075849421756104],[3.721793075476714,51.075833844218465],[3.721998969339851,51.07572700248772],[3.722042717294163,51.075760810330955]]],"type":"Polygon"},{"coordinates":[[[3.717232238947703,51.10159948165064],[3.717069104892105,51.100983999722786],[3.717292246408679,51.09923825637714],[3.718013773244887,51.098047218476474],[3.720582865125959,51.09852227213168],[3.720656167653145,51.099103093481105],[3.720641525114023,51.099507057873744],[3.720628499542376,51.09979723763023],[3.720570917532663,51.100035912499514],[3.720309867111109,51.10061490970929],[3.71816549869638,51.100785211580956],[3.71819720922592,51.10110403936725],[3.717491223244132,51.10117415636499],[3.717566861391038,51.10158425123712],[3.717232238947703,51.10159948165064]]],"type":"Polygon"},{"coordinates":[[[3.681105232155466,51.046354461998384],[3.681129756162694,51.046268392016835],[3.681169731192864,51.046147249941185],[3.68195036717475,51.04598341113342],[3.68195988931675,51.046012722565614],[3.681812655441711,51.04609766348969],[3.681758307367015,51.04618102291533],[3.681714739075722,51.04632407773181],[3.681710247499301,51.046403539888686],[3.681403293166735,51.046384902721286],[3.681342477222004,51.04655269343413],[3.681031749965195,51.046537896700954],[3.681105232155466,51.046354461998384]]],"type":"Polygon"},{"coordinates":[[[3.753085618904422,51.074125419329086],[3.752963627688854,51.074138852629524],[3.752962370047451,51.07413715935655],[3.752964346341066,51.074135409641094],[3.75297117353724,51.07412637885068],[3.752975305787555,51.074116783633876],[3.752976473597415,51.0741068497603],[3.752974766798363,51.074096915884596],[3.752970185390432,51.07408737710417],[3.752963268362749,51.074078967171886],[3.75296784977068,51.07407326647868],[3.75294772750833,51.074068017324905],[3.752943505426505,51.07406513875646],[3.752781449349224,51.073989562159795],[3.75278171884382,51.07398927994675],[3.752778574740313,51.07398820753706],[3.752761057592279,51.073982168176926],[3.752727819926773,51.073960268434554],[3.752757374499612,51.073946665754264],[3.752802380095361,51.07391804931426],[3.752844511082166,51.07388559475044],[3.752885204764547,51.07384687501495],[3.752919071250754,51.073805728205144],[3.752934971431279,51.073781401336035],[3.75297836005952,51.07370068796645],[3.752994170408501,51.07367782855999],[3.753016538459094,51.07365389672479],[3.753060196581897,51.07361794250571],[3.753088403681824,51.07359931629023],[3.753118407412312,51.07358221403119],[3.753140416136766,51.07357256225845],[3.753128288880418,51.07358193181567],[3.753111220890033,51.073595139501464],[3.753102507231787,51.07360185622916],[3.753061454223301,51.07363572206812],[3.753035942069233,51.073673821107306],[3.753129187195715,51.07371372628955],[3.753186859036972,51.073744882786954],[3.75329663316468,51.07379579426479],[3.753333464091342,51.0737663875311],[3.753336518363307,51.07376396048699],[3.753345860842253,51.07374081889717],[3.753344423537798,51.073737262993305],[3.753333553922853,51.073710001054735],[3.753312623176748,51.07369284239364],[3.753303190866258,51.07368748031073],[3.753297890806083,51.07368443238965],[3.75328720085419,51.07367833654689],[3.753274444777173,51.073671055400325],[3.753268246401701,51.07366738660511],[3.753259532743455,51.073662193848286],[3.753247225824054,51.07365265497829],[3.753243093573739,51.07363944730887],[3.753240757954019,51.07361664431521],[3.753234200252441,51.073599767834914],[3.753220096702477,51.07358746324008],[3.753190542129638,51.07357109473728],[3.753161796040519,51.07356319269938],[3.753188296341428,51.073551565412565],[3.753214437316197,51.0735427602808],[3.753241835932335,51.07353576132875],[3.753270312526858,51.07353056855715],[3.753299507773592,51.073527238409845],[3.753356101636498,51.073524924239564],[3.753412695499371,51.07352729485305],[3.753468301215471,51.07353423736322],[3.753497855788309,51.073540558997635],[3.753531542611463,51.073516288432295],[3.753510611865361,51.07349952480185],[3.753492645559678,51.07347993900372],[3.753477913189013,51.07345933721863],[3.753466684247961,51.07343777588851],[3.753459228231119,51.07341604521841],[3.753455994296068,51.073382856538906],[3.753463360481401,51.073331323729235],[3.753477643694417,51.0732810890621],[3.753498754103607,51.07323187032414],[3.75352570356213,51.073185247939236],[3.75355867173304,51.07314026237319],[3.753590561925634,51.07310978279292],[3.753595412828159,51.073111419659774],[3.753601521372123,51.07310995212394],[3.753604395981001,51.07310645261533],[3.753609157052018,51.073108145925964],[3.753586789001458,51.0731320780434],[3.753577626185564,51.07315200265059],[3.753577266859424,51.07316487179742],[3.753581219446686,51.073177571609854],[3.753589124621177,51.07318948120857],[3.753600802719877,51.073200205489144],[3.753623170770471,51.073212453743416],[3.753650299892047,51.07322001717988],[3.753673027268713,51.073222218478335],[3.753731687256777,51.07322103316379],[3.753760702840457,51.073222670026745],[3.753789987918701,51.073228145050585],[3.753821878111294,51.07323853066101],[3.753860775163114,51.073256141038655],[3.753890329735953,51.07327521894015],[3.753912428291951,51.07329751411096],[3.753929047124687,51.07332471984914],[3.753929586113879,51.073326018047844],[3.753930394597634,51.07332793712417],[3.753931203081387,51.07332979975697],[3.753931292912898,51.07332991264382],[3.753932101396651,51.073332001050204],[3.753932191228195,51.0733323397107],[3.753933089543492,51.07333465389061],[3.753933269206545,51.073335105437884],[3.753933987858756,51.073337193844075],[3.753933987858756,51.07333725028747],[3.753934886174054,51.073340128901194],[3.753934976005563,51.073340467561636],[3.753935694657808,51.07334300751478],[3.753935784489318,51.07334317684495],[3.753936503141563,51.07334588612815],[3.753936503141563,51.07334616834512],[3.753937221793774,51.07334915984509],[3.753937940446018,51.073352433561794],[3.753938479435177,51.07335576372171],[3.753938479435177,51.07335582016508],[3.753938748929773,51.07335773924017],[3.753939018424336,51.07335965831514],[3.753939018424336,51.07335977120192],[3.753939108255878,51.07336027919232],[3.753939198087422,51.0733844933961],[3.753933987858756,51.073408312484],[3.753923567401459,51.07343145424006],[3.75390802654704,51.0734535800058],[3.753890599230549,51.07347254493942],[3.753871015957358,51.07349009878475],[3.753777950493896,51.07355579864839],[3.753757828231546,51.07357651327679],[3.753751540024564,51.0735878583418],[3.753750641709266,51.073590116065844],[3.753747317942706,51.07360151757064],[3.753747407774249,51.07361952291155],[3.753752258676775,51.07363481897937],[3.753761421492669,51.073649324839764],[3.753774806390421,51.07366275827841],[3.753790526907893,51.073748325804395],[3.753786394657578,51.07375075284933],[3.753772111444562,51.07376175921431],[3.753753516318178,51.07378405415068],[3.753744353502284,51.073808945446736],[3.753745611143688,51.073834457600235],[3.753752707834423,51.073851785537116],[3.753773458917475,51.07388113577381],[3.753786933646737,51.07390749452819],[3.753794748989717,51.073931821331016],[3.753802294838103,51.07397313735657],[3.753808762708138,51.0739798540294],[3.753718931179726,51.073999326730736],[3.753735550012495,51.073970033011676],[3.753721266799479,51.07392990227972],[3.75369279020499,51.07391759777267],[3.753648503261453,51.073921153662674],[3.753624608074894,51.07394796393556],[3.753605923117,51.073964727403556],[3.753591370409387,51.0739738711108],[3.75356469044546,51.07397940248841],[3.753506838941151,51.07399102966769],[3.753479889482627,51.074002769729255],[3.753479170830416,51.07401507421371],[3.75347890133582,51.074020266930894],[3.753478003020556,51.07403567575139],[3.753510342370764,51.07404199731726],[3.753377571371761,51.07406892040519],[3.753370115354918,51.07405650305001],[3.753352957532991,51.07402805600562],[3.753351610060078,51.07402613695834],[3.753350801576323,51.074025346762376],[3.753340740445132,51.07401580796724],[3.753334631901202,51.07400999438106],[3.753332026786886,51.074007567349724],[3.753326636895169,51.074002374631114],[3.753313162165906,51.07400135866432],[3.753314240144257,51.074015017771096],[3.753232223958793,51.074008639758965],[3.753235727388406,51.0739949806503],[3.753203927027357,51.07398668358647],[3.753194943874516,51.073984369439124],[3.753191081118796,51.07398442588173],[3.753190542129638,51.07398442588173],[3.753183535270411,51.073984482324384],[3.75316736559529,51.07398465165224],[3.753167006269184,51.07398465165224],[3.753151375583222,51.07398482098006],[3.753145177207783,51.073997294797074],[3.753135295739645,51.074017162589165],[3.753120204042874,51.07403539353857],[3.75310376487319,51.0740375383557],[3.753089212165579,51.07403945740248],[3.753084451094562,51.07404493232972],[3.753077444235368,51.07405317294058],[3.753076006930913,51.074054753331495],[3.753064777989861,51.07406773511233],[3.753066574620423,51.074072702053556],[3.75306989838695,51.07408178929698],[3.753080678170386,51.07411181669734],[3.753081217159544,51.074113227758914],[3.753085618904422,51.074125419329086]]],"type":"Polygon"},{"coordinates":[[[3.749876836709554,51.0613226710549],[3.749932442425652,51.06134570593822],[3.749933520404003,51.06134615760247],[3.74993450855081,51.06134672218281],[3.749935406866074,51.06134734322116],[3.749936215349829,51.06134802071752],[3.749936664507477,51.061348641755885],[3.749937023833583,51.0613492627942],[3.749937293328178,51.06134994029053],[3.749937472991231,51.06135061778686],[3.749938281474986,51.06135541671893],[3.749884921547131,51.06139392107358],[3.74971109753964,51.06129828116593],[3.74968774134224,51.061286707255775],[3.74968657353238,51.06128602975852],[3.749785657708228,51.06121444082461],[3.749754575999391,51.06119016379509],[3.749729153676866,51.06119490628556],[3.749682351450555,51.06122364350923],[3.749679925999291,51.06122347413468],[3.749677770042592,51.06122008664361],[3.749673547960767,51.06121777185791],[3.749559012762041,51.06115448218437],[3.749431990980861,51.06108424804749],[3.749428307888195,51.061085207839476],[3.749427589235984,51.061085207839476],[3.74938330229248,51.06108458679761],[3.749383122629427,51.06108458679761],[3.749385188754551,51.06108407867243],[3.749392914266023,51.061079787837464],[3.749439896155352,51.06105364761053],[3.749484542424996,51.061028071953],[3.749494064566995,51.061016215683125],[3.749485889897909,51.061001141278474],[3.749517959753554,51.06096212847066],[3.749540866793306,51.0609382465185],[3.749606264146001,51.06089460405407],[3.749625757587649,51.0608659230848],[3.749653515529927,51.06085897867419],[3.749666810596135,51.060844412346164],[3.749669954699643,51.060835378962125],[3.749683249765819,51.06081336008118],[3.749692592244799,51.060792357446516],[3.74971936204027,51.060754586555326],[3.749738136829707,51.060732906388644],[3.749751791222021,51.06071721084495],[3.749755025157039,51.06071467019888],[3.749781705120967,51.0606941191901],[3.749799491763596,51.06067345525444],[3.74982150048805,51.060661485976034],[3.749836502353311,51.060650871707665],[3.749841982076539,51.06064680666808],[3.749851504218539,51.060639636389034],[3.749864978947801,51.0606261427113],[3.749866326420747,51.06062569104002],[3.749901899706006,51.06061225381719],[3.749916542245128,51.06061101172072],[3.749928849164529,51.06060852752778],[3.749960559694036,51.06059429987463],[3.749990024435366,51.06057555549957],[3.749947713785476,51.060531235184904],[3.749889862281166,51.0605114180623],[3.749918608370285,51.060468791459364],[3.749921303316111,51.06046489578113],[3.749919596517092,51.06046444410823],[3.749950229068282,51.06041905096312],[3.749962086830036,51.060423003104404],[3.749990653256068,51.06037890848053],[3.750046618298272,51.060292356427105],[3.749925974555618,51.0602612473325],[3.749963524134491,51.060203602294294],[3.750014458611083,51.06012709970864],[3.750079676300726,51.06002925525809],[3.750091444230935,51.06001163984745],[3.750190618238294,51.060015140346245],[3.750211908310537,51.05998854784064],[3.750245684965234,51.05994631597448],[3.750298865230037,51.05993694365669],[3.750316292546561,51.05993841161022],[3.750362376120627,51.05993971018443],[3.75046011282353,51.05994253317174],[3.750515449045032,51.05993598384094],[3.750516706686436,51.05993745179446],[3.750614712883935,51.059951284431335],[3.750672025399052,51.05995359928035],[3.750710922450871,51.05994959063926],[3.750780362222338,51.05995167964947],[3.750822493209142,51.05995969693088],[3.750872349707417,51.059959301712816],[3.750897592366922,51.05994654181343],[3.750900287312748,51.0599382986907],[3.750900107649696,51.059936604898205],[3.750910348443939,51.05992689381989],[3.751074919803993,51.059931071842186],[3.751075279130099,51.05992570816483],[3.751082465652379,51.05992220765925],[3.751085789418939,51.05992169952134],[3.751092886109675,51.05996026152813],[3.751093065772728,51.0599611648837],[3.75109594038164,51.05996093904478],[3.751099443811253,51.05997313434316],[3.751080938516413,51.05997522335226],[3.751076896097607,51.05995845481695],[3.751030992186594,51.05996133426283],[3.751034315953155,51.05997990950755],[3.751028566735331,51.05998109516117],[3.751025063305718,51.05996110842395],[3.750981495014458,51.05996522998348],[3.750984549286422,51.05998516025925],[3.750984549286422,51.05998521671892],[3.750872709033523,51.059994758405956],[3.750845310417384,51.06002389159212],[3.750825816975703,51.060044612277274],[3.750831027204368,51.06008435983275],[3.750819798263317,51.060114904450856],[3.750843962944438,51.06015470840542],[3.750842076482333,51.060194907541856],[3.750863097060014,51.060227710462954],[3.750887980393379,51.06023313056473],[3.750910438275483,51.06022957362304],[3.750929213064919,51.06021551523167],[3.751043119442944,51.06020857072354],[3.751043568600592,51.060210829100285],[3.751046263546418,51.060226411896835],[3.75104527539961,51.060226581275025],[3.750962899888074,51.060238720044026],[3.750939364027621,51.06028625882038],[3.750936309755656,51.060318553543205],[3.75092202654264,51.06035576019768],[3.750888788877134,51.06036727788136],[3.750866061500435,51.06039759647607],[3.750833991644789,51.06040871893507],[3.750815486349949,51.06041515528069],[3.750764102715674,51.06045027286996],[3.750744519442483,51.06047556655121],[3.750739219382308,51.060496456411435],[3.750651903136702,51.06048595502342],[3.750647411560282,51.06048482584179],[3.75053036107875,51.0605607067874],[3.750452656806687,51.06067531839654],[3.750402979971465,51.060691522083935],[3.750379713605608,51.06067689924434],[3.750290780392493,51.06067018064085],[3.750255207107234,51.06068644078883],[3.750225562702851,51.060709814741585],[3.750234456024183,51.060730139908294],[3.750264100428532,51.0607549817666],[3.750307129730667,51.06076395870759],[3.75035186583182,51.06077050792127],[3.750341625037576,51.06077971069415],[3.750303626301053,51.060800487499755],[3.750320604459929,51.060819852829205],[3.750319256986982,51.06083921815055],[3.750293475338352,51.06084808215791],[3.750268861499549,51.06087230290821],[3.750251434183025,51.060889748615644],[3.750234815350288,51.060899854702036],[3.750219723653518,51.06091797790173],[3.750203913304503,51.06093141503583],[3.75017534687847,51.06094953822317],[3.750171663785804,51.06095315156809],[3.750169238334542,51.06095716012228],[3.75016816035619,51.06096139451012],[3.75016851968233,51.06096568535607],[3.750170226481348,51.060969863284654],[3.750173280753313,51.06097370246193],[3.750177502835171,51.06097714642951],[3.750182713063803,51.06097991289509],[3.750188731776222,51.06098194540029],[3.750195379309311,51.06098318748677],[3.750221610115622,51.060998036063445],[3.749876836709554,51.0613226710549]]],"type":"Polygon"},{"coordinates":[[[3.747985254215781,51.04535815263967],[3.748795714265136,51.044651218026125],[3.749440974133702,51.044079144881216],[3.749495591702995,51.04407084245457],[3.749623511799439,51.04407841065306],[3.749339554338133,51.044331153884144],[3.748867938813971,51.04475638066894],[3.748183332735935,51.0454227628868],[3.747985254215781,51.04535815263967]]],"type":"Polygon"},{"coordinates":[[[3.730984906958414,51.04598764689066],[3.731083362313562,51.04598821165827],[3.731192956778218,51.04599233446158],[3.731294017247681,51.04601238370521],[3.731408821941002,51.04604847232191],[3.731325458282626,51.046179272143014],[3.731779646490264,51.04629341106338],[3.732121814781984,51.04637332508318],[3.731871544143833,51.04677628166221],[3.731703110028062,51.04674877793991],[3.731816297753874,51.04649576551886],[3.731687569173642,51.04644900325049],[3.730958047331434,51.04630673948899],[3.730984906958414,51.04598764689066]]],"type":"Polygon"},{"coordinates":[[[3.723652049125683,51.05947651209518],[3.723673968018594,51.059489385044714],[3.723757062182375,51.0594620017925],[3.723860458271592,51.05943591711248],[3.7239272030972,51.05939690298566],[3.723963584866213,51.059421406797085],[3.724094020245463,51.05936974552056],[3.724225084445415,51.059495821518134],[3.723747360377323,51.05964137591508],[3.723559342988359,51.05953161732768],[3.723646389739403,51.05948921566382],[3.723640910016141,51.05948452945891],[3.723652049125683,51.05947651209518]]],"type":"Polygon"},{"coordinates":[[[3.613586507928097,51.03625759950907],[3.614007188975668,51.03585500334332],[3.614299680432165,51.035962502002356],[3.613838305702247,51.03636340257932],[3.613586507928097,51.03625759950907]]],"type":"Polygon"},{"coordinates":[[[3.695394104559248,51.090849171963015],[3.695461298542504,51.09087128939982],[3.695503339697797,51.0908254182755],[3.697434717558655,51.091463998912765],[3.698040810880839,51.09089808985115],[3.699436523337785,51.09141384035339],[3.699179605166514,51.09163472943942],[3.70165706888858,51.092528317993505],[3.701745552944078,51.092580788561456],[3.702221300718556,51.09216079666923],[3.7022856200929,51.09218359052376],[3.702071731223731,51.092371752235344],[3.70266075655553,51.09260251023071],[3.702896384654558,51.09230827947968],[3.702953068349008,51.09231634757701],[3.702525290610701,51.09286678032003],[3.704811682671838,51.09381445037175],[3.705192658183834,51.09323751192424],[3.705329471601609,51.093267526892866],[3.704932416246036,51.0938664117151],[3.707680003374038,51.09511730278391],[3.70871387443453,51.09502872826222],[3.708778103977331,51.09512029287628],[3.707906109331033,51.0951939167875],[3.708261662520505,51.09541817280631],[3.708399733579684,51.096121455194115],[3.708587481474051,51.09607604060286],[3.708927224314508,51.095778954735316],[3.709141382678241,51.09564727953032],[3.709180279730028,51.095705275339455],[3.70913850806933,51.095728405943454],[3.708807478887118,51.096120044803754],[3.708658448381483,51.096219223349145],[3.708428569500279,51.09631354995946],[3.708218363723808,51.0963653392486],[3.708044360053265,51.096398793518915],[3.707881944649912,51.09643004757087],[3.707453807585499,51.096470497278155],[3.707289954877657,51.096477662006464],[3.707145865106093,51.0964238983096],[3.706619182855023,51.09616692615636],[3.705488922564541,51.09564400739102],[3.704408788266897,51.095149065453256],[3.702328649395002,51.09426291828416],[3.700605411185491,51.09356434680247],[3.698695503059897,51.09289025086124],[3.696382700529428,51.09211898909994],[3.694881795352704,51.09163100564746],[3.69482079974492,51.0915081203452],[3.695394104559248,51.090849171963015]]],"type":"Polygon"},{"coordinates":[[[3.731089381025948,51.07317610407616],[3.731086326753983,51.073186771916255],[3.731083362313562,51.073186546141855],[3.731075097812932,51.073186038149544],[3.731070067247352,51.07318581237518],[3.731054077235285,51.07318490927765],[3.731037997391707,51.073183893292956],[3.731039165201568,51.07317441076797],[3.731040602506023,51.07316492824103],[3.731042219473532,51.07315550215577],[3.730992003649151,51.07315104310879],[3.730941428498664,51.07314923691242],[3.730890853348178,51.07315014001063],[3.730864173384217,51.073154429726806],[3.73083704426264,51.073157308351895],[3.730809555814958,51.07315866299896],[3.730782067367276,51.073158493668075],[3.730754668751104,51.07315685680288],[3.730727180303389,51.073154937719494],[3.730699512192654,51.073154486170424],[3.730671933913428,51.073155445712146],[3.730644535297256,51.07315787278817],[3.730617585838732,51.073161710954665],[3.730598631386243,51.073162614052634],[3.730579497270701,51.07316244472176],[3.730560542818211,51.07316120296208],[3.730541857860284,51.073158888773456],[3.730523532228496,51.07315555859943],[3.730468285838503,51.07314528585764],[3.730460021337906,51.073143366773735],[3.730451487342713,51.07314189923896],[3.730442863515978,51.07314082680968],[3.73043406002619,51.073140318816826],[3.730425256536401,51.07314020592955],[3.730416542878156,51.07314060103504],[3.730407829219911,51.07314150413343],[3.730399205393175,51.07314280233727],[3.730390940892545,51.0731446085339],[3.730373423744512,51.07314720494142],[3.730355637101882,51.07314895469425],[3.730337760627743,51.07314980134879],[3.73031979432206,51.07314968846154],[3.730301917847887,51.07314867247607],[3.730262571638452,51.07314297166822],[3.730233735717825,51.07313969793669],[3.73020714558544,51.07313738374703],[3.730164565440953,51.07313495666989],[3.730151180543235,51.07313450512065],[3.730094946006434,51.07313439223337],[3.73007635088005,51.07313580332474],[3.730056857438403,51.07313619843031],[3.730037723322826,51.073135577550126],[3.730000173743953,51.07313128783217],[3.729957054610342,51.07312620790255],[3.729913576150559,51.07312315994449],[3.729869738364703,51.07312225684575],[3.729825990410357,51.07312349860653],[3.729773888123905,51.07312248262047],[3.729722055332015,51.07311892666909],[3.729670851360793,51.07311294363918],[3.72962045587336,51.07310447708612],[3.72960868794315,51.07310289666271],[3.729597189507503,51.073100695358626],[3.729585960566451,51.0730978731737],[3.729575090951505,51.073094542995236],[3.729560358580874,51.07308867284962],[3.729548321156068,51.07308427023991],[3.729520293719194,51.0730754085755],[3.729501968087406,51.07307032863974],[3.72949118830397,51.07306801444658],[3.729461274405024,51.07306220074136],[3.729430641853835,51.0730579110166],[3.729365424164193,51.073051194209995],[3.72929948782234,51.07304837202204],[3.729233371817434,51.073049444453474],[3.729167704970177,51.07305441150405],[3.729103116101237,51.07306327317247],[3.729040144199839,51.073075916569074],[3.728998731865213,51.073079303192536],[3.728957050036057,51.07308054495445],[3.728915368206869,51.07307958541117],[3.728873955872277,51.073076481006304],[3.728833082526842,51.073071231739455],[3.728793017665163,51.073063894053625],[3.72878008192506,51.07306225718509],[3.728767056353446,51.07306124119769],[3.72875385111878,51.07306090253521],[3.728740735715624,51.07306124119769],[3.728714774403908,51.07306395049735],[3.728683243537454,51.073067845115396],[3.728651443176371,51.073070441527186],[3.728619463152269,51.07307173973307],[3.728593591672095,51.07307055441468],[3.728567720191922,51.07307072374588],[3.728541938543258,51.073072134839194],[3.72851642638919,51.073074900581965],[3.728457047748916,51.07307224772663],[3.728041127772362,51.07305328262895],[3.728040858277765,51.07304634004662],[3.728041487098467,51.073039453907015],[3.728043193897519,51.07303256776638],[3.728049122778395,51.07301952925137],[3.728058644920395,51.073007224502234],[3.728071490828955,51.07299610507017],[3.72807903667734,51.072991138013336],[3.728087929998672,51.07298617095598],[3.72809682331997,51.072982106999575],[3.728105267483653,51.072978889700494],[3.728116137098565,51.07297550306963],[3.728126467724353,51.072973075984045],[3.728135630540247,51.072971439112294],[3.728135630540247,51.07297138266845],[3.728134911888002,51.072966020501944],[3.728258520071111,51.07296410141064],[3.728506634752594,51.072959529457464],[3.728515078916244,51.07295896501877],[3.728523433248384,51.07295817480462],[3.728531697749013,51.072957102371035],[3.728537536798347,51.07297301954021],[3.728539333428942,51.07297471285577],[3.728543645342277,51.0729777608236],[3.728548765739398,51.07298035724048],[3.728551550516801,51.07298142967348],[3.728554425125712,51.07298233277493],[3.728557479397677,51.07298306654487],[3.728560623501151,51.07298363098328],[3.72856376760466,51.07298402609017],[3.728567001539676,51.07298425186552],[3.728570325306238,51.072984308309344],[3.728573559241255,51.07298419542168],[3.728576793176272,51.072983913202464],[3.72857993727978,51.07298346165175],[3.728582991551745,51.07298278432569],[3.728586045823709,51.07298199411191],[3.728588920432621,51.07298103456658],[3.728591615378481,51.07297990568969],[3.728623236076478,51.07296274675789],[3.728639405751565,51.07295433662121],[3.728648119409844,51.072947394024034],[3.728648568567492,51.07294705536072],[3.728653060143913,51.07294344295198],[3.728657911046439,51.072939604767406],[3.728616947869462,51.072937459899435],[3.728598622237674,51.0729364439093],[3.728599790047534,51.07293565369473],[3.728601047688937,51.072934807036255],[3.728602035835744,51.07293407326555],[3.728601946004235,51.07293407326555],[3.728605000276199,51.07293175906556],[3.728605449433848,51.07293136395828],[3.728606707075251,51.072930460855794],[3.728614971575848,51.072924364913725],[3.728628895462759,51.07292504224065],[3.728633297207636,51.072925268016284],[3.728717110023662,51.07292938842161],[3.728761217304113,51.072928428875194],[3.728806312731372,51.07292741288486],[3.728809995824038,51.07292532446023],[3.728824907857756,51.07291691431675],[3.728833891010597,51.07291183436359],[3.728855720071998,51.07289704605227],[3.728875483008242,51.07288112885698],[3.728892910324766,51.072864139220506],[3.728907912189993,51.07284630291771],[3.728920308940939,51.07282767639158],[3.728920488603992,51.07282084666346],[3.728919769951746,51.07281401693433],[3.728918063152729,51.07280730009233],[3.728915458038379,51.07280063969339],[3.728911864777255,51.072794205069776],[3.728907373200835,51.07278799622158],[3.72890207314066,51.07278201314893],[3.728897222238134,51.07277693318091],[3.72889156285182,51.0727721354329],[3.728885274644838,51.072767732793075],[3.728915907196028,51.07274176849842],[3.728946539747217,51.0727158041892],[3.728977172298407,51.072689839865404],[3.72897735196146,51.07268989630963],[3.729052990108399,51.07272534325235],[3.729066824163767,51.07272929434298],[3.729190522178385,51.072765192808355],[3.729296972539567,51.072772078988784],[3.729346469711703,51.07277529630223],[3.729356710505948,51.072777610510045],[3.729362819049877,51.07278009404995],[3.729365334332683,51.07278116648761],[3.729371173382017,51.07278359358326],[3.729383570132928,51.072791269978026],[3.729393271938014,51.072800244584954],[3.729400009302645,51.072810291627135],[3.729403512732258,51.07282101599558],[3.729403602563768,51.072831909693626],[3.729400368628751,51.07284263405707],[3.729393900758715,51.072852737534035],[3.729384378616716,51.07286182501707],[3.729372251360366,51.07286961428676],[3.729357878315808,51.07287576668005],[3.729341978135282,51.072879999977694],[3.729324999976408,51.072882201292316],[3.729317004970407,51.07288225773627],[3.729312693057039,51.07289185320904],[3.729311255752584,51.07289659450071],[3.729308740469777,51.072904665984254],[3.729308111649075,51.07291121348039],[3.729308470975181,51.07291776097554],[3.729309638785074,51.072924252025885],[3.729311704910198,51.07293068663141],[3.729314759182197,51.072936951904346],[3.729318621937916,51.07294304784477],[3.729347368027001,51.07294886156498],[3.729375215800789,51.0729561992691],[3.729401985596259,51.07296500451243],[3.729427497750327,51.07297527729424],[3.729451482768429,51.072986848282035],[3.729473850818989,51.07299966103095],[3.729505561348529,51.07301964213894],[3.729517958099441,51.07302506074301],[3.729530983671054,51.0730297455773],[3.729546255030911,51.07303403530462],[3.729559909423225,51.07303702682478],[3.729573923141646,51.07303922813193],[3.729588206354661,51.07304069566996],[3.729623599976868,51.07304549339017],[3.729658274946829,51.073052266641355],[3.729691782106931,51.07306095897894],[3.729704897510087,51.073066321134455],[3.729718821396964,51.073070780189596],[3.729733194441524,51.07307456191959],[3.729748016643698,51.073077666324544],[3.729763288003555,51.07307969829859],[3.729778828857941,51.07308088361676],[3.72979436971236,51.07308116583539],[3.729810000398323,51.07308054495445],[3.729825451421199,51.073079020973935],[3.729840543117969,51.07307665033749],[3.72985069408067,51.073074279700926],[3.729861114537967,51.0730724735016],[3.72987180448986,51.073071231739455],[3.729882494441753,51.07307055441468],[3.729893364056666,51.073070441527186],[3.729904143840102,51.073070949520805],[3.729914833791962,51.07307207839547],[3.729925254249259,51.073073715263654],[3.729935495043503,51.073075973012784],[3.729945376511642,51.073078738755335],[3.729954808822132,51.07308201249118],[3.729974751421429,51.07308573777651],[3.729995053346831,51.07308833418734],[3.730015714598372,51.07308980172381],[3.730036465681457,51.07309008394238],[3.730057126932965,51.07308929373043],[3.730077608521453,51.073087318200514],[3.730095484995593,51.07308427023991],[3.730113720795871,51.07308223826605],[3.730132136259203,51.0730812222791],[3.730150731385586,51.0730812787228],[3.730169057017374,51.073082351153516],[3.73018720298611,51.07308443957106],[3.730205259123335,51.0730876004191],[3.730240473082455,51.073093019015175],[3.73027640569382,51.07309657496855],[3.730312787462833,51.07309826827956],[3.730349169231847,51.07309809894849],[3.730385461169317,51.07309601053151],[3.730421303949173,51.07309200302845],[3.730465501061134,51.073095220319665],[3.730509249015479,51.07310030025273],[3.730552368149124,51.07310729927065],[3.730590546548699,51.07311113744133],[3.73062908427438,51.07311333874495],[3.730644535297256,51.0731137902944],[3.730667801663113,51.073114016069155],[3.730690978197461,51.07311362096339],[3.730706429220337,51.073113056526566],[3.73073724143458,51.07311113744133],[3.730744877114509,51.073110516560796],[3.730783055514084,51.073106339727964],[3.730803087944923,51.07310363043075],[3.730823389870325,51.07310205000729],[3.730843871458815,51.07310165490143],[3.730864353047303,51.07310238866948],[3.730884654972705,51.07310436419876],[3.730904507740492,51.07310746860173],[3.730950950640664,51.07311215342764],[3.730997842698518,51.07311390318178],[3.731044824587882,51.073112661420794],[3.731055784034337,51.07311226631502],[3.731066743480792,51.07311119388504],[3.731077343601143,51.07310950057447],[3.73108767422693,51.0731071863833],[3.731097645526578,51.073104307755045],[3.73111121008735,51.07310566240365],[3.731103484575912,51.07313049762093],[3.731098274347279,51.073147487159645],[3.731089381025948,51.07317610407616]]],"type":"Polygon"},{"coordinates":[[[3.75792259755179,51.02771867046526],[3.758212304230919,51.02762742443865],[3.758152745927557,51.02758279009396],[3.758296835699155,51.02752210991589],[3.758380468852095,51.027595558910875],[3.758491320958155,51.02754629159787],[3.759325047373333,51.02829224509006],[3.758637476854877,51.0285992560144],[3.758037761571217,51.02807127958328],[3.757232152424421,51.02843959250813],[3.756945050859609,51.02817936128343],[3.757780933231488,51.02781404073331],[3.757931221378493,51.02772754081245],[3.75792259755179,51.02771867046526]]],"type":"Polygon"},{"coordinates":[[[3.711333451634545,51.00215716995536],[3.712296894776763,51.00160888045952],[3.712535846642353,51.00189633895253],[3.712827619446605,51.00226706450315],[3.712716587677494,51.00231115792137],[3.712579774259718,51.002388886601445],[3.712420053802225,51.002495049635556],[3.712383043212509,51.00256079371432],[3.71237352107051,51.00257780914858],[3.712377024500124,51.002584705768],[3.712380168603598,51.00259143279746],[3.712382773717914,51.002598216355544],[3.712384750011561,51.00260516950159],[3.712386277147527,51.002612801002094],[3.712386995799772,51.00262048903103],[3.712387085631281,51.002628177058654],[3.71238636697907,51.002638408916944],[3.712385109337667,51.002646096941604],[3.712383222875562,51.00265367190584],[3.712380078772088,51.00266249051937],[3.712379809277492,51.00266316887418],[3.712006828771529,51.00286311352382],[3.711913314150451,51.0027836332263],[3.711914122634206,51.002783237520354],[3.711914302297258,51.002783180990896],[3.711894629192524,51.00276514810199],[3.711885825702736,51.0027570643909],[3.711805067158708,51.002682954218606],[3.711765720949273,51.002646831826254],[3.711715594956402,51.00260104283779],[3.711706162645912,51.002592450331235],[3.71167148767595,51.002560737184645],[3.711619834547113,51.002513534867475],[3.711557940624032,51.00245694855332],[3.711489938157055,51.002418338670935],[3.711496046700984,51.00241511646847],[3.711505029853825,51.00240991572018],[3.711514013006667,51.00240414967244],[3.711522457170317,51.002398157504416],[3.71153045217635,51.00239182615626],[3.711539614992244,51.00238408155958],[3.711547969324384,51.00237594125213],[3.711555605004312,51.002367574823595],[3.711562432200453,51.00235892574384],[3.711568540744416,51.00234988095282],[3.711573750973047,51.00234066657019],[3.711578152717925,51.002331226065806],[3.711578512044064,51.002330095466334],[3.711333451634545,51.00215716995536]]],"type":"Polygon"},{"coordinates":[[[3.757170887322042,51.02688230774788],[3.757132080101765,51.02690372126247],[3.757123905432679,51.02689773225937],[3.7571173477311,51.02689292975633],[3.757085816864613,51.02686987773485],[3.757101357719032,51.026862871726046],[3.757120312171522,51.02685287121167],[3.75712417492724,51.02684693870209],[3.757122378296679,51.02683801168629],[3.757032816262863,51.02676682149863],[3.756966430763362,51.02672422033406],[3.756952417044941,51.02670099872787],[3.757030031485495,51.02664930094967],[3.757073330282158,51.02662528830085],[3.75709839327861,51.02660969419754],[3.757261527334208,51.026506354880276],[3.757267096888945,51.02650398185884],[3.75728407504782,51.02651646847047],[3.757453946468049,51.02664240790823],[3.757436698814611,51.026666646549444],[3.757417654530578,51.02668320113862],[3.757403640812158,51.02667359608758],[3.757382979560617,51.02666574254438],[3.757352885998585,51.026660262013465],[3.757312371979291,51.02665884950539],[3.757249310246316,51.02666043151444],[3.757231882929826,51.02666393453425],[3.757225684554353,51.02666636404785],[3.757220474325721,51.0266713360753],[3.75722092348337,51.02668868166682],[3.757224965902141,51.02669489669804],[3.757240327093475,51.02670907826614],[3.757265120595331,51.026719926315316],[3.757273654590524,51.02671597129767],[3.757283895384768,51.026714558791284],[3.757417744362088,51.02672128232129],[3.757421157960192,51.02671868330982],[3.75742546987356,51.026715462795394],[3.757441998874786,51.02669399269354],[3.757477931486151,51.02666020551315],[3.757525811690778,51.02664240790823],[3.757545215300917,51.026656250490404],[3.75749122655236,51.02668167563063],[3.75760881602305,51.026757046964356],[3.757549796708881,51.02678687906259],[3.757526799837585,51.026779195039126],[3.757501108020465,51.02677642653035],[3.757475326371802,51.02677885603806],[3.757452060005944,51.026786201060546],[3.757435890330857,51.026795919088535],[3.757424391895209,51.0268080666207],[3.757418822340438,51.026820157649524],[3.757416935878334,51.026837220684804],[3.757411366323597,51.026846656201634],[3.757400586540194,51.026855244215255],[3.757385854169529,51.026861289723904],[3.757372918429425,51.02686360622703],[3.757359533531706,51.026863662727095],[3.757345429981743,51.02686117672378],[3.757329350138133,51.02685518771518],[3.757314438104415,51.026852645211335],[3.757294046347469,51.02685123270912],[3.757273564759014,51.026852306210785],[3.757252544181367,51.026856204716694],[3.757233230402738,51.02686270222582],[3.757216431906949,51.026871572736816],[3.757202867346144,51.026882477248],[3.757188763796181,51.02688117774682],[3.757170887322042,51.02688230774788]]],"type":"Polygon"},{"coordinates":[[[3.658196485611367,51.01897315136626],[3.658334736333599,51.0191745514697],[3.658528233445789,51.01927621185185],[3.659503175023655,51.01978530154092],[3.658370129955772,51.02071830732793],[3.658083567380151,51.020592577826186],[3.657336528389875,51.021147819337024],[3.656979178569842,51.02120653011558],[3.656592633503108,51.02057562550773],[3.65636643771457,51.02042231975972],[3.655384938435125,51.020030944216735],[3.655405689518177,51.01995691815056],[3.656172311781643,51.01943782823178],[3.657233311963745,51.018858775609374],[3.658196485611367,51.01897315136626]]],"type":"Polygon"},{"coordinates":[[[3.72215177276966,51.061070302832405],[3.72229433540526,51.06107820700341],[3.722436179388614,51.06107831992015],[3.722564368979654,51.06147725296901],[3.722540114466989,51.061481995430114],[3.722515320965166,51.061477591716255],[3.72249052746331,51.061468897203085],[3.722461152553523,51.061463025582874],[3.722422704659352,51.06146138830403],[3.722370422709814,51.0614739219544],[3.722334040940801,51.06148515707058],[3.722322362842134,51.06151361182492],[3.722292808269261,51.061522024040585],[3.722265409653121,51.06153325914509],[3.722041639315846,51.06150638522229],[3.72215177276966,51.061070302832405]]],"type":"Polygon"},{"coordinates":[[[3.708194738031845,51.04053178349809],[3.708221777321878,51.04047281477805],[3.708354458489339,51.040503428816365],[3.708521275637602,51.040544435780745],[3.708808556865468,51.04061972808769],[3.708776487009823,51.0406742344451],[3.708738128947195,51.040738229910346],[3.708646231293625,51.040717952451246],[3.708584157707491,51.040702532539036],[3.708556759091319,51.040746476451076],[3.708386618176528,51.04070434000153],[3.708454979969644,51.04059549674344],[3.708194738031845,51.04053178349809]]],"type":"Polygon"},{"coordinates":[[[3.753202399891357,51.06280896212146],[3.75341314465702,51.06270400983584],[3.753618140204858,51.06273093951975],[3.754057057052674,51.063072160405476],[3.75428082738995,51.06322346204501],[3.752908560961947,51.06415220616264],[3.752880803019669,51.06408378312389],[3.753463090986838,51.06368233205289],[3.753304179013066,51.063588446987076],[3.753733933044987,51.06329036205258],[3.753202399891357,51.06280896212146]]],"type":"Polygon"},{"coordinates":[[[3.698226672313136,51.05141045389423],[3.698226312987031,51.05141152682702],[3.698217509497242,51.05141034095391],[3.698202327968928,51.05140559746119],[3.698196219424999,51.051406783334414],[3.698176276825702,51.05140401629683],[3.698211131458716,51.05140949390167],[3.698158849509178,51.05140243513241],[3.697811920146442,51.0513544354729],[3.697811560820337,51.05135437900269],[3.697698013768418,51.051338906160645],[3.697705379953751,51.05132405448625],[3.697705918942909,51.05131660041212],[3.697703673154698,51.051309767509785],[3.697697654442313,51.05130231343336],[3.697691635729893,51.05129632758323],[3.6976846288707,51.051291809960006],[3.697676633864666,51.05128853468288],[3.697670076163087,51.051286388811526],[3.697662979472351,51.051286049989706],[3.697647708112528,51.05128757468782],[3.697614200952426,51.05129909462726],[3.697558325741731,51.051283395885534],[3.697524638918577,51.0512549348438],[3.697509906547945,51.05124087372742],[3.697500564068965,51.051231894940074],[3.697465619604408,51.0512314996475],[3.697418188557429,51.05124776311027],[3.697336980855752,51.051234379636114],[3.697323685789543,51.05123217729188],[3.697272481818322,51.05122613496233],[3.697246969664254,51.051225965551204],[3.697212115031239,51.05123014435867],[3.697171421348858,51.05127057712483],[3.697148963466755,51.051304289893146],[3.697145460037175,51.051303838130885],[3.697143932901175,51.05130366872008],[3.697141148123807,51.05130327342813],[3.697119858051564,51.05130044991408],[3.697144202395772,51.0512682053714],[3.697184357088962,51.051229410243856],[3.697171870506507,51.051229071421666],[3.697067486270516,51.05125877482664],[3.697049430133291,51.05128644528182],[3.697046465692836,51.051290737024395],[3.696999663466558,51.05128435588068],[3.69692851689604,51.05127469945796],[3.696922228689058,51.051273795932914],[3.696909652275094,51.05127210182344],[3.69688270281657,51.0512682053714],[3.696846590542119,51.051263010101465],[3.696823952996963,51.05125973482232],[3.696825839459068,51.05124759369926],[3.696827725921172,51.05123951843887],[3.696831049687733,51.051230200829025],[3.696835361601068,51.05122133498034],[3.696815149507175,51.0512185679317],[3.696720197581675,51.051205636212245],[3.696720197581675,51.051205579741854],[3.696723162022096,51.051195528009835],[3.696723431516692,51.051194793894524],[3.696713999206202,51.051191292728845],[3.696711843249501,51.05119050214301],[3.696711933081045,51.0511903327318],[3.696716963646623,51.0511754245393],[3.696729001071429,51.05113950932858],[3.696736906245953,51.051121947006294],[3.696748584344654,51.05109066233846],[3.696691720987152,51.05108230469803],[3.696678964910135,51.05108529763702],[3.69665596803884,51.051097212920496],[3.696626323634457,51.05114566461037],[3.69660979463323,51.05119050214301],[3.696614376041194,51.05119117978803],[3.696604943730704,51.05122285968057],[3.69660413524695,51.051225626728986],[3.696603775920845,51.05122822436608],[3.696546822731833,51.05122071380616],[3.696547451552534,51.05121890675397],[3.696553290601868,51.05120128799139],[3.696551763465902,51.05120111858017],[3.696551673634358,51.05120111858017],[3.696553919422569,51.05119857741192],[3.696557961841341,51.05119021979094],[3.696560207629551,51.05118570215736],[3.696561105944848,51.051183895103804],[3.696576646799268,51.05118609745033],[3.696620484585124,51.05110393291313],[3.696620125259019,51.05110376350156],[3.696608357328774,51.051097777625806],[3.696610333622423,51.05108450704937],[3.696618777786072,51.05107264823317],[3.696628030433509,51.05105954706127],[3.696639439037613,51.05104345294417],[3.696642942467226,51.05104051647311],[3.696644020445577,51.05103966941411],[3.696652195114664,51.05103278000027],[3.69666647832768,51.051020751759],[3.696673485186873,51.05101493528437],[3.696680671709153,51.051009231750314],[3.696685253117116,51.05100561762934],[3.696687139579188,51.05100414939259],[3.696692619302449,51.05099985762345],[3.696708339819922,51.050987547020284],[3.696711663586449,51.05098494936964],[3.696724150168903,51.0509751234725],[3.696743463947532,51.05095993285722],[3.696743553779042,51.05095987638652],[3.696748764007707,51.05095575402537],[3.696749033502269,51.050955528142545],[3.696750470806725,51.05095445519919],[3.696761250590127,51.050945984592715],[3.696798800169035,51.05091639392862],[3.69680023747349,51.0509152645136],[3.696811556246052,51.050906398604624],[3.696815149507175,51.05090357506637],[3.696836080253313,51.05089069972977],[3.696858538135415,51.050876864386005],[3.696864916173941,51.05087291142992],[3.696885667256991,51.050887989132114],[3.696911808231761,51.050899170346355],[3.696941632299196,51.05090583389698],[3.696973163165683,51.050907358607596],[3.697004244874489,51.050903800949435],[3.697032901132065,51.0508953303337],[3.697057065813219,51.05088251146558],[3.697075301613464,51.05086624787456],[3.697071349026235,51.050854106648316],[3.697069372732588,51.05084637014439],[3.697068204922727,51.050840440706196],[3.697067665933569,51.050836148921846],[3.697067576102026,51.05083208302056],[3.697067755765079,51.05082846888577],[3.69706838458578,51.050824346512954],[3.697069911721779,51.05081853001366],[3.697072516836095,51.05081203586312],[3.697075391445007,51.05080667112936],[3.697079703358375,51.05080051580252],[3.697084105103252,51.050795546363716],[3.697089674658023,51.05079018162808],[3.697096142528058,51.05078515571726],[3.697103418881881,51.05078035568957],[3.697127314068406,51.05076934385944],[3.697258557931444,51.050709032866564],[3.697282902275619,51.05069785160646],[3.697296826162529,51.05069147038103],[3.697302036391194,51.050689042126876],[3.697302216054247,51.05068898565587],[3.697321170506736,51.05065177123322],[3.697373721950871,51.05066300897553],[3.697417200410621,51.05067227022845],[3.697407947763184,51.050690058605376],[3.697400132420203,51.050705079896154],[3.697398964610343,51.050707225794405],[3.697398156126588,51.05070886345354],[3.697402108713851,51.050709654047594],[3.69740219854536,51.050709654047594],[3.697403905344412,51.050711743474686],[3.697409654562236,51.050718632936245],[3.697467595898055,51.05074472252727],[3.697623273936777,51.05081463352345],[3.697651570868246,51.050796224014476],[3.697652289520458,51.05079582871823],[3.697669896500035,51.0507843651245],[3.697711219003084,51.050810511149365],[3.697794492829952,51.050869410239905],[3.697959603179163,51.05098466701632],[3.698008112204492,51.051019791758364],[3.698023922553507,51.05103181999994],[3.698024192048104,51.05103198941174],[3.698023742890455,51.05103187647054],[3.698017364851929,51.0510307470583],[3.698010807150351,51.05103023882282],[3.698004159617263,51.051030464705256],[3.697997691747196,51.05103136823502],[3.697991493371756,51.051032949412104],[3.697985833985443,51.0510351517658],[3.697980803419863,51.051037862354846],[3.697976581338039,51.05104113764968],[3.697973347403021,51.05104475176789],[3.697971011783267,51.051048648238734],[3.697969754141865,51.05105271412101],[3.697969664310355,51.05105299647396],[3.697969664310355,51.05105327882686],[3.697979186452355,51.05106270941347],[3.69800065618765,51.05107016352846],[3.698016646199685,51.05109077527956],[3.698090847042168,51.051156393998696],[3.69813567297483,51.05117548100973],[3.698148518883424,51.051205240919494],[3.698190649870228,51.051237372565275],[3.69822532484019,51.05121613970519],[3.698225414671733,51.051216309116306],[3.69823700293889,51.05123477492865],[3.698244279292713,51.051248666635836],[3.69824760305924,51.05126797949011],[3.698250836994257,51.051297795810676],[3.698250028510503,51.05132428036726],[3.698248501374538,51.05133444501179],[3.698244728450328,51.05135855779857],[3.698232691025523,51.051402096311485],[3.698232691025523,51.05140226572193],[3.698229546922048,51.051401813960666],[3.698226672313136,51.05141045389423]]],"type":"Polygon"},{"coordinates":[[[3.715829519631564,50.99695734530792],[3.71628236036629,50.996601050792],[3.716326198152145,50.99662541821276],[3.716188576250616,50.9969853874133],[3.716219747790997,50.997286725903464],[3.716395548092103,50.997566635382],[3.715829519631564,50.99695734530792]]],"type":"Polygon"},{"coordinates":[[[3.765201107309825,51.044191142776334],[3.765700031618617,51.04407829769486],[3.765799385289062,51.044199219265614],[3.765329925721566,51.04433601105899],[3.765201107309825,51.044191142776334]]],"type":"Polygon"},{"coordinates":[[[3.641742044552156,51.04538277683543],[3.641659219882937,51.04540401236983],[3.641570645995929,51.04542784585696],[3.641263152674171,51.04569475748421],[3.640825493467759,51.045958222489034],[3.640561119279645,51.04580545250265],[3.640452063804148,51.04574152051407],[3.640315340217915,51.045661718358566],[3.640313902913459,51.04566064529256],[3.640909485946837,51.045146248469564],[3.64134337222904,51.04478896861457],[3.642890989800532,51.04546444322563],[3.642593198283859,51.045727457723814],[3.642379039920127,51.04559756026265],[3.642379758572338,51.04555130538312],[3.64214520845166,51.04544620102234],[3.641913802434456,51.045350415217705],[3.641804297801343,51.04531116331246],[3.641742044552156,51.04538277683543]]],"type":"Polygon"},{"coordinates":[[[3.730016073924478,51.042925940518884],[3.730489845405341,51.04180433730184],[3.732027222182589,51.04219270494977],[3.731456522482577,51.04315141010019],[3.730016073924478,51.042925940518884]]],"type":"Polygon"},{"coordinates":[[[3.742452620212445,51.05236750008413],[3.742426658900728,51.052410755303896],[3.742426569069185,51.05241098117962],[3.742424952101677,51.05241363521917],[3.742403662029434,51.05240940004957],[3.742388121175014,51.052406407196145],[3.742355871656316,51.05240030855086],[3.742295504869234,51.05238884535429],[3.742277179237445,51.05238415843073],[3.742276999574393,51.05238404549284],[3.742222292173591,51.05235626275545],[3.742219776890785,51.05235434280955],[3.742216363292715,51.052350841731574],[3.742204146204856,51.05233045641738],[3.742201990248156,51.0523136286443],[3.742204415699419,51.052290871612676],[3.742206481824576,51.052283982384964],[3.742218788743978,51.052242477590035],[3.742242324604431,51.05216850296528],[3.742274214796991,51.05206623708715],[3.742293348912566,51.052005080741786],[3.742296672679093,51.05199683620525],[3.742306284652636,51.05197283668974],[3.742317423762178,51.05194934538719],[3.742320208539546,51.051938390304564],[3.742342127432492,51.05188417954813],[3.742347337661123,51.051871191545],[3.742406716301398,51.05173730196109],[3.742435462390517,51.05167654047011],[3.742481276469987,51.05157969462039],[3.742527360044053,51.05149436845905],[3.742529785495349,51.05148985085514],[3.742595452342606,51.051367141269964],[3.742640008780707,51.05128322647461],[3.742692470393298,51.0512003844649],[3.742737925146662,51.05112838464285],[3.742743764195996,51.05111906701065],[3.742743854027539,51.05111895406967],[3.742780325628063,51.051067791764716],[3.742781313774902,51.05106434706004],[3.742787871476448,51.05105469059145],[3.742793890188867,51.05104605059152],[3.742809970032445,51.05102295411328],[3.742842758540335,51.050976422298085],[3.742901957517557,51.0508923938532],[3.742921540790749,51.05086686905349],[3.742921630622258,51.050866756111844],[3.742987207638005,51.050781202753306],[3.742998885736706,51.05076668972564],[3.743130848251955,51.05060281078643],[3.743136327975183,51.05059603424994],[3.743236849455454,51.0504762023323],[3.74325598357103,51.050453331455074],[3.743338718408672,51.05034411580183],[3.74337258489488,51.050299333921245],[3.743426483811926,51.05022597738017],[3.743427292295714,51.05022501736307],[3.743436275448556,51.05020197694697],[3.743461428276484,51.05016781160298],[3.743559614137036,51.05006164475331],[3.743692115641443,51.04992001327927],[3.743775389468311,51.04984016185057],[3.743788864197573,51.049827512106646],[3.743801350779994,51.04981570944071],[3.743820934053185,51.04979724306256],[3.743938254029312,51.04968672700037],[3.743946069372294,51.049679385607256],[3.743977330744151,51.04965651433659],[3.744024312633515,51.049616701356946],[3.744025749937971,51.04961732255263],[3.744115132308734,51.04965510252938],[3.744208287603707,51.04969452017029],[3.744230565822756,51.04970395103357],[3.744249250780684,51.049693955447864],[3.744303958181485,51.04966447692838],[3.744326326232045,51.04967594079931],[3.744330188987764,51.04967289129698],[3.744341417928815,51.049664872234324],[3.744343034896325,51.04966351689965],[3.744349143440254,51.049658999117156],[3.744367199577479,51.04964527635005],[3.744383548915653,51.04963296538681],[3.744399808422283,51.04964200095649],[3.744405108482459,51.049644881043946],[3.744441669914524,51.04961720960799],[3.74446700240554,51.04959783959298],[3.744440322441613,51.04958281794308],[3.744468709204592,51.04956723156439],[3.744469966845961,51.04956661036804],[3.744476704210592,51.04956260082767],[3.744748803910178,51.04972495869813],[3.744601300540509,51.049768329330334],[3.744587466485141,51.049772451797146],[3.744583244403317,51.04976895052398],[3.744471314318908,51.049801930247945],[3.744135703728766,51.0498970856554],[3.74413992581059,51.049905556453716],[3.744142171598801,51.049908831828674],[3.744122678157119,51.049914648442176],[3.744051441755091,51.04993582542701],[3.744027726231619,51.04994695039921],[3.743996464859727,51.04996123779605],[3.743977600238747,51.04996987799835],[3.743953615220679,51.049979308805554],[3.743862076893215,51.05002290508694],[3.743785091273363,51.050075875643046],[3.743728317747404,51.05011489762374],[3.743592222981873,51.050208527654696],[3.743588180563068,51.05020677703462],[3.743576682127454,51.05021654662318],[3.743555032729105,51.05023501283416],[3.743553864919245,51.05023602932262],[3.743565632849456,51.050241224707754],[3.743597612873558,51.050214231287356],[3.743713585376739,51.05027510763993],[3.743695619071057,51.05028973376465],[3.743651511790605,51.050325593162896],[3.743635611610081,51.05033937219985],[3.743565632849456,51.05039996603105],[3.743520088264548,51.05043943950933],[3.743494935436586,51.0504635527621],[3.743484694642342,51.050473322296504],[3.743476340310202,51.05048134121918],[3.743437533089925,51.050523017006206],[3.743403846266771,51.05055910210857],[3.743350755833478,51.050620147421135],[3.743325064016357,51.05065809599307],[3.743306468889974,51.05068565386505],[3.743297036579517,51.050702482229674],[3.743261373462715,51.05076584266165],[3.743249605532505,51.05078673690271],[3.743223374726193,51.05083411597125],[3.743201904990897,51.05087268554671],[3.743172799575706,51.05091684569465],[3.743151419671953,51.050949259894054],[3.74313399235543,51.050973542293434],[3.743130309262763,51.050978624654476],[3.743104078456484,51.05101527410817],[3.743109288685116,51.05102589058545],[3.743165702884969,51.05104119412027],[3.743216547530052,51.05105198000343],[3.74322544085135,51.05102611646792],[3.743278441453133,51.05094451635412],[3.743337460767302,51.05086878906102],[3.74344507893831,51.05092847866776],[3.743449929840871,51.050931189263046],[3.743513350899917,51.050966426987],[3.743658608481375,51.05104701059161],[3.74367675445011,51.05106609764771],[3.743681156194988,51.05107072823411],[3.743683491814741,51.051073947056075],[3.743686007097514,51.05107727881891],[3.743686995244321,51.05107699646615],[3.743861807398619,51.05102363176071],[3.743868275268687,51.05103165058811],[3.743906184173667,51.05107863411221],[3.743840966484024,51.05109868115425],[3.743847614017146,51.05110737761486],[3.743847614017146,51.05110743408542],[3.743896931526229,51.051172826899204],[3.74399664452278,51.051143631673355],[3.744097345666138,51.05127735356265],[3.744097076171542,51.05127757944389],[3.744097704992244,51.051278370028236],[3.744080008181124,51.05129627111295],[3.744052519733442,51.05132428036726],[3.744119084895996,51.05141355975227],[3.74418717719455,51.051393343436025],[3.744275930744611,51.05151373768087],[3.744275571418505,51.05151407650103],[3.744208736761355,51.05158392986587],[3.744244220215072,51.051631251649],[3.744244579541177,51.05163170340802],[3.744249071117598,51.05163780215453],[3.744309617567766,51.05161995767175],[3.744322463476326,51.05163751980519],[3.74407183351207,51.05171324584127],[3.744077403066808,51.05172058691204],[3.744068689408563,51.051723240991166],[3.744067701261755,51.05172341040048],[3.743896482368581,51.05177496726904],[3.743895224727211,51.05177536255697],[3.743729305894211,51.05182776641235],[3.74372750926365,51.05182533821777],[3.743725712633089,51.051825902914196],[3.743721580382773,51.0518271452463],[3.743721490551263,51.05182720171593],[3.743713226050633,51.05182979931933],[3.743710710767828,51.051826241732066],[3.743643606616114,51.05173148557646],[3.743393515641016,51.05137804001755],[3.743394413956314,51.051377757666636],[3.743396300418386,51.051377192964736],[3.74339809704898,51.05137662826284],[3.743392347831157,51.05136900478661],[3.7433909105267,51.05136945654819],[3.7433909105267,51.051369569488564],[3.743336831946601,51.05138662348538],[3.743334047169199,51.051387527008195],[3.743331442054882,51.05138831759066],[3.743329375929725,51.051388938762585],[3.743316889347271,51.05139289167467],[3.743314823222113,51.051393569316694],[3.743292994160712,51.051400402206674],[3.743290658540992,51.05140113631876],[3.743141987361463,51.05136188954093],[3.743134172018482,51.051362171892],[3.743134172018482,51.05136211542177],[3.743066708540664,51.0513639789386],[3.742547302643383,51.05223705655284],[3.742532929598824,51.052233668404256],[3.742452620212445,51.05236750008413]]],"type":"Polygon"},{"coordinates":[[[3.72097857300862,51.06453141022972],[3.720998335944864,51.06457764615404],[3.721021242984616,51.06460502638052],[3.721044060192825,51.06463235013673],[3.721062565487666,51.06465453656335],[3.720982795090445,51.06471573265682],[3.720974800084411,51.06471861180681],[3.720909133237154,51.06474237890102],[3.720901317894173,51.064733854362714],[3.720897814464559,51.064729959043376],[3.72089772463305,51.064729902589434],[3.720823254295971,51.06475745208748],[3.720822984801408,51.06475750854133],[3.72082100850776,51.06475824244169],[3.720818403393444,51.0647592021575],[3.720762797677379,51.06477975136179],[3.720757228122608,51.06478178370017],[3.720754533176749,51.064782799869334],[3.720746448339205,51.06478579192286],[3.720744472045557,51.06478646936889],[3.720737285523277,51.06478912269915],[3.720735399061207,51.06478980014514],[3.720674672947985,51.06481176068103],[3.720672606822828,51.06481249458052],[3.720669911876969,51.064813510749005],[3.720670001708512,51.06481368011042],[3.720669103393214,51.06481401883326],[3.7205260916,51.064865786942185],[3.720526001768456,51.064865786942185],[3.720525462779298,51.06486510949732],[3.720520611876772,51.0648668031095],[3.720521240697474,51.06486753700812],[3.720427995570958,51.064901239877635],[3.720371491539595,51.06492077285276],[3.720384427279698,51.06493488626896],[3.720428354897098,51.06498292830544],[3.720434732935589,51.06498490418133],[3.720429432875414,51.064986767149925],[3.720346787869282,51.06503300261946],[3.720324868976371,51.06502543784494],[3.720317323127952,51.06503424459724],[3.720196320059192,51.064995743270345],[3.720195781070033,51.06499557390959],[3.720194882754735,51.064995291641694],[3.720194433597087,51.06499585617748],[3.720179341900316,51.06501392132016],[3.720164340035089,51.0650318735487],[3.720152661936389,51.06504593047752],[3.720152482273336,51.065046156291594],[3.720103883416464,51.06502402650627],[3.720110800444147,51.065012566434696],[3.720129575233585,51.064974290904196],[3.720192906461122,51.06484484259973],[3.72022300002312,51.06483637453405],[3.720252824090554,51.06481661570812],[3.720268275113464,51.064790308229654],[3.720278246413113,51.06476925094531],[3.720278605739218,51.06476851704518],[3.720282199000374,51.06476083931971],[3.72028525327234,51.06475446003212],[3.720281210853535,51.06473453180951],[3.720279414222972,51.064725781454115],[3.720266927640519,51.064697554489896],[3.720395117231558,51.064437244614645],[3.720429612538467,51.06438891974018],[3.72044254827857,51.06437881441545],[3.720472731672112,51.06436340237962],[3.720497165847862,51.06436323301655],[3.720491057303933,51.06436238620125],[3.720476235101725,51.06436165229462],[3.720482163982602,51.06435860375934],[3.720509293104177,51.06435764403522],[3.720654101527987,51.06435267605124],[3.720715995451068,51.06434686125118],[3.720813282996323,51.06433127984149],[3.720854336004809,51.064329473300894],[3.720960786365991,51.064305367268176],[3.720995461335952,51.06428888257344],[3.720999144428619,51.06428718894011],[3.721022859952125,51.064275898049516],[3.721067506221734,51.064249759627195],[3.721079723309593,51.0642350250025],[3.721112242322888,51.06421899191895],[3.72116578191383,51.064200361920555],[3.721198570421687,51.06419641010172],[3.7212020738513,51.06419268410084],[3.721207643406071,51.064168239269335],[3.721210068857334,51.064120478660556],[3.721210158688844,51.06411793820125],[3.721200187389195,51.06409100932419],[3.721221028303789,51.064053523397924],[3.721242767533681,51.06403359487356],[3.721260194850172,51.06400107692305],[3.721269447497609,51.063967034669126],[3.72129738510294,51.06392395960877],[3.72129235453736,51.06391588655893],[3.721302864826167,51.06391972549191],[3.721304302130624,51.063918031845056],[3.721309242864693,51.063912329900155],[3.721327119338832,51.0638979903525],[3.721335383839462,51.06388370725534],[3.72134876873718,51.06388415889488],[3.721368890999563,51.06388732037125],[3.721384611517036,51.063895111151474],[3.721381377582018,51.06388811074032],[3.721385060674685,51.06387879567547],[3.721393504838334,51.063871230712365],[3.721406081252332,51.06386575458153],[3.721423328905769,51.063861181729564],[3.721441564706047,51.06385892353085],[3.721458183538784,51.063858810620935],[3.721483516029799,51.06386106881961],[3.721500224694111,51.06386005263022],[3.721512801108076,51.06385643951218],[3.721517202852953,51.063851189199546],[3.721518909652005,51.063849156820304],[3.721545769278985,51.06386688368073],[3.721547565909581,51.063874448644555],[3.721562118617159,51.06388506217385],[3.721571191601543,51.06389353041355],[3.721573257726701,51.06389550633594],[3.721583498520945,51.06390233738122],[3.721725611998895,51.06395354196122],[3.721713933900196,51.06397437379728],[3.721713035584898,51.06397612389691],[3.721681684381497,51.064040200079475],[3.721667401168481,51.064069274265215],[3.721623383719539,51.06411274437291],[3.721570023791683,51.06413357613737],[3.721548913382493,51.064200418375094],[3.721542535343967,51.06420775746629],[3.721482438051482,51.064277422319876],[3.721360716330477,51.06441155791778],[3.721375628364195,51.06442555858071],[3.721376796174054,51.06442668766621],[3.721355865427951,51.064450398456074],[3.721354607786547,51.064449946822094],[3.721350116210127,51.064455084158325],[3.721349577220935,51.0644550277041],[3.72132909563248,51.064478173937296],[3.721318854838235,51.06448974704954],[3.721309961516904,51.06449979589589],[3.721283191721467,51.06448523071341],[3.721232167413331,51.06444729347239],[3.721217345211123,51.064441196412865],[3.721203960313404,51.06444204322676],[3.721203870481862,51.06444204322676],[3.721198031432528,51.064446277295865],[3.72119147373095,51.064451019452775],[3.721190934741758,51.0644514146325],[3.721135418857202,51.064470609072096],[3.721070919819805,51.06449381175168],[3.721007947918407,51.06451876449877],[3.72097857300862,51.06453141022972]]],"type":"Polygon"},{"coordinates":[[[3.70958272497732,51.067505657929274],[3.710392196879834,51.06724677511642],[3.711244069263782,51.06697671352606],[3.712162506810252,51.06671461002018],[3.712251979012557,51.066383069257476],[3.712947275042453,51.06648615029386],[3.7131649368358,51.066949221800066],[3.711709755907068,51.06746789251539],[3.709979510838331,51.068004452044335],[3.709959747902054,51.06809906200108],[3.710035655543589,51.068351222558185],[3.710263647962689,51.06863256595946],[3.710513649106244,51.06888969110753],[3.710625579190653,51.06900450789121],[3.710471697782493,51.06903549821323],[3.710349437072328,51.06890809342339],[3.710209749045642,51.06876262461026],[3.710087578166988,51.0686051316661],[3.709977265050121,51.068370754077485],[3.709895518359253,51.068179954489786],[3.709789067998071,51.06805898262772],[3.709794547721333,51.06804865230475],[3.70958272497732,51.067505657929274]]],"type":"Polygon"},{"coordinates":[[[3.695331581815465,51.0652052984923],[3.696027596497605,51.06538109381694],[3.696657225680243,51.065543960758575],[3.696855214368854,51.065654100261554],[3.696125243368998,51.06645470665046],[3.696085448001914,51.06644612597569],[3.695936956485439,51.06659199723091],[3.694758815990329,51.06617447905384],[3.694921411056734,51.06597000893518],[3.694709767975808,51.06588916903669],[3.695331581815465,51.0652052984923]]],"type":"Polygon"},{"coordinates":[[[3.749771733821318,51.07215739868299],[3.749804612160719,51.07213775587195],[3.749799042605947,51.07213696564374],[3.749793113725071,51.07213538518729],[3.749786017034334,51.07213228071912],[3.749729513002972,51.07206962686209],[3.749672110656311,51.072000481741235],[3.74964426288249,51.07196582447445],[3.749641837431227,51.07196006707581],[3.74964075945291,51.0719541403412],[3.749641118779016,51.0719481571607],[3.749642825578033,51.071942230424554],[3.749645969681542,51.07193658591323],[3.749650461257962,51.07193122362681],[3.749660702052207,51.07192179729027],[3.749683339597362,51.071902831721104],[3.749719092545674,51.0718737060105],[3.749726548562516,51.07186591657314],[3.749735531715358,51.07185355507206],[3.749743077563743,51.07184096778671],[3.749746850487953,51.07183210588427],[3.749771464326722,51.07176183150194],[3.749776944049984,51.07175353403771],[3.749785388213633,51.071746365478965],[3.749797335806929,51.071741793405515],[3.7498109003677,51.07173812445731],[3.749824824254611,51.071737390667664],[3.749931813604952,51.07174523657199],[3.749994336348733,51.07175014731718],[3.750045001330764,51.07175731587535],[3.75009000692648,51.071767193807986],[3.750217837191413,51.071807552196546],[3.750229155964008,51.07181308383305],[3.750236432317797,51.07181776879],[3.750250805362357,51.071793948883474],[3.750284671848564,51.07175133266939],[3.750329138455121,51.07171001466012],[3.75034962004361,51.07169562108263],[3.750370999947362,51.07168055015557],[3.750382049225361,51.07167276068571],[3.750414029249463,51.07165616572382],[3.750428042967884,51.071648884259076],[3.750456339899354,51.07163731293674],[3.750477989297703,51.07162850744078],[3.750481582558825,51.071627378530906],[3.750528923774295,51.071612420472626],[3.750582373533727,51.07160000245828],[3.750583271848991,51.07159977667618],[3.750621719743162,51.07159193074719],[3.750718737793853,51.071576238885214],[3.750782069021357,51.07156839295222],[3.750809557469072,51.071566022238436],[3.750845759575,51.071562917732024],[3.750899568660537,51.07156054701792],[3.750900377144291,51.07156049057235],[3.75090693484587,51.071560208344486],[3.750914211199659,51.07156003900775],[3.750933075820639,51.071559700334284],[3.750978081416354,51.071560095453314],[3.751006917336982,51.07156037768122],[3.751046173714908,51.0715612808104],[3.751048868660767,51.071561337255964],[3.7510875860495,51.07156229683073],[3.751119566073603,51.07156489332703],[3.751152624076056,51.071569239635735],[3.751196372030402,51.07157601310299],[3.751262757529903,51.071589785816705],[3.751286293390357,51.0715967286176],[3.751328334545651,51.07160914663282],[3.751390677626347,51.071632571516055],[3.751436222211255,51.07164944871372],[3.751454008853885,51.07165554482377],[3.751457961441147,51.07165689951475],[3.751477814208934,51.07166299562383],[3.751490390622898,51.07166598723257],[3.751498475460442,51.071667849932304],[3.751521292668684,51.071671688222374],[3.751544289539945,51.07167400248532],[3.751577886531557,51.071675470066694],[3.751593068059871,51.07167490561233],[3.751769587013186,51.07166677746881],[3.75176967684473,51.071667398368724],[3.751772192127536,51.071667172586935],[3.751779468481325,51.071693532602396],[3.751767431056519,51.071709167979236],[3.751678587674915,51.07171289337507],[3.751587049347485,51.07171650587986],[3.751538450490612,51.071720061939004],[3.751527580875667,51.07172181174574],[3.751519855364228,51.071724295342364],[3.751510423053738,51.07172785140087],[3.751508356928581,51.07172920608978],[3.751498834786581,51.07173569730682],[3.751491648264301,51.07174213207762],[3.751485988878021,51.071749131300976],[3.751481766796163,51.071756694976614],[3.7514793413449,51.07176448443236],[3.751478532861145,51.07177328990249],[3.751477544714338,51.07178734478398],[3.751472244654163,51.071812124263495],[3.75146532762648,51.07183075119838],[3.751455176663745,51.07184898300916],[3.751440264630061,51.071868400162025],[3.751422118661292,51.07188612395135],[3.751411159214836,51.07189588896618],[3.75137684357098,51.07192484532748],[3.751317015773056,51.07196689693097],[3.751252786230255,51.072005505349416],[3.751212092547874,51.07202639000676],[3.751169871729527,51.072044170180604],[3.751119925399743,51.072064095256195],[3.751068811260064,51.07208283497952],[3.751065397661993,51.07208402032322],[3.751060906085573,51.072097228436576],[3.751060007770275,51.07214108611922],[3.751057851813608,51.072177662378785],[3.751054258552452,51.0722049252201],[3.751048150008522,51.07224144498443],[3.751044826241962,51.07225245170839],[3.751039526181787,51.07226351487444],[3.751026141284068,51.07228806832021],[3.751013564870104,51.072311210636514],[3.751035393931506,51.072311887972454],[3.75111381685578,51.072321427118816],[3.751175171789702,51.07233847339915],[3.751253235387904,51.072375388170215],[3.751286742547972,51.072396893550746],[3.751274435628604,51.072415125138534],[3.751257277806677,51.072434034053195],[3.751225477445626,51.07246282074434],[3.751190263486473,51.072476310971865],[3.751153702054407,51.07250125941578],[3.751129178047146,51.07252852206645],[3.751112110056761,51.07254912426593],[3.751098455664446,51.072565662463276],[3.751072584184239,51.07260889881476],[3.751064499346696,51.0726176476799],[3.75104195163305,51.072642144493564],[3.751032070164945,51.07265281245675],[3.751013834364666,51.072680470127615],[3.750999191825544,51.07270270914076],[3.750997574858036,51.07270530557307],[3.75097951872081,51.072733979207165],[3.750972062703968,51.07275079955909],[3.750967032138356,51.07276457192319],[3.750962271067373,51.072780263382235],[3.750946820044463,51.072836763879494],[3.75094322678334,51.072850761994054],[3.750934513125094,51.07287655689564],[3.750897053377731,51.072918946297854],[3.750834979791597,51.072927243553124],[3.750787189418479,51.07293175906556],[3.750751616133253,51.07293311371922],[3.750714785206591,51.072933339494824],[3.750656664207719,51.07293271861191],[3.750649477685439,51.072933903933844],[3.75064453695137,51.07293548436303],[3.750640494532599,51.07293830655786],[3.750631780874353,51.07296477873699],[3.750621180753969,51.07298876737239],[3.750604561921234,51.07302325454172],[3.750601327986216,51.07302895536433],[3.750596027926041,51.073038099256465],[3.750591985507236,51.07304509828382],[3.750582822691341,51.07305858834162],[3.750562430934397,51.07308726175681],[3.7505541664338,51.073099171378765],[3.750553717276151,51.073099905146854],[3.750551201993344,51.07310351754338],[3.750550034183485,51.07310521085414],[3.750540062883837,51.07312095864134],[3.750539973052293,51.07312112797235],[3.750541769682854,51.073121353747034],[3.750559915651623,51.07312411948687],[3.750796621728969,51.07315950965333],[3.750847735868647,51.07316712954211],[3.750890046518537,51.07317345122663],[3.750853395254928,51.07322193626061],[3.750821594893878,51.073263986685504],[3.750810365952827,51.07327866199254],[3.750782787673601,51.073314898692374],[3.750752873774622,51.073351022477034],[3.750730685387115,51.0733763655529],[3.7507492805135,51.07338167122848],[3.750748382198202,51.07338291298229],[3.750743800790272,51.07338923463734],[3.750742902474974,51.073390476390905],[3.750726103979186,51.07338567870646],[3.750722870044135,51.07339143592774],[3.75072089375052,51.073397418921594],[3.750720264929819,51.073403514801406],[3.750720264929819,51.07340362768804],[3.750720624255925,51.07340673207096],[3.750720983582063,51.07340972356702],[3.750722959875677,51.07341581944517],[3.750724936169292,51.073419149600454],[3.750726373473748,51.07342163310599],[3.750752783943113,51.073437888775054],[3.750798059033424,51.07346825525275],[3.750819349105668,51.0734840029164],[3.750803898082758,51.07349551733374],[3.750836237433,51.073513184056765],[3.750838123895104,51.07351182942009],[3.750849981656857,51.07350296783756],[3.751002335929053,51.0736038881802],[3.751127291585041,51.0736849968195],[3.751183526121841,51.07372292648932],[3.751233113125521,51.07375696156835],[3.751275693270007,51.073788118036695],[3.751299229130427,51.07380301894891],[3.751315937794707,51.07381357375881],[3.75132887353481,51.073822040182144],[3.751326717578142,51.0738267249357],[3.751341449948807,51.07382937774776],[3.751349804280947,51.07383107103198],[3.751348187313438,51.0738341189434],[3.75134396523158,51.07384219026343],[3.750616150188391,51.07371440360492],[3.75058479898499,51.073707743336534],[3.750555603738256,51.07369797870402],[3.75052919326889,51.073685391920385],[3.750506376060682,51.07367032164129],[3.75042103610869,51.07359621192026],[3.750396332438378,51.07357465065392],[3.750396332438378,51.073574594210776],[3.750121627624476,51.07333442811697],[3.750106625759249,51.073321276800165],[3.750106535927705,51.07332116391329],[3.750094857829005,51.07331094765174],[3.749940257768634,51.073175821858115],[3.74994061709474,51.0731756525273],[3.749960649525579,51.07316656510593],[3.749971519140526,51.07317971646675],[3.749974214086351,51.07318219998508],[3.749987239657997,51.0731764991814],[3.749988497299367,51.07317762805345],[3.749994605843296,51.07318315952624],[3.749995863484699,51.073184288398124],[3.749985622690455,51.0731887474419],[3.749987239657997,51.0731902714188],[3.74999541432705,51.07319552067216],[3.749997929609857,51.07319653665661],[3.750000534724172,51.07319738331029],[3.750003409333085,51.07319794774609],[3.75000637377354,51.07319822996396],[3.750009517877014,51.07319828640756],[3.750012661980522,51.07319806063325],[3.750015626420943,51.07319749619746],[3.750018501029855,51.07319670598735],[3.750031436769958,51.07319230338792],[3.750033502895116,51.073189424765],[3.750021914627959,51.07318564304439],[3.750022902774766,51.07318445772891],[3.750027394351187,51.07317847470748],[3.750028292666451,51.073177232948225],[3.750040330091257,51.07318095822593],[3.750041318238098,51.07317943424871],[3.750041947058798,51.07317785382785],[3.750042216553362,51.07317621696335],[3.750042036890309,51.07317469298602],[3.750041408069607,51.0731731690086],[3.750040509754343,51.07317175791837],[3.75002981980245,51.073161598067436],[3.750011045013013,51.07314370543562],[3.750010416192312,51.073143197442796],[3.749976639537614,51.073113959625445],[3.74997080048828,51.07310882325024],[3.749963973292107,51.07310289666271],[3.749847012642118,51.073001523677],[3.749724302774306,51.072895070514136],[3.74968881932059,51.07286436499644],[3.749750892906724,51.07284302916515],[3.749728524856164,51.07283292568606],[3.749717834904271,51.07282812794381],[3.749709211077536,51.07282321731301],[3.749704180511956,51.07282016933502],[3.749694568538414,51.07281367827008],[3.749686393869327,51.07280634054337],[3.749679207347047,51.07279832548677],[3.749653515529927,51.07276423325853],[3.749642556083471,51.07274916267948],[3.749629710174911,51.07271800551163],[3.749614887972703,51.072680187906585],[3.749589824976284,51.07260861659324],[3.74958784868267,51.0726028592746],[3.749583806263898,51.07259151396811],[3.749581290981092,51.0725829908753],[3.749571948502144,51.07255155137376],[3.749563684001515,51.07252141007218],[3.749559821245796,51.072502557637584],[3.749553892364919,51.07246778785788],[3.749552095734358,51.07246451407858],[3.749549221125446,51.07246101452111],[3.749545448201236,51.072463893189386],[3.74955829410983,51.07238063751599],[3.749563504338462,51.07237877484495],[3.749576350247022,51.072325434688615],[3.749578955361338,51.072316685768186],[3.749590453796986,51.0722933741206],[3.749601503074984,51.07227717449413],[3.749604377683896,51.07227311047548],[3.749610037070177,51.072266393554955],[3.749618121907721,51.072258829962585],[3.749646149344594,51.072238340523384],[3.749681992124449,51.07221378705118],[3.749716397599815,51.07219109624461],[3.749735801209953,51.072179073499335],[3.749747030151005,51.07217213078581],[3.749749814928374,51.072170493885736],[3.749771733821318,51.07215739868299]]],"type":"Polygon"},{"coordinates":[[[3.695407669120019,51.05872705183703],[3.695269059071682,51.058584035328785],[3.695240133319544,51.05854665786614],[3.695252709733509,51.05851718498157],[3.695327808891288,51.058482630541256],[3.695715431936373,51.05869379616253],[3.695761066352791,51.05866121799985],[3.696713550048553,51.059186361638446],[3.696636564428701,51.05922859419787],[3.696583204500846,51.0591954518049],[3.696451780974755,51.05928550646294],[3.695407669120019,51.05872705183703]]],"type":"Polygon"},{"coordinates":[[[3.695073855160439,51.08081748564051],[3.695420694691666,51.080906764591795],[3.695587871166035,51.080676625453],[3.695870840480532,51.080744798225545],[3.69572818801339,51.08098594167181],[3.697115186812091,51.0813429987092],[3.697284968400776,51.08140767161891],[3.697391867919607,51.08145208481256],[3.697565152937905,51.08148639637389],[3.697112581697775,51.082123469408835],[3.696994992227085,51.082242147205726],[3.696892674116218,51.08219062426234],[3.69674894367076,51.082208344098184],[3.69662308969944,51.082260939239774],[3.695963456786314,51.08284467357769],[3.695882069421584,51.08287435670084],[3.695771756304683,51.08286560977488],[3.6955039685185,51.083121583646395],[3.695160003596185,51.0834461763426],[3.694990581333605,51.08352958139986],[3.694920422909928,51.08357303323071],[3.694838137229901,51.08357252535242],[3.693505396674387,51.0830232234837],[3.693298604495986,51.082890552617414],[3.693223685001292,51.08282644609907],[3.693256114183043,51.08277086070973],[3.693609601247324,51.082374537769674],[3.693815495110461,51.08212877408147],[3.69411750870899,51.08179988322713],[3.694387811777981,51.08147482751149],[3.694593256483435,51.08125688088974],[3.694894910755859,51.0809519119099],[3.695017261297566,51.080797282162415],[3.695055260034088,51.08078955066148],[3.695073855160439,51.08081748564051]]],"type":"Polygon"},{"coordinates":[[[3.736770237051197,51.044563111653886],[3.736906511479814,51.04439842006257],[3.737187145174558,51.04449081912072],[3.737057697942115,51.04464765988739],[3.736770237051197,51.044563111653886]]],"type":"Polygon"},{"coordinates":[[[3.700734948249444,51.046609056519344],[3.700659310102539,51.046623853229775],[3.700604872196299,51.0466273547407],[3.700487642051715,51.046663104022635],[3.700461411245437,51.04667784423986],[3.700447756853122,51.046685581440144],[3.700431766841053,51.04669343159089],[3.70038478495169,51.0467130287241],[3.700368076287411,51.04671912811832],[3.700339599692922,51.04672709121511],[3.700288934710891,51.046741097226054],[3.700251115637422,51.0467497945049],[3.700229376407531,51.04675425609535],[3.70021194909104,51.04675657160418],[3.700197576046481,51.0467577011206],[3.700186796263078,51.0467577575964],[3.70018248434971,51.046757814072265],[3.700126339644453,51.04675634570084],[3.700113673398945,51.04675521618439],[3.700069116960846,51.04674810022994],[3.700012523097973,51.04673595792413],[3.699952425805453,51.04672003173219],[3.699913888079772,51.046707268184356],[3.69990876768265,51.04670534800431],[3.699881818224126,51.04669535177147],[3.699895831942547,51.04668388716281],[3.699913798248229,51.046667452669595],[3.699939849391488,51.04663520490134],[3.699954851256716,51.0466099601354],[3.699973985372258,51.046556081998304],[3.699983148188152,51.04648780238231],[3.699979285432433,51.0464592819174],[3.699968146322925,51.04641844961722],[3.699959971653838,51.04639749692916],[3.69995000035419,51.046376148897615],[3.699936615456437,51.04635931896107],[3.699912360943773,51.046328934697684],[3.69989439463809,51.04631436379853],[3.699873823218093,51.04629804212696],[3.699844538139815,51.04627528213935],[3.699813456431011,51.04625393405153],[3.699819564974939,51.04625229623482],[3.699843549993008,51.046246479161375],[3.6998520839882,51.0462451802031],[3.699853072135041,51.04624506725023],[3.699914067742825,51.046241622186805],[3.699914157574334,51.046241622186805],[3.700001473819973,51.04623676521178],[3.700012433266429,51.046236143970745],[3.700104330919999,51.046234788535784],[3.700110529295471,51.04623467558284],[3.700154906070485,51.04623552272972],[3.700189850535043,51.04623676521178],[3.700253002099527,51.04623970198746],[3.70030609253282,51.046244615438624],[3.700317141810818,51.04624625325556],[3.700369783086463,51.04625608015602],[3.700410027611195,51.04626607648365],[3.70044721786393,51.0462781624362],[3.700467070631717,51.046286125608795],[3.700505608357398,51.04630583586705],[3.700539564675148,51.04632503782977],[3.70054585288213,51.04632865231598],[3.700573520992898,51.04634480454779],[3.700574688802758,51.04634559521633],[3.700597685674019,51.04634062529952],[3.70066344235282,51.04632628030944],[3.700810137238734,51.04629442763836],[3.700824330620208,51.04626805315835],[3.700825947587716,51.04626500343161],[3.700823162810347,51.046253990527944],[3.700954137178756,51.04622541344258],[3.700955304988649,51.046218918647995],[3.700956652461562,51.04621400519411],[3.700972283147524,51.04612889505359],[3.701008125927346,51.045931678387106],[3.701032739766116,51.045914791812194],[3.701076936878111,51.045917954515666],[3.701246987961392,51.045929532267536],[3.701268906854337,51.045803419331236],[3.701305737780965,51.04578466896835],[3.701356312931485,51.0457580682899],[3.701356312931485,51.04575931078476],[3.701353258659521,51.0457737124275],[3.701399252402044,51.04577783524986],[3.701626166842827,51.045794383012705],[3.701638383930685,51.04579528664466],[3.7016403602243,51.04579539959863],[3.701642156854895,51.04579556902962],[3.701634521174966,51.04583583710942],[3.701629041451739,51.04586509215805],[3.701628861788686,51.045866165219316],[3.701627873641845,51.04587141757152],[3.701627604147283,51.04587282949406],[3.70162751431574,51.04587299892477],[3.701619878635845,51.04591360579833],[3.701610536156865,51.04596336187725],[3.701610446325355,51.04596336187725],[3.701610356493812,51.045963983121936],[3.701606853064198,51.04598250750518],[3.701596612269987,51.046035934495826],[3.701588707095463,51.0460768236098],[3.701588617263953,51.046077896666205],[3.701587988443252,51.04608145469502],[3.70158735962255,51.04608608577979],[3.701585203665849,51.04610280286239],[3.701600924183322,51.0460999790313],[3.701912370092342,51.046030908069106],[3.702054124244186,51.04600148369496],[3.702060861608818,51.04599995882284],[3.702064095543835,51.04599956348561],[3.702066610826642,51.04599865985769],[3.702082331344113,51.045978384700994],[3.702121857216601,51.04599114844971],[3.702107574003585,51.046010915310205],[3.702111167264708,51.04601752308738],[3.702124821657022,51.04604316351309],[3.702233248311819,51.04624732630804],[3.702235404268519,51.046251279658925],[3.702236212752274,51.04625280452277],[3.702276996266165,51.04632763574177],[3.702292087962935,51.04635536561936],[3.702248429840132,51.04636332877873],[3.701037590668676,51.04662752416864],[3.700994022377383,51.04663678622852],[3.700912904507216,51.046619617530716],[3.700873827792377,51.046609847183376],[3.700795404868069,51.04660561148303],[3.700734948249444,51.046609056519344]]],"type":"Polygon"},{"coordinates":[[[3.740201891268076,51.03489490441744],[3.740545227369657,51.034910665204116],[3.740868261545834,51.03489462196603],[3.740834035733487,51.035411505187845],[3.740821908477172,51.03545788317103],[3.740292980437891,51.03544460811358],[3.74019488440885,51.03543376210638],[3.740241866298213,51.03493975768149],[3.740143770269171,51.03491354620754],[3.740048548849074,51.03480841771148],[3.739706650051918,51.03473091283195],[3.740124905648225,51.03428169832407],[3.740272678512456,51.03429774177436],[3.740257766478738,51.03442942213686],[3.740147363530328,51.03483372539916],[3.740201891268076,51.03489490441744]]],"type":"Polygon"},{"coordinates":[[[3.758253357239405,51.084770256193366],[3.75848826668619,51.08431300600133],[3.758548453810219,51.08419687287442],[3.758825494243839,51.08433693232362],[3.758656970296558,51.08488136567095],[3.758253357239405,51.084770256193366]]],"type":"Polygon"},{"coordinates":[[[3.769448072478554,51.037453843638815],[3.769409534752873,51.03753027070973],[3.768899830660678,51.03740989660382],[3.768828055269458,51.03739289394795],[3.768756729035887,51.03737035553411],[3.768787092092514,51.03732115509881],[3.768879528735242,51.0373434675874],[3.768929115738921,51.03726269067897],[3.768710196304172,51.03721117414355],[3.7686615974473,51.037290764907155],[3.768755561226027,51.03731313389774],[3.76872394052803,51.03736244731608],[3.768343324342139,51.0372783941729],[3.768573293054887,51.036864848228305],[3.768924983488606,51.03688032590562],[3.768987416400879,51.036868689404166],[3.769080302201256,51.03680084741289],[3.769134650275919,51.036782375845995],[3.769656751119058,51.03694912807281],[3.769683790409125,51.03723303478563],[3.769688731143161,51.03728421237255],[3.7694574149575,51.037435259357885],[3.769448072478554,51.037453843638815]]],"type":"Polygon"},{"coordinates":[[[3.767578498709268,51.07102126284883],[3.767879075003309,51.07073084606826],[3.768481934390476,51.070954148228985],[3.768144617001316,51.07125980401524],[3.767578498709268,51.07102126284883]]],"type":"Polygon"},{"coordinates":[[[3.696337694933679,51.061696647743325],[3.696398780373006,51.061863197379566],[3.696372998724342,51.06186698002538],[3.696400217677461,51.06195200478817],[3.696374525860341,51.06198091091363],[3.696248402394425,51.06202923830187],[3.695879464307268,51.06178681045133],[3.696285772310246,51.061612751665734],[3.696291701191122,51.06162680963282],[3.69630814036084,51.06165475618122],[3.696313530252524,51.061668757677886],[3.696318381155083,51.061682363967],[3.69632431003596,51.061698680217106],[3.696337694933679,51.061696647743325]]],"type":"Polygon"},{"coordinates":[[[3.717892590513074,51.06501363905238],[3.717894746469741,51.065019227954465],[3.717908939851248,51.06505654373819],[3.717936787625036,51.06509137553942],[3.718082853690248,51.065176902460394],[3.718238621560512,51.0652650260731],[3.718613129202474,51.0654788140507],[3.718029673425445,51.06577095736672],[3.717430676793964,51.06588651576948],[3.717434629381226,51.06587686239171],[3.717738709104913,51.06511220686343],[3.71789627360574,51.06496700838818],[3.717892590513074,51.06501363905238]]],"type":"Polygon"},{"coordinates":[[[3.711194212765507,51.08784121486893],[3.711236972573046,51.08929584694762],[3.7105384426081,51.089010735893986],[3.710532244232628,51.089011638682585],[3.710490113245823,51.08899454212022],[3.710439807589899,51.08897406009158],[3.710427770165094,51.0889691511743],[3.710347191284118,51.08893642504563],[3.710242447721989,51.088920964763005],[3.710239752776129,51.0889027396787],[3.710235800188868,51.08887492243089],[3.710234812042061,51.08886798222247],[3.71023858496627,51.08884902359891],[3.710238135808621,51.088846540921466],[3.710235351031252,51.088829782845096],[3.710222954280308,51.08882842865683],[3.710232206927744,51.0888063102431],[3.710242627385042,51.08878176556236],[3.710202023534204,51.088774712490775],[3.710203101512554,51.0887707627702],[3.7102102880348,51.08875603595202],[3.710267331055355,51.088637713415],[3.710287812643844,51.08859528198794],[3.710295448323738,51.08857931376797],[3.710350335387593,51.088459410879935],[3.710392735869026,51.08837037220477],[3.710466667216913,51.088215033725504],[3.710486340321614,51.08817384326755],[3.71048669964772,51.0881729968879],[3.710512211801787,51.08811815145305],[3.710515176242242,51.08811860285606],[3.71052406956354,51.08809896682054],[3.710530447602066,51.08808576327476],[3.71053952058645,51.088064603738374],[3.710547425760941,51.08804807108053],[3.710556588576835,51.088031651267734],[3.71057015313764,51.088010999536195],[3.71058416685606,51.08799074277412],[3.710596204280866,51.08797736992079],[3.710602492487848,51.08797042957767],[3.71062198592953,51.087954856120966],[3.710647587915107,51.0879383234239],[3.710671123775561,51.08792613549329],[3.710672561080016,51.08792534553471],[3.710700947842995,51.087914116836316],[3.710724214208853,51.08790678150425],[3.710764997722744,51.08790040540696],[3.710808116856388,51.08789425501142],[3.710976640803704,51.08787027410347],[3.710990654522124,51.08786829920462],[3.711022185388612,51.08786384157547],[3.711159897121651,51.087845728926006],[3.711194212765507,51.08784121486893]]],"type":"Polygon"},{"coordinates":[[[3.703372042597493,51.057628642102785],[3.703373659565036,51.057627851626854],[3.703375276532544,51.05762717407605],[3.703377162994615,51.05762660945037],[3.703379139288264,51.057626327137534],[3.703381115581877,51.05762615774982],[3.703383091875491,51.05762627067494],[3.70338506816914,51.057626552987806],[3.703386954631211,51.057627061150896],[3.703553951442527,51.05767065023302],[3.703624559023887,51.05768933932168],[3.703625367507642,51.057689621634175],[3.703626086159853,51.05768990394661],[3.703626714980555,51.057690299184046],[3.703627253969713,51.057690750883964],[3.703627703127361,51.05769120258388],[3.703627972621958,51.05769176720879],[3.703628152285011,51.05769227537121],[3.703628152285011,51.05769283999609],[3.703627972621958,51.057693404620935],[3.703627703127361,51.05769391278335],[3.703627343801256,51.057694420945694],[3.703626804812097,51.05769487264561],[3.703626175991396,51.0576952114205],[3.703625457339151,51.05769555019542],[3.70362473868694,51.05769577604536],[3.703623840371642,51.05769594543281],[3.703623031887888,51.05769600189528],[3.7035703007807,51.05769848624455],[3.703401417507313,51.0577129970999],[3.703322275930761,51.057719772594986],[3.703320569131743,51.057719941982356],[3.70331886233269,51.057719998444796],[3.703318053848936,51.057719941982356],[3.703317245365181,51.057719829057426],[3.70331553856613,51.05771949028272],[3.703314011430165,51.057718982120605],[3.703312663957218,51.05771836103358],[3.703311496147358,51.0577178528715],[3.703310508000551,51.05771723178445],[3.703309519853744,51.05771655423493],[3.703308711369989,51.05771576376049],[3.703298111249639,51.057704753579515],[3.703297392597395,51.05770385017991],[3.703296943439746,51.05770283385536],[3.70329658411364,51.05770187399325],[3.703296494282097,51.057700857668664],[3.703296673945184,51.05769978488158],[3.703297123102799,51.057698712094464],[3.703297841755044,51.057697695769804],[3.703298740070308,51.05769679237006],[3.703370964619176,51.057629714891554],[3.703372042597493,51.057628642102785]]],"type":"Polygon"},{"coordinates":[[[3.700401134289864,51.07587414262021],[3.700358464313868,51.07590287073112],[3.700347235372816,51.07591088525],[3.70033061654008,51.075918899767544],[3.700312111245206,51.07592347142833],[3.70029549241247,51.0759279866484],[3.700277076949138,51.07593018781804],[3.700247612207809,51.07593120374244],[3.700220123760127,51.075928720371635],[3.700196228573568,51.075922794145306],[3.700174309680624,51.075914553867385],[3.700128585432664,51.07589688806115],[3.700124902339997,51.07589575925539],[3.700095617261753,51.07588514848013],[3.700086454445826,51.07588046393496],[3.700035250474638,51.07586048406219],[3.700024291028182,51.07585692832125],[3.700018811304954,51.075851114966376],[3.700006145059447,51.07584174586863],[3.699998958537168,51.07583011915438],[3.699991772014888,51.07581736362948],[3.699990065215869,51.07580573690911],[3.699990424541975,51.075783725148895],[3.699996083928256,51.07576984080244],[3.700080256070387,51.07567530296685],[3.700306451858925,51.075422787228],[3.700313907875768,51.07541358736614],[3.700323160523205,51.07540783039649],[3.700332413170642,51.075403258684744],[3.700347235372816,51.075401001049165],[3.700356398188711,51.075402242748744],[3.700488181040907,51.0753149286102],[3.700503093074625,51.075306857547055],[3.700510459259957,51.075301100564076],[3.700512345722029,51.075301157005114],[3.700534623941078,51.075288514216496],[3.700562202220304,51.07528636945735],[3.700564088682408,51.07528636945735],[3.700576844759425,51.075289925242174],[3.700628138562156,51.07530759128014],[3.700710334410674,51.07534512453325],[3.700916946926021,51.07543435760376],[3.700938865818932,51.075443783224834],[3.700946232004265,51.07544728255673],[3.700953508358087,51.075450781888335],[3.700957101619211,51.07545428121967],[3.700958898249772,51.07546127988159],[3.700962311847842,51.075478663650124],[3.700962222016333,51.07548216297939],[3.700958538923666,51.07548560586757],[3.700921348670899,51.07551202014877],[3.700664969488819,51.07569138852267],[3.700401134289864,51.07587414262021]]],"type":"Polygon"},{"coordinates":[[[3.747680455839881,51.04271487243386],[3.748142100064396,51.0424849952077],[3.748091524913909,51.04253057537737],[3.747902609209648,51.04269476528219],[3.747879253012281,51.0427149289146],[3.747832091459865,51.042755933921526],[3.747814125154182,51.04277146611163],[3.747665543806164,51.04290012892617],[3.747640750304341,51.04292113967669],[3.747621167031149,51.04293825326483],[3.747612363541361,51.042944296675635],[3.747602392241713,51.0429496058396],[3.747591163300661,51.04295429371792],[3.747579036044312,51.0429579649476],[3.747563225695297,51.04296163617698],[3.747546696694071,51.04296383891448],[3.747529808366738,51.042964573160305],[3.747513009870916,51.04296378243404],[3.747496660532776,51.0429615232161],[3.747480940015304,51.04295785198671],[3.747466207644639,51.04295276874552],[3.747452822746887,51.042946499413915],[3.747438449702361,51.04293751901859],[3.747426681772118,51.042927183089716],[3.747417698619276,51.04291577402892],[3.747411949401453,51.04290357423805],[3.747409434118679,51.04289092259967],[3.747410242602434,51.04287821447729],[3.747414464684259,51.042865732273675],[3.747421830869591,51.04285387135311],[3.747428298739626,51.04284658535753],[3.747436024251098,51.04283969472503],[3.747445007403939,51.042833312416924],[3.747455068535097,51.04282755139474],[3.747510853914249,51.04279942404067],[3.747515525153722,51.04279710833408],[3.747537983035825,51.042785755721944],[3.747576430929997,51.04276649581135],[3.747626646754378,51.04274158782132],[3.747655123348866,51.0427274676396],[3.747680455839881,51.04271487243386]]],"type":"Polygon"},{"coordinates":[[[3.692076087225829,51.0541217322421],[3.692103755336564,51.05409699975843],[3.692144179524349,51.05406097387962],[3.692183346070732,51.05402613377891],[3.692259163880724,51.0539591074499],[3.692259882532935,51.053958429845366],[3.692247306118971,51.05395283960789],[3.692234909368059,51.05394724936978],[3.692322764602823,51.053869494169255],[3.692332915565558,51.05387180932238],[3.692337227478926,51.0538733339353],[3.692350702208187,51.053878133642435],[3.692354744626959,51.05387960178803],[3.69236866851387,51.05388649077833],[3.692381155096291,51.05389439617581],[3.69239211454278,51.05390320504563],[3.692403612978394,51.05391528900539],[3.692409991016919,51.05392494487752],[3.692412506299725,51.05395792164202],[3.692412865625831,51.053991688921],[3.692409811353866,51.05402376216656],[3.692400738369515,51.05405538365452],[3.692386275493413,51.05408531111429],[3.692366332894116,51.054113939817164],[3.692352858164854,51.05412800006121],[3.69233767663654,51.05414194736733],[3.692316745890437,51.05416029907953],[3.692289347274264,51.05418390219405],[3.692273177599144,51.054199261152064],[3.692244790836164,51.0541965507481],[3.692076087225829,51.0541217322421]]],"type":"Polygon"},{"coordinates":[[[3.776587523030636,51.12071296647787],[3.776594529889829,51.120704001165954],[3.776576114426532,51.120675751964114],[3.776532546135239,51.12063718416372],[3.776534791923449,51.120626978351495],[3.77656605329534,51.120615701208294],[3.776569287230358,51.12061564482258],[3.77658276195962,51.120628387994195],[3.776584648421724,51.12062658365152],[3.776603153716565,51.120618858808676],[3.776605758830881,51.120617561937095],[3.776602974053513,51.12061496819387],[3.776614023331511,51.12061474265098],[3.77699284288684,51.1205385090892],[3.776995448001156,51.12054087729346],[3.777029853476522,51.12057262249593],[3.777038477303258,51.12057972710307],[3.777049077423607,51.12058841051037],[3.777049346918203,51.12058863605339],[3.777060036870063,51.120596360901295],[3.777061204679956,51.120597093916004],[3.777090759252796,51.12061355855076],[3.777103694992899,51.120619591822994],[3.777117439216723,51.12062489208022],[3.777136124174651,51.12063058703673],[3.777155617616299,51.12063487235008],[3.777199275739101,51.120637973563475],[3.777226225197625,51.12063757886361],[3.777252905161586,51.1206353798214],[3.777485568820159,51.120597319458994],[3.777499852033176,51.120595627886566],[3.777592109012851,51.12066030229358],[3.777677359133333,51.12075903349351],[3.777782462021568,51.120873496014],[3.777854776401946,51.120945049041666],[3.777934097641518,51.12103853580912],[3.777927090782325,51.12103791557184],[3.777751020986624,51.121048854300795],[3.777445953116129,51.12108291094553],[3.776946849144284,51.12113377032524],[3.776865551611065,51.12114707720468],[3.776879565329485,51.121183332793244],[3.777018175377822,51.12131155217369],[3.77651691544931,51.12136579439021],[3.776465711478088,51.12137600003922],[3.776396900527323,51.12131301818037],[3.77629125864993,51.12122116713293],[3.776182382837485,51.121125425331066],[3.776116177001036,51.12107236692081],[3.776071890057531,51.121025792750636],[3.776040808348727,51.120985082602125],[3.776044940599008,51.120917871309],[3.77607350702504,51.120817392498765],[3.776111775256158,51.120751026745],[3.776210949263517,51.12070338092418],[3.776246522548776,51.120700223329585],[3.776283353475439,51.12068725463519],[3.776294402753438,51.120688607890436],[3.776400044630831,51.120779839756],[3.776587523030636,51.12071296647787]]],"type":"Polygon"},{"coordinates":[[[3.715950792194919,51.061871327244816],[3.715950522700324,51.06189272459156],[3.715918183350116,51.061908024535285],[3.715903091653345,51.06191271049489],[3.715638807296741,51.06191835622873],[3.7155991017612,51.0619181303994],[3.715569098030712,51.06190729058976],[3.715466600256793,51.06181396649863],[3.715396352001572,51.06184806679329],[3.715186864877313,51.06170776989029],[3.715369312711505,51.061619583047865],[3.715402730040064,51.061655433673074],[3.715658570232985,51.06158074013444],[3.715688573963473,51.06159756453988],[3.715881262591944,51.06158316781748],[3.715950792194919,51.061871327244816]]],"type":"Polygon"},{"coordinates":[[[3.728141649252633,51.076460948843696],[3.727555498529745,51.076439276032936],[3.727556037518937,51.076434196466444],[3.727574812308374,51.0762405516878],[3.727576339444339,51.076225312921174],[3.727643713090648,51.0755711700229],[3.728228516340624,51.075597189170686],[3.728199051599293,51.07591263489833],[3.728192763392312,51.07607935914674],[3.728240823260025,51.076092283919515],[3.728225372237115,51.07628575999921],[3.728172461466909,51.076314544294334],[3.728141649252633,51.076460948843696]]],"type":"Polygon"},{"coordinates":[[[3.707138858246866,51.06184027566861],[3.707212969257805,51.061826274223776],[3.707283397176079,51.06181407941357],[3.707489470702269,51.06177828536871],[3.707540495010403,51.061769421539445],[3.707616402651905,51.06175621047869],[3.707775045131082,51.06172888502477],[3.707822027020445,51.06172075513456],[3.707826428765356,51.061723465098105],[3.707881315829211,51.06175660568142],[3.70788140566072,51.0617565492239],[3.707881854818369,51.061756831511545],[3.707858049463353,51.06177292190537],[3.70778151300115,51.06182446758543],[3.70760876697201,51.061940939157225],[3.707551184962297,51.06197972531118],[3.707428205599888,51.062062548037744],[3.70736873712807,51.06210054369028],[3.707317083999234,51.06213080469285],[3.707299117693551,51.06214079759418],[3.707291392182113,51.06214503187377],[3.707273605539484,51.06215931550739],[3.707258244348151,51.06216625972295],[3.707241895009977,51.062168066347915],[3.707224018535804,51.06216563869555],[3.707210184480437,51.06215897676513],[3.707200572506894,51.06214943552414],[3.707192757163913,51.06213063532162],[3.707221143926893,51.062098511234176],[3.707221413421488,51.062098172491474],[3.707240457705521,51.0620728796967],[3.707197428403386,51.06197436187117],[3.707188265587492,51.061953585592384],[3.707138858246866,51.06184027566861]]],"type":"Polygon"},{"coordinates":[[[3.712233383886174,51.057304037671756],[3.712231766918666,51.05730539278283],[3.712230329614209,51.05730680435682],[3.712229161804349,51.05730827239371],[3.712228173657542,51.05730979689355],[3.712227365173788,51.05731143431921],[3.712226736353086,51.05731301528187],[3.712226377026947,51.057314709170356],[3.712226287195437,51.05731634659588],[3.712197361443299,51.05731894389134],[3.712197181780213,51.057317532317725],[3.712196822454107,51.05731612074406],[3.712196283464949,51.057314765633336],[3.712195474981194,51.05731341052253],[3.712194576665897,51.0573121683376],[3.712193498687547,51.057310926152645],[3.712192241046177,51.05730974043061],[3.712190803741721,51.057308667634416],[3.712189276605722,51.057307651301194],[3.71218756980667,51.057306747893875],[3.712185683344599,51.0573059009495],[3.712183796882495,51.057305166931],[3.71218182058888,51.057304545838434],[3.712179664632179,51.057304037671756],[3.712177508675512,51.057303698894],[3.712175352718811,51.057303416579174],[3.712173106930601,51.05730324719032],[3.712170861142391,51.057303190727325],[3.712168615354181,51.05730330365327],[3.712098726425099,51.057309458115796],[3.712089743272257,51.0573098533565],[3.712080670287874,51.05730974043061],[3.712071776966575,51.05730911933809],[3.712062883645244,51.05730804654189],[3.712054259818508,51.057306465579096],[3.712045815654859,51.05730443291249],[3.712037730817282,51.057302005005084],[3.712030005305844,51.05729906893086],[3.712022639120511,51.0572957940786],[3.71201581192437,51.057292123985235],[3.712009523717389,51.05728805865075],[3.712003774499565,51.05728371100099],[3.711998654102443,51.057279024572814],[3.711994162526022,51.05727411229221],[3.711990389601812,51.05726897415908],[3.711987245498338,51.0572636101733],[3.711984909878585,51.05725813326088],[3.711966943572902,51.057259996540424],[3.711949067098763,51.05726208567195],[3.711934424559608,51.057263779562334],[3.711917446400766,51.05726569930465],[3.71191277516126,51.05724729236013],[3.711910709036135,51.05723955692423],[3.711926968542766,51.05724046033284],[3.711932538097537,51.05724079911109],[3.711943228049396,51.05724142020452],[3.711961014692026,51.057242380076175],[3.711964338458587,51.05724142020452],[3.71198077762827,51.05723656438296],[3.711987514992901,51.05723080515207],[3.711994971009776,51.057225441161904],[3.712003325341916,51.05722058533867],[3.712012218663214,51.057216181219474],[3.712021830636757,51.05721234173061],[3.712031981599491,51.05720912333529],[3.712042491888299,51.05720646957056],[3.712048510600718,51.05720517091966],[3.712054349650052,51.05720353349024],[3.712059919204822,51.05720161374534],[3.712065219264997,51.0571994116849],[3.712070159999067,51.05719692730886],[3.71207483123854,51.05719416061726],[3.712079053320365,51.05719116807306],[3.712082826244574,51.057187949676276],[3.712086150011101,51.05718456188992],[3.712089024620013,51.05718100471399],[3.712091360239766,51.05717727814846],[3.712093246701838,51.05717343865637],[3.712094594174784,51.0571694862377],[3.712146516798217,51.057163726998496],[3.712319622153463,51.05714447306606],[3.712320789963322,51.05714695744492],[3.712322317099288,51.057149385360454],[3.712324203561393,51.05715170034956],[3.712326359518094,51.0571539588754],[3.712328784969356,51.05715604801174],[3.712331569746725,51.057158024221664],[3.71233453418718,51.057159831042114],[3.712337768122198,51.057161468473076],[3.712341271551812,51.05716288005146],[3.712344864812934,51.057164178703545],[3.712348637737144,51.05716519503992],[3.712352590324372,51.057166041986875],[3.712356632743144,51.057166663081304],[3.712360675161949,51.0571670583232],[3.712364807412231,51.05716728417572],[3.712369029494089,51.0571672277126],[3.71238636697907,51.05716677600758],[3.712403704464051,51.05716728417572],[3.712420862285978,51.0571686392908],[3.712437840444854,51.057170841352715],[3.712454549109133,51.05717394682444],[3.712470718784254,51.05717789924274],[3.712473952719272,51.05717868972635],[3.712477276485799,51.05717931082061],[3.712480690083903,51.057179706062406],[3.712484103681973,51.05717998837795],[3.71249227835106,51.057180440082895],[3.712499285210287,51.05718083532469],[3.712488325763798,51.05714351319237],[3.712520126124881,51.05713973016069],[3.712515005727758,51.057122847672034],[3.712621006931258,51.057110595159685],[3.712627744295889,51.057128719842694],[3.712689099229812,51.05712115377652],[3.712683978832689,51.05709981068764],[3.712726558977142,51.05709472899838],[3.712717665655844,51.05706288373287],[3.712809832804009,51.057052663882374],[3.712799142852116,51.057012518481],[3.712810461624711,51.05701133275131],[3.712807676847308,51.057001169352795],[3.712798244536819,51.05699817679613],[3.712785218965206,51.05699721691941],[3.712762671251593,51.05699913667278],[3.7127424591577,51.05700060471947],[3.712738596401981,51.056985246690616],[3.712787644416469,51.0569814071826],[3.712780637557275,51.05695436122738],[3.712756832202226,51.05695645037274],[3.712757281359875,51.05695774903058],[3.712732757352615,51.05696034634619],[3.712728355607737,51.05694448013335],[3.71270967064981,51.05693990659771],[3.712703562105881,51.056912183057],[3.712703562105881,51.05690676256645],[3.712704280758125,51.05690139853875],[3.712705807894091,51.05689609097382],[3.712708053682301,51.05689083987179],[3.712711018122756,51.05688581462309],[3.712714701215423,51.05688090230073],[3.7127191029603,51.0568762722953],[3.712724133525879,51.05687186814336],[3.71272970308065,51.05686780277197],[3.712735901456122,51.05686401971771],[3.71274254898921,51.056860631907696],[3.712749735511489,51.056857639341956],[3.712757281359875,51.05685509848407],[3.712743447304508,51.05684521736886],[3.712731050553563,51.05683855467284],[3.712719372454896,51.05683319063724],[3.712715869025282,51.05683155319462],[3.712730781059,51.05683132734047],[3.712778032442926,51.05683014160614],[3.712785488459801,51.05682997221555],[3.712813605728185,51.0568295205072],[3.712813875222782,51.0568295205072],[3.712813695559729,51.056830367460336],[3.712813605728185,51.0568309320957],[3.712811898929133,51.056838836990515],[3.712811898929133,51.056838893454035],[3.712811449771518,51.05684555615],[3.712812617581378,51.056851541282875],[3.713309385933503,51.056841095531624],[3.713340557473851,51.05684030504224],[3.713365800133323,51.05684075675045],[3.713369483225989,51.05684086967752],[3.713384934248898,51.05684132138572],[3.713407481962511,51.056843184682045],[3.713419249892755,51.05684465273364],[3.713431646643666,51.05684702420152],[3.713442516258612,51.0568498473774],[3.713453385873524,51.05685346104228],[3.713468657233381,51.056860067272666],[3.713474675945767,51.056864358498714],[3.713538815657059,51.05681517876565],[3.713539174983164,51.056814896447875],[3.71354330723348,51.05681088753504],[3.713543486896532,51.05681071814434],[3.713545014032531,51.056809193628126],[3.713548517462112,51.05680586227761],[3.713556602299688,51.05679795737722],[3.713560375223865,51.05679857847658],[3.71356558545253,51.05680004652959],[3.713594511204668,51.056811395707086],[3.713611758858139,51.05681817133414],[3.713615352119262,51.05682003463139],[3.713615711445368,51.05682031694918],[3.713592534911053,51.05682556805921],[3.713573760121617,51.05682980282493],[3.713559207414004,51.05683319063724],[3.7135493259459,51.05683731247518],[3.713541600434428,51.05684188602099],[3.713530101998814,51.056850129695],[3.7135149204705,51.05686181764125],[3.713512854345342,51.056863455082755],[3.713490845620888,51.056880337665945],[3.713495696523415,51.05688615340389],[3.713499738942186,51.056892194994965],[3.713502883045694,51.05689846243907],[3.713505218665448,51.05690484280925],[3.713506655969903,51.0569113361054],[3.713507105127519,51.05691788586411],[3.713505667823063,51.05692782342723],[3.713502883045694,51.056937591597986],[3.713498840626922,51.05694719037652],[3.713493540566747,51.05695656329948],[3.713486982865169,51.05696559744034],[3.713467848749627,51.056987900468016],[3.713467669086541,51.0569881263214],[3.713453565536611,51.0570042748359],[3.713442067100964,51.05701884237212],[3.713427694056404,51.05703516026579],[3.713436228051597,51.05703668477461],[3.713422663490825,51.057065593969064],[3.713404248027494,51.05706203678398],[3.713387719026267,51.05708089550806],[3.713381879976934,51.057087445242736],[3.713380263009425,51.05709094596265],[3.713377388400513,51.0570924704696],[3.713353403382411,51.05711957280731],[3.713343521914306,51.05712939740078],[3.713335886234378,51.057135890665485],[3.71332546577708,51.057143569655565],[3.713333640446167,51.05714769146588],[3.713337862527992,51.05714983706565],[3.713382868123741,51.05717236585706],[3.713419070229702,51.05719128099924],[3.713426616078087,51.05719348306008],[3.713451948569068,51.05720065387285],[3.713447816318787,51.0572095750399],[3.713447546824191,51.05721030905991],[3.713447097666542,51.05721172063681],[3.713445660362087,51.05721460025351],[3.713444762046822,51.057215955367205],[3.713442965416228,51.05721832681602],[3.71344080945956,51.057220528875575],[3.713438294176754,51.05722261800892],[3.713435509399385,51.05722459421603],[3.713433353442718,51.05722589286635],[3.713430568665316,51.05722724797972],[3.713427694056404,51.05722849016693],[3.713425448268194,51.057229337112716],[3.713423561806122,51.057217762185395],[3.713417543093703,51.05721093015375],[3.713405505668897,51.05720477567808],[3.713404427690547,51.05720426751035],[3.713356816980482,51.05718027069355],[3.713340108316203,51.05717180122582],[3.713308038460557,51.05715565276975],[3.713301750253574,51.057159266410764],[3.713284233105541,51.05716937331146],[3.71326698545207,51.05717767339028],[3.713248839483335,51.05718444896369],[3.713230064693897,51.05719054697898],[3.713211379736004,51.05719534634223],[3.71319512022934,51.05719811303379],[3.713175447124639,51.05720161374534],[3.713129992371241,51.057208332852184],[3.713042496462582,51.05722165813686],[3.713018331781428,51.0572249894574],[3.713014738520305,51.05722538469881],[3.713011055427639,51.05722561055108],[3.713007372334972,51.05722561055108],[3.713003689242306,51.05722538469881],[3.71300000614964,51.0572249894574],[3.712996412888517,51.05722442482685],[3.712992999290413,51.057223634344005],[3.712989585692343,51.05722267447197],[3.712986441588868,51.057221488747665],[3.712983387316904,51.05722019009722],[3.712980512707992,51.0572187220575],[3.712977907593643,51.05721708462856],[3.71297548214238,51.05721527781034],[3.712973326185712,51.057213414528995],[3.712971439723608,51.057211381858345],[3.712969822756099,51.05720929272452],[3.712968565114696,51.05720714712752],[3.712967576967889,51.05720488860426],[3.712964522695924,51.05719687084577],[3.712954731059328,51.05719788718143],[3.712939190204909,51.05719816949687],[3.712924368002734,51.05719720962435],[3.712921852719929,51.05719692730886],[3.712915384849893,51.0572012749668],[3.712907839001508,51.05720669542288],[3.712902988098949,51.05720985735526],[3.712898945680176,51.05721347099205],[3.712896160902808,51.057216915239344],[3.712894004946107,51.05722064180171],[3.712892208315545,51.057228546629965],[3.712890321853441,51.05724271885437],[3.712892567641651,51.05725626998126],[3.712892837136248,51.05725734277861],[3.712897777870317,51.05727665312709],[3.712854748568215,51.05728043614761],[3.712856814693339,51.057259544836306],[3.712858790986987,51.0572468406559],[3.712859060481549,51.0572283772408],[3.712858251997795,51.05721877852059],[3.712854928231268,51.057210196133745],[3.712852412948462,51.05720663895977],[3.712849358676497,51.05720325117483],[3.712845406089235,51.05719991985268],[3.712841004344357,51.05719692730886],[3.712836243273341,51.05719500756369],[3.712836063610288,51.057194951100605],[3.712830763550113,51.0571932572077],[3.712824744837727,51.05719173270408],[3.712818456630711,51.05719065990515],[3.712796897063906,51.05718817552868],[3.712769318784681,51.05718444896369],[3.712753328772612,51.05718467481616],[3.712754945740122,51.057190772831376],[3.712755035571664,51.05719105514685],[3.712755125403208,51.05719133746238],[3.712755933886962,51.057193144281534],[3.712757371191418,51.05719675791958],[3.712757730517524,51.05719732255051],[3.712757910180577,51.05719783071835],[3.712759077990436,51.057199750463404],[3.712760694957945,51.05720257361778],[3.712761233947137,51.05720342056409],[3.712761683104752,51.05720415458416],[3.712762222093944,51.05720624371825],[3.712762401756997,51.057208332852184],[3.712762311925454,51.05721042198604],[3.712761862767838,51.057212511119836],[3.712761144115594,51.05721460025351],[3.712760155968787,51.05721657646096],[3.712758898327384,51.05721855266833],[3.712757371191418,51.05722041594947],[3.712755664392366,51.05722222276748],[3.712753598267209,51.057223860196245],[3.712751352478998,51.057225441161904],[3.712748927027735,51.05722685273833],[3.712746232081876,51.05722815138858],[3.712743447304508,51.05722922418659],[3.712743357472964,51.05722928064967],[3.712740482864053,51.057230184058504],[3.712740393032543,51.057230240521584],[3.712737338760578,51.057231031004264],[3.71273419465707,51.05723159563479],[3.712734104825561,51.05723165209786],[3.712730960722053,51.05723204733917],[3.71273087089051,51.05723204733917],[3.712715958856792,51.05723323306321],[3.712715869025282,51.05723323306321],[3.712700777328512,51.057233628304544],[3.712685685631741,51.05723317660017],[3.712670683766481,51.057231934413096],[3.712655951395816,51.057229901743256],[3.712652537797745,51.057229337112716],[3.712649214031185,51.057228546629965],[3.712645980096167,51.057227643221104],[3.712642835992693,51.057226513959975],[3.712639961383781,51.057225271772715],[3.712637176606379,51.057223860196245],[3.712634661323606,51.05722227923053],[3.712632325703853,51.05722058533867],[3.712630259578695,51.05721877852059],[3.712628462948134,51.05721685877628],[3.712626845980625,51.05721488256884],[3.712625588339221,51.0572127934352],[3.712624600192415,51.057210647838346],[3.71262388154017,51.05720844577832],[3.712623522214064,51.05720624371825],[3.712612922093714,51.057210647838346],[3.712601872815715,51.05721454379045],[3.712590284548559,51.057217762185395],[3.712578336955262,51.05722041594947],[3.712566030035894,51.05722239215668],[3.712553543453439,51.05722369080706],[3.712540877207932,51.05722436836376],[3.712528210962425,51.05722431190071],[3.71251563454846,51.057223577880926],[3.712503147966006,51.05722222276748],[3.712490481720498,51.057221996915246],[3.7124779053065,51.05722244861973],[3.712465418724079,51.057223577880926],[3.712453111804678,51.05722538469881],[3.712441164211381,51.05722781261024],[3.712429575944224,51.05723091807818],[3.712418436834716,51.0572346446394],[3.712407746882822,51.057238935830775],[3.712397775583174,51.057243791652084],[3.712388522935737,51.05724921210318],[3.712379988940545,51.05725508425781],[3.712372353260616,51.05726135165279],[3.712365076906827,51.057267336731876],[3.71235690223774,51.05727292656922],[3.712348008916442,51.05727795177596],[3.712338396942899,51.05728252527824],[3.712328245980165,51.057286477687235],[3.712317466196762,51.05728986546612],[3.712306327087254,51.05729263215204],[3.712294828651606,51.057294721282084],[3.712283060721396,51.05729613285641],[3.7122711131281,51.057296923338],[3.712259165534837,51.05729697980095],[3.712256470588978,51.05729697980095],[3.712253865474662,51.05729709272693],[3.712251260360346,51.0572973185788],[3.712248655245997,51.057297713819594],[3.712246139963224,51.057298278449295],[3.712243714511928,51.05729889954194],[3.712242007712909,51.05729946417163],[3.712239582261646,51.057300480505035],[3.712236797484244,51.05730183561622],[3.712235180516735,51.05730279548658],[3.712233383886174,51.057304037671756]]],"type":"Polygon"},{"coordinates":[[[3.784465478577768,51.098901984350604],[3.78506681082897,51.09901407529785],[3.78508235168339,51.09901520353954],[3.785095826412651,51.099017742083184],[3.785109301141913,51.09902050627502],[3.785122596208122,51.099023270466695],[3.78513598110584,51.0990259782461],[3.785149545666645,51.09902851678918],[3.785163110227417,51.099030998920036],[3.785158888145593,51.0990394607288],[3.785154576232225,51.099047866123996],[3.785150264318857,51.0990562715176],[3.785146042237032,51.09906473332174],[3.785141820155174,51.09907313871233],[3.785137508241806,51.09908160051338],[3.785133196328472,51.0990900059009],[3.785128974246614,51.0990984112869],[3.785124662333246,51.09910681667133],[3.785120260588369,51.09911516564232],[3.785116128338053,51.099123627435674],[3.785111906256229,51.09913203281552],[3.785108223163563,51.099140607429675],[3.785104540070897,51.09914912563028],[3.785099150179178,51.099156515591154],[3.785096006075704,51.099166951793414],[3.785090436520933,51.09917490587029],[3.785086214439108,51.09918336765272],[3.785082711009495,51.09919019348943],[3.785078399096127,51.09919859885721],[3.785074177014303,51.09920700422345],[3.785069865100935,51.09921546600001],[3.785065553187567,51.09922387136315],[3.785061331105742,51.099232276724806],[3.785057019192374,51.09924073849674],[3.785052797110517,51.09924920026712],[3.785048485197183,51.099257605624175],[3.785044263115324,51.099266010979655],[3.784351751862798,51.09912808397956],[3.784442212211911,51.09894818593651],[3.784465478577768,51.098901984350604]]],"type":"Polygon"},{"coordinates":[[[3.706324984599473,51.09310831193088],[3.706333967752315,51.093096633136376],[3.706040218654415,51.09300692635578],[3.706020096392031,51.09294582409046],[3.706093668413812,51.092850305798386],[3.706118461915636,51.09281814661256],[3.706119899220092,51.09281634118392],[3.706133823107002,51.09282062907681],[3.70613813502037,51.0928210240143],[3.706147477499317,51.092821983148184],[3.706160143744824,51.09282006488039],[3.706173887968682,51.09281216612991],[3.706199310291207,51.09277662173599],[3.706205957824328,51.09277165680259],[3.706213234178117,51.092769456434205],[3.706243327740149,51.09276550705479],[3.706285907884601,51.092762516810204],[3.706293902890635,51.092758849528764],[3.706295609689687,51.092754956568186],[3.706284470580145,51.0926523289818],[3.706280967150532,51.09264279402677],[3.70627234332383,51.09263393610824],[3.706039949159818,51.09250529862879],[3.706004735200665,51.09248583371584],[3.705984612938315,51.092470374619765],[3.705931612336566,51.09242986499306],[3.705872143864748,51.09241350315601],[3.705885798257062,51.0923930790617],[3.7059030459105,51.09239855181713],[3.705980660351053,51.0924229817382],[3.706030606680872,51.09243866653053],[3.706255275333411,51.09250941729046],[3.706264977138497,51.09251252039151],[3.70633324910007,51.09253395999291],[3.706343400062805,51.092537175932264],[3.706352832373261,51.09254016619147],[3.706372505477995,51.09254637238921],[3.706347891639225,51.0926123272935],[3.706346184840173,51.09262299065244],[3.706344298378069,51.0926689164136],[3.706346544166279,51.092692499894845],[3.706350586585051,51.0927062663233],[3.706360468053189,51.09272285373579],[3.70637555974996,51.092737748550086],[3.706390651446731,51.09274784768281],[3.706422002650165,51.09276415298181],[3.706444011374619,51.09277932988124],[3.706466469256722,51.092799979483615],[3.706482998257949,51.092821813889266],[3.706493867872894,51.09284460741798],[3.706502761194193,51.09287005265581],[3.706505545971561,51.09287828991385],[3.706507252770613,51.0928830855771],[3.706508510412016,51.0928868092682],[3.706593221543306,51.09313025902943],[3.706602833516849,51.093148538867034],[3.706615320099304,51.0931660852476],[3.706630501627584,51.09318278533354],[3.706648378101757,51.09319835702988],[3.706665086766036,51.093210543571146],[3.70672608237382,51.09324952919786],[3.706714853432768,51.09327023500936],[3.706713416128312,51.09327068636213],[3.706713775454417,51.093270912038484],[3.706704432975471,51.0932851860664],[3.70669652780098,51.093297203327644],[3.70665870872751,51.09336975818117],[3.706644515346038,51.09338177542042],[3.706643976356845,51.09338233960999],[3.706642718715442,51.0933994909693],[3.706640472927232,51.09342002745695],[3.70664703062881,51.09342047880821],[3.706691407403857,51.09342324333469],[3.706782227079077,51.09342707982011],[3.706914459088889,51.09343272170987],[3.706918232013098,51.093432890966554],[3.706928832133447,51.093433342317695],[3.706929281291097,51.09344039467883],[3.706925149040782,51.093464485536316],[3.706922723589519,51.093478477410336],[3.706905745430643,51.09357675892218],[3.706905386104538,51.09358076465099],[3.706905206441485,51.093583698424005],[3.706903589473976,51.09360271152532],[3.706905116609942,51.093640342774044],[3.706915537067239,51.09366691594623],[3.706926316850642,51.093685082734545],[3.706930359269447,51.09369196580155],[3.706930988090149,51.093692755661635],[3.706951829004709,51.093717692665884],[3.706988210773723,51.09376130418168],[3.707022795912175,51.09380277175561],[3.707049655539155,51.093834986675134],[3.70711388508199,51.093907315011606],[3.707115951207148,51.09392503035915],[3.707116220701709,51.09392723067254],[3.707115681712551,51.09392847187492],[3.707114963060307,51.09392971307726],[3.70711388508199,51.09393084144301],[3.707112447777534,51.09393202622702],[3.707110561315429,51.09393304175614],[3.707108585021815,51.09393388803037],[3.70710553074985,51.09393535490569],[3.707101937488694,51.093936257598195],[3.707085767813573,51.09393467788633],[3.706995127801407,51.09392785127374],[3.706955422265866,51.09392378915668],[3.706935838992675,51.09392170167969],[3.706929999943308,51.093920404058856],[3.706920837127414,51.093918373000044],[3.706916165887941,51.0939173574706],[3.706904218294678,51.093913577444155],[3.706899636886714,51.09391211056815],[3.706890204576224,51.09390601739036],[3.706879245129769,51.0938971597138],[3.706861817813245,51.093882208854566],[3.706809535863706,51.09383594578798],[3.706787437307742,51.09382043072479],[3.706770638811919,51.09380999331571],[3.706628884660075,51.09374561983795],[3.706577411194291,51.093722431823515],[3.706596904635973,51.09370217756302],[3.706608582734673,51.093692868498806],[3.706615769256919,51.09368542124608],[3.706612086164286,51.09367532231812],[3.706599869076394,51.09366285380626],[3.706580734960852,51.093654842362454],[3.706571572144957,51.09364400998555],[3.706569595851343,51.093631202953354],[3.706560792361555,51.09362099117621],[3.706554414323029,51.093607112182674],[3.706545970159346,51.0935914277866],[3.706534022566084,51.093581554512966],[3.706530069978822,51.093569255232],[3.706526386886155,51.09356338768397],[3.70652602756005,51.09355114481692],[3.706532136103979,51.09354042525326],[3.706532585261629,51.09352919791811],[3.706545071844083,51.09351802699905],[3.706555582132889,51.09350696891487],[3.706565553432538,51.093497716230175],[3.706580645129342,51.09348835070598],[3.706590077439798,51.09347966220594],[3.706589897776746,51.09347153789268],[3.706584418053518,51.09346561391342],[3.706519919016121,51.09337049162779],[3.706526566549208,51.09336524466328],[3.706530339473418,51.093363100742124],[3.706538244647908,51.09335260681082],[3.706559444888609,51.09334177436312],[3.706563397475871,51.09333974327889],[3.70658342990671,51.09333325509258],[3.706593311374816,51.09333060339878],[3.706601486043902,51.0933161037087],[3.706617116729865,51.09325838699844],[3.706614781110112,51.093253365697706],[3.706610379365234,51.09325133460955],[3.706545880327837,51.09324400012399],[3.706530878462577,51.09323875314513],[3.70641445680178,51.09313595737464],[3.706404754996694,51.09313285431542],[3.706401431230134,51.09313116173762],[3.706324984599473,51.09310831193088]]],"type":"Polygon"},{"coordinates":[[[3.795986731422707,51.070834368993616],[3.795972268546638,51.070823982843635],[3.795987450074951,51.07082279746767],[3.796004248570774,51.070809701883576],[3.796006763853547,51.070806653772955],[3.796008470652599,51.07080343632263],[3.796009458799406,51.07080004953258],[3.796009548630949,51.07079660629577],[3.796009009641757,51.07079378397033],[3.796007931663441,51.07079096164471],[3.796006314695898,51.070788308658486],[3.796004158739231,51.070785825011626],[3.795887647246892,51.07071504102109],[3.795802756452515,51.07066694848729],[3.795744096464485,51.07064064433378],[3.79571544020691,51.07062800027188],[3.795692443335648,51.07061789630916],[3.795610157655622,51.070596785229185],[3.795558594358294,51.07058318156022],[3.795532273720473,51.070576238607316],[3.795519876969561,51.07057369850232],[3.795507839544755,51.0705704810358],[3.795496341109108,51.070566586207626],[3.795485471494195,51.07056212691119],[3.795474242553143,51.07055659512511],[3.7954640017589,51.070550385976745],[3.795454659279919,51.070543668806145],[3.795446394779322,51.07053633071955],[3.795407138401397,51.07050669612716],[3.795375338040348,51.07048665748725],[3.795344346163052,51.07047711796268],[3.795337698629931,51.07047474719295],[3.795330691770737,51.070472827998344],[3.795323415416915,51.070471303931946],[3.795315959400072,51.07047017499387],[3.795308503383197,51.07046949763098],[3.795300957534812,51.07046927184336],[3.795293411686426,51.07046944118409],[3.79528748280555,51.07046989275932],[3.795285865838041,51.07047006210005],[3.795263497787481,51.07047198129481],[3.795223253262749,51.07048050477638],[3.795174654405876,51.07048710906236],[3.795166659399842,51.07048795576561],[3.795158664393808,51.0704883508938],[3.795150579556264,51.070488294446925],[3.795142584550231,51.07048778642495],[3.79513467937574,51.07048682682791],[3.795126953864302,51.07048541565576],[3.795118419869075,51.070483270674046],[3.795110335031532,51.070480617670135],[3.795102699351604,51.07047745664408],[3.795095602660867,51.070473844042574],[3.795089134790832,51.07046977986554],[3.795083385573009,51.07046532055977],[3.795078983828131,51.07046215953262],[3.795074043094061,51.07045933718678],[3.795068563370834,51.07045690996924],[3.795062724321467,51.07045487788002],[3.795056615777538,51.070453297366114],[3.795050327570555,51.070452168427565],[3.79504394953203,51.07045143461754],[3.795037391830452,51.07045120882983],[3.794981426788247,51.07043912918557],[3.794880276487274,51.07039792289872],[3.794838235331981,51.0703884962499],[3.794815777449877,51.07038962518996],[3.794798439964896,51.070393915162015],[3.794777778713355,51.07042761400775],[3.794825838581035,51.0704392985264],[3.794816945259738,51.07045623260618],[3.794767627750654,51.07044409651627],[3.79476645994076,51.07044776556707],[3.794750739423288,51.070444265857084],[3.794718669567643,51.070436476179175],[3.794724508617009,51.07043489566465],[3.794744361384797,51.0704109057054],[3.794777509218759,51.0703852787705],[3.79482538942342,51.07036670770084],[3.794828892853033,51.070364732054735],[3.794864825464398,51.07034491914158],[3.7948734492911,51.07033966956488],[3.794881174802538,51.07033391196397],[3.794888001998713,51.0703277027857],[3.794893751216537,51.07032109847697],[3.794898063129904,51.070314832849874],[3.794901566559517,51.070308284986446],[3.79490399201078,51.0703015677807],[3.794905519146746,51.070294737679774],[3.794908124261062,51.07028717376521],[3.794909741228604,51.070279496955095],[3.794910370049272,51.07027176369655],[3.794910010723167,51.07026403043674],[3.794908483587201,51.07025584559833],[3.794905788641342,51.070247773652746],[3.794902105548676,51.070239927494576],[3.79489725464615,51.070232250676604],[3.794895547847098,51.07022931542237],[3.794893302058887,51.07022654950953],[3.794890337618466,51.07022400938536],[3.794886924020362,51.07022175149706],[3.794883061264643,51.07021977584476],[3.794878749351275,51.07021819532283],[3.79487380861724,51.0702168970369],[3.794868688220117,51.07021610677589],[3.794863388159942,51.07021582453983],[3.794858088099767,51.070215993881476],[3.794852877871102,51.07021667124805],[3.794847847305523,51.07021780019233],[3.794827275885492,51.07022180794429],[3.794844523538962,51.07019668892982],[3.794868508557031,51.07020182562829],[3.794871832323591,51.070203462598],[3.794875784910854,51.070204422200874],[3.794880006992679,51.07020464798983],[3.79488404941145,51.07020408351753],[3.794886654525799,51.0702032932563],[3.79488890031401,51.07020216431165],[3.794890786776081,51.07020080957809],[3.794892224080538,51.07019928550273],[3.794901566559517,51.070191778019804],[3.794919353202113,51.0701815046201],[3.794951962046951,51.07018218198717],[3.794990589604175,51.070188899210194],[3.795057424261292,51.07020555114547],[3.795116263912409,51.07022022742243],[3.795228373659871,51.07024737852255],[3.795237805970361,51.070249636409564],[3.795259994357868,51.070256071386986],[3.795284698028181,51.070269223574876],[3.795342280037895,51.07030196291048],[3.795381626247329,51.0703170907336],[3.795390968726276,51.07031940506434],[3.795400490868309,51.07032132426531],[3.795410192673362,51.070322791889566],[3.795420074141501,51.070323807937086],[3.795430584430307,51.07032437240788],[3.795441184550657,51.07032437240788],[3.795451694839497,51.07032392083123],[3.795462205128338,51.070322904783716],[3.795528321133244,51.07031900993471],[3.795553833287311,51.070323525701646],[3.795619679797621,51.07033289591668],[3.795790988522306,51.07037466673162],[3.795848840026615,51.07039583435993],[3.795855397728193,51.07039955986149],[3.795861416440579,51.07040362404473],[3.795866716500754,51.07040808335644],[3.795871297908718,51.070412824902576],[3.795875250495947,51.07041779223614],[3.795878304767911,51.07042304180398],[3.795880730219208,51.07042846071209],[3.795882167523664,51.07043404896038],[3.795882796344332,51.07043969365496],[3.795882526849769,51.07044533834886],[3.795881448871419,51.07045098304207],[3.795879472577804,51.07045645839386],[3.795871208077175,51.07047587613095],[3.795863662228789,51.07048598012463],[3.795837880580125,51.07050923623581],[3.795835455128862,51.07051437289958],[3.795834377150546,51.07051973535017],[3.795834736476651,51.07052504135326],[3.795836622938756,51.070530290908934],[3.795838599232371,51.070533734165544],[3.795841204346686,51.07053700808142],[3.795844438281704,51.07054005620981],[3.79584812137437,51.070542878550725],[3.795852343456228,51.07054541865742],[3.795857014695702,51.07054762008309],[3.795995714575548,51.0706326853488],[3.796128305911499,51.07071673441927],[3.79616459784897,51.07069675231696],[3.796191547307493,51.070714307215226],[3.795986731422707,51.070834368993616]]],"type":"Polygon"},{"coordinates":[[[3.764288239318094,51.02386318567623],[3.764321656646686,51.02385742229524],[3.764322195635844,51.023857309287784],[3.764331088957175,51.023841092711955],[3.764322105804335,51.0238212033847],[3.764320758331388,51.02381820868411],[3.764333963566054,51.02381747413491],[3.76433423306065,51.02381747413491],[3.764348336610614,51.023816739585655],[3.764348067116017,51.02381504447195],[3.764345911159351,51.023801596567964],[3.764350672230367,51.023800353484205],[3.764396216815274,51.02378990027852],[3.764510033361755,51.023763795505964],[3.764578484986414,51.02375012157159],[3.764684576021457,51.0237828938042],[3.764702542327139,51.02378515395731],[3.764720239138226,51.023788487682985],[3.764737307128644,51.02379272546948],[3.764753746298327,51.0237979238204],[3.764765873554676,51.02380267014026],[3.76476937698429,51.02380402623159],[3.764784109354955,51.02381097619889],[3.764797853578778,51.023818717218205],[3.764809531677479,51.023826627747525],[3.764813124938602,51.023829396432475],[3.764821748765337,51.02383634639599],[3.764833965853196,51.02385403207083],[3.764843398163686,51.02387233927981],[3.764843757489792,51.023873186835644],[3.764845104962738,51.02387697258465],[3.764849057549967,51.02388810381515],[3.764850135528317,51.023891098511186],[3.764851662664316,51.02389867000604],[3.764853279631825,51.0239068630401],[3.764853998284036,51.02391019675701],[3.764854447441685,51.02391991538795],[3.764854537273228,51.02392093245386],[3.764854447441685,51.023934267315965],[3.764853189800282,51.02394754567063],[3.764848698223861,51.02396602235355],[3.764841511701581,51.023984160007586],[3.764825970847196,51.02402749823627],[3.764823186069794,51.024035295722946],[3.764809711340531,51.02407292705313],[3.764793631496954,51.0241178472947],[3.764789139920534,51.02413022154226],[3.764783121208114,51.02414236977299],[3.764775665191272,51.02415417898024],[3.764774677044465,51.024155309047785],[3.764764795576326,51.024167118251725],[3.764759046358503,51.02417401166125],[3.764757968380185,51.024175141728314],[3.764752129330818,51.02418062255305],[3.764747907248994,51.02418463429035],[3.764739912242959,51.024190906160634],[3.764736049487241,51.02419390083714],[3.764735779992645,51.024194070347136],[3.764722484926436,51.02420271535555],[3.764717184866261,51.02420531450805],[3.76471152547998,51.024207631143916],[3.764711345816927,51.02420768764721],[3.764685025179105,51.02420480597824],[3.764669843650792,51.02420226332898],[3.764669124998581,51.02420322388538],[3.764667597862582,51.02420514499814],[3.76466571140051,51.024206953104176],[3.764663645275353,51.024208648203505],[3.764661309655599,51.02421023029619],[3.764656818079179,51.02421260343509],[3.764653134986513,51.024214129024294],[3.764650080714548,51.02421508958046],[3.76464693661104,51.02421588062669],[3.764643612844512,51.02421650216301],[3.764640289077952,51.02421695418939],[3.764636965311392,51.02421723670592],[3.764633551713322,51.0242173497125],[3.764630138115251,51.02421723670592],[3.764626724517147,51.02421695418939],[3.764623400750621,51.02421644565972],[3.764620166815603,51.02421576762006],[3.764617022712095,51.02421492007054],[3.764613968440131,51.02421395951438],[3.764611542988867,51.02421294245489],[3.764611093831218,51.02421277294496],[3.764608398885359,51.02421141686565],[3.764605883602587,51.02420994777961],[3.764603547982833,51.02420836568697],[3.764601481857675,51.024206670587596],[3.764599685227114,51.02420480597824],[3.764598158091115,51.02420288486547],[3.76459663095515,51.024200455222754],[3.764594385166939,51.024200455222754],[3.764583964709642,51.024200398719444],[3.764573634083888,51.02420090724935],[3.764563393289644,51.0242019243091],[3.764553332158452,51.02420350640196],[3.764543450690314,51.02420554052134],[3.764533928548313,51.024208139673696],[3.764524675900876,51.02421113434909],[3.764515602916526,51.02421480706392],[3.764507068921333,51.02421887530159],[3.7644990739153,51.02422345206847],[3.764491797561476,51.02422836785467],[3.764485150028389,51.02423373566655],[3.764479221147512,51.02423938599419],[3.76447410075039,51.02424531883749],[3.764469788837022,51.02425153419629],[3.764466285407409,51.02425797556727],[3.764463680293094,51.02426452994386],[3.764461973494041,51.02427119732597],[3.764461165010287,51.02427797771361],[3.764460626021128,51.024286396693476],[3.764460536189585,51.024286961725636],[3.764460446358076,51.024288882834924],[3.764459997200427,51.02429566321992],[3.764459817537374,51.02429831887044],[3.764459727705831,51.024300013966474],[3.764459368379725,51.02430605980839],[3.764458290401375,51.02431120159852],[3.764453708993445,51.024333972376674],[3.764444276682955,51.02436143290318],[3.764443558030744,51.02436301499063],[3.764439156285833,51.024371942483086],[3.764435563024709,51.02437923138388],[3.764426490040325,51.02438064396142],[3.764419303518045,51.02438177402343],[3.764416518740676,51.024382226048225],[3.764412296658852,51.02438279107921],[3.764410140702152,51.02438313009781],[3.764405020305029,51.02438380813497],[3.764391455744258,51.0243857292402],[3.76434258739279,51.024392679120346],[3.764342946718895,51.024393752678954],[3.764343575539597,51.02439595629921],[3.764344294191841,51.024398385931676],[3.764344473854894,51.02439912047172],[3.764345102675596,51.02440109807942],[3.764333424576896,51.0244024541532],[3.764324171929458,51.02440358421468],[3.764300905563601,51.02440663538051],[3.764273956105078,51.0244102515768],[3.764272339137569,51.02441047758905],[3.764266410256692,51.02439143605243],[3.764266410256692,51.024391210040086],[3.764265871267534,51.0243895149474],[3.764265242446832,51.02438759384233],[3.764264254300025,51.02438420365665],[3.764263984805429,51.024383525619506],[3.76424008961887,51.024379909421135],[3.764229848824626,51.02437832733425],[3.764204426502102,51.02437448512305],[3.764191850088137,51.024372564017305],[3.764174243108561,51.024369908371035],[3.764091598102428,51.024357308174935],[3.764000598764123,51.02434346490619],[3.763948676140723,51.02433555446507],[3.763919211399394,51.024331090715556],[3.763914091002272,51.02433035617444],[3.763906904479992,51.02432922611116],[3.763905377344026,51.02432900009851],[3.763869085406522,51.02432346278815],[3.763825247620667,51.02431679541356],[3.7637361347445,51.02430323464871],[3.763660137271455,51.02429170799547],[3.763622228366476,51.024284023558344],[3.763609472289425,51.024281480913466],[3.763617107969353,51.02426950222894],[3.763631121687774,51.02424735295502],[3.763644776080088,51.0242259382133],[3.763690590159592,51.024153896463375],[3.763750777283621,51.02407287054966],[3.763785092927477,51.02402088732268],[3.763817611940772,51.02397144669942],[3.763823450990106,51.02396257563345],[3.763823810316211,51.02396201059732],[3.763832434142946,51.02394924077944],[3.763841237632735,51.023936188439876],[3.763846627524419,51.02392822142557],[3.763847076682068,51.02392754338176],[3.763885434744696,51.02394675461981],[3.76392846404683,51.023934606337846],[3.763981015490931,51.02394121726378],[3.76403446525033,51.02394302538013],[3.764087825178219,51.023939974183776],[3.764139927464704,51.02393212017744],[3.764190412783681,51.02391974587696],[3.764227333541853,51.02390584597388],[3.764261200028061,51.02388646520775],[3.764288239318094,51.02386318567623]]],"type":"Polygon"},{"coordinates":[[[3.811061270373987,51.148164877015745],[3.811074565440196,51.14814160359594],[3.811088219832511,51.14811771029075],[3.811090735115317,51.148113371175064],[3.811093879218825,51.14810914476327],[3.811097652143001,51.148105200111885],[3.811101964056368,51.14810142451669],[3.811106814958895,51.148097987034234],[3.811112204850613,51.14809483131239],[3.811119121878296,51.14809133747728],[3.811126667726681,51.148088350811555],[3.811134572901172,51.148085871315345],[3.811142927233312,51.1480838989887],[3.811151551060048,51.14808249018391],[3.811160264718326,51.14808170125321],[3.811169068208081,51.14808147584445],[3.81117787169787,51.14808181395762],[3.811186585356149,51.14808277194491],[3.81119511935134,51.14808423710186],[3.811213444983129,51.148088350811555],[3.811252521698001,51.14809719810379],[3.811366967065184,51.14812295104034],[3.811475214056927,51.14814735151182],[3.811587144141336,51.1481725408996],[3.811936498955302,51.148251771859535],[3.811975485838665,51.14818200804847],[3.811979707920489,51.14817547120777],[3.811984828317612,51.14816915977451],[3.811990577535436,51.14816318645294],[3.81199713523698,51.148157607595294],[3.81200423192775,51.14815225414544],[3.812012047270697,51.148147295159724],[3.81202049143438,51.14814273063829],[3.812029474587222,51.14813861693345],[3.812038906897712,51.14813495404526],[3.812048788365817,51.14813174197384],[3.812059118991604,51.14812909342354],[3.812069629280411,51.148126952042325],[3.812080498895357,51.14812526147817],[3.812091548173356,51.14812407808321],[3.812102687282864,51.14812351456178],[3.812113826392406,51.14812345820965],[3.812124965501914,51.14812396537891],[3.812136104611456,51.148125036069615],[3.812146974226402,51.14812661392949],[3.812157664178261,51.148128755310715],[3.812213539388956,51.148141490891675],[3.812244621097761,51.14814853490618],[3.812279655393862,51.14815648055329],[3.812337596729681,51.14816966694327],[3.812303191254282,51.14839789232724],[3.812044835778588,51.14837005452604],[3.811903979942041,51.14838650926078],[3.81180193132577,51.14845165192012],[3.811672843419433,51.148617551149506],[3.810782073983699,51.14848585741465],[3.810938919832314,51.14819784297767],[3.811030817485884,51.14821829876787],[3.811061270373987,51.148164877015745]]],"type":"Polygon"},{"coordinates":[[[3.704559974729231,51.074090424998715],[3.70451245385071,51.074104987158776],[3.70449969777366,51.07408805441412],[3.704481372141871,51.074063897021],[3.704521526835061,51.0740521569749],[3.704559974729231,51.074090424998715]]],"type":"Polygon"},{"coordinates":[[[3.733744262016661,51.07502482098094],[3.733734200885469,51.075027868813734],[3.733717402389646,51.07501375847503],[3.733706083617085,51.07501330694412],[3.733705903953999,51.07501330694412],[3.733683625734982,51.074984916929324],[3.733683895229544,51.0749848604879],[3.733709676878208,51.074974588152244],[3.733704376818034,51.0749679280652],[3.733736446673679,51.074957712167205],[3.733737255157433,51.074939199373866],[3.733704915807192,51.07493180554273],[3.73367976297923,51.07489844862587],[3.733663593304142,51.07488941798432],[3.733631433616953,51.07488541063657],[3.733618587708394,51.074884394689214],[3.733598016288395,51.074882757885064],[3.733597028141588,51.07488264500199],[3.733582026276327,51.07486757511285],[3.733581666950221,51.07486644628198],[3.733578522846714,51.07485651256933],[3.733579780488117,51.0748529567512],[3.733581756781764,51.07484951381595],[3.733584361896081,51.07484629664669],[3.733587595831098,51.07484324880194],[3.733591368755274,51.07484048316485],[3.733595680668641,51.07483811261863],[3.733600262076605,51.0748360807218],[3.733605202810675,51.074834443915954],[3.73361050287085,51.074833202201134],[3.733615892762534,51.074832299135814],[3.733621462317305,51.07483190404471],[3.733627031872076,51.07483190404471],[3.733633320079058,51.074832299135814],[3.733640416769795,51.07483275066847],[3.733630355638603,51.07482106725907],[3.733571066829871,51.074773769175366],[3.733463089332724,51.07467815691108],[3.73340442934466,51.07461674822153],[3.733374784940278,51.07459106717372],[3.733325557262704,51.07456295910942],[3.733278305878778,51.07456132229391],[3.733255398839026,51.07453902773202],[3.73337532392947,51.07449003610002],[3.733477821703389,51.0744481561154],[3.733487613339985,51.07444437449766],[3.733489679465142,51.07444623708553],[3.733492104916405,51.074445108244426],[3.733500189753949,51.074441439510586],[3.733498662617984,51.07443997201693],[3.733617599561586,51.07439137537492],[3.733690812257229,51.07446300037306],[3.733711114182665,51.074517184695104],[3.733714168454629,51.07451678960132],[3.733714348117682,51.07451729757906],[3.733778308165921,51.07469271888615],[3.733787650644867,51.07470214465828],[3.733777320019113,51.0747066035558],[3.73377947597578,51.074715859999934],[3.73378288957385,51.07472494711704],[3.733787650644867,51.07473375202387],[3.733793759188797,51.0747423311622],[3.733798160933707,51.07474741091447],[3.733802922004691,51.074752377782744],[3.733808222064866,51.074757175325495],[3.733813971282689,51.074761747101064],[3.73382187645718,51.074768520101046],[3.733837596974652,51.07478296916442],[3.733843795350125,51.07479104031894],[3.733849454736405,51.07479928079693],[3.733854664965071,51.07480763415667],[3.733859426036053,51.074816100398124],[3.733864276938613,51.074825808353076],[3.733866163400685,51.074830154355524],[3.733868858346543,51.074830436563445],[3.733876853352578,51.07483179116152],[3.733884578864016,51.07483359729222],[3.733892034880891,51.07483585495549],[3.733899221403171,51.07483850770969],[3.733905868936259,51.074841555554784],[3.733912157143241,51.07484499849065],[3.733917906361065,51.07484872363404],[3.73392311658973,51.074852787426515],[3.733932998057835,51.074861084335055],[3.733941801547624,51.074869889215975],[3.733949437227552,51.07487908918592],[3.733955815266043,51.07488868424461],[3.733960935663166,51.07489856150885],[3.733964708587375,51.07490872097847],[3.733967223870148,51.07491899332879],[3.733966774712533,51.074923508646876],[3.733965786565725,51.07492802396457],[3.733964079766674,51.074932426398824],[3.733961833978463,51.07493671594982],[3.733958959369551,51.07494089261745],[3.733955545771482,51.07494489996039],[3.733951503352676,51.07494868153722],[3.733947011776255,51.074952237348],[3.733942071042219,51.07495556739272],[3.733936681150501,51.07495855878866],[3.733930842101168,51.07496126797724],[3.733924733557238,51.07496363851715],[3.733918265687171,51.07496561396697],[3.733911528322539,51.07496730720958],[3.733890507744892,51.07497204828864],[3.733868948178087,51.07497566053903],[3.733846939453632,51.07497820040237],[3.733824751066092,51.07497966787896],[3.733805886445146,51.074980966031234],[3.733829961294757,51.074995358586904],[3.733841190235808,51.07501195235135],[3.733840112257458,51.075012290999574],[3.733839752931353,51.07501189591001],[3.733834632534231,51.07501353270958],[3.733795735482411,51.07502572404251],[3.733790794748375,51.07502724795892],[3.733790165927674,51.075027473724305],[3.733777409850623,51.07501421000592],[3.733744262016661,51.07502482098094]]],"type":"Polygon"},{"coordinates":[[[3.659298089644273,51.05228257065785],[3.659232063470911,51.052294316226124],[3.65918750703281,51.05230222189536],[3.659135584409377,51.05218397553012],[3.659120043554958,51.05214885167103],[3.659103155227627,51.05211011375052],[3.659154269367305,51.052089728330365],[3.659166666118216,51.052084815499256],[3.65921706160565,51.052064881822744],[3.659353425865776,51.05219809282933],[3.659380734650405,51.05219301060211],[3.659401845059596,51.052214412421854],[3.65941828422928,51.052231070823524],[3.659429603001874,51.05224259052829],[3.659430321654119,51.05224693865141],[3.659427896202822,51.05225128677409],[3.659424662267805,51.05225456198311],[3.659420709680576,51.05225766778461],[3.659415858778016,51.05226077358584],[3.659410289223278,51.05226325822672],[3.659396904325527,51.052266815780406],[3.659389178814088,51.05226805810069],[3.659298089644273,51.05228257065785]]],"type":"Polygon"},{"coordinates":[[[3.75542204712692,51.06554740438617],[3.755419262349518,51.06554966250246],[3.755414231783939,51.06555367065865],[3.755408931723764,51.065557961078966],[3.75540542829415,51.06556095308238],[3.755403811326642,51.06556236440468],[3.755403002842888,51.06556366282118],[3.755402553685239,51.06556513059626],[3.755402553685239,51.06556625965401],[3.755402733348292,51.06556727580595],[3.75540327233745,51.06556834841074],[3.755403631663589,51.06556896939245],[3.755404080821238,51.06556964682703],[3.755404979136502,51.06557094524332],[3.755405877451799,51.0655721307538],[3.755406236777905,51.065572695282555],[3.755407224924713,51.065573993698756],[3.75540812324001,51.0655753485678],[3.755408572397659,51.06557613890804],[3.755410009702081,51.065578848645906],[3.755410638522783,51.065580147061894],[3.755411267343484,51.06558178419512],[3.755411716501133,51.06558274389382],[3.755412255490291,51.065584776196935],[3.75541261481643,51.06558630042426],[3.755413333468641,51.065589010161524],[3.755413602963237,51.06559013921869],[3.755413872457834,51.06559188925724],[3.755414052120887,51.06559392155998],[3.755414052120887,51.06559510706987],[3.755414052120887,51.06559589740978],[3.755413962289343,51.06559821197655],[3.755413962289343,51.065598889410694],[3.755413872457834,51.065600074920454],[3.755413602963237,51.065601881411474],[3.755413243637132,51.06560357499674],[3.755412974142536,51.065604929864875],[3.75541261481643,51.065606228280174],[3.755412165658782,51.06560769605391],[3.75541153683808,51.0656096154503],[3.755410997848922,51.065610970318254],[3.75541045885973,51.06561226873339],[3.755409380881413,51.06561430103522],[3.755408482566115,51.06561593816719],[3.755407224924713,51.06561802692167],[3.755406326609449,51.06561938178942],[3.75540551812566,51.06562051084585],[3.755403362168993,51.06562327703392],[3.755402284190643,51.0656245754487],[3.755400757054677,51.06562615612751],[3.755399409581731,51.06562756744781],[3.75539752311966,51.06562937393774],[3.755395546826012,51.06563112397476],[3.755393390869345,51.06563281755898],[3.755392223059485,51.065633720803824],[3.755389887439732,51.06563541438794],[3.755387731483065,51.06563688216076],[3.755386384010118,51.06563772895273],[3.755384317884961,51.06563897091429],[3.755383239906643,51.06563959189505],[3.755382790748995,51.06563987415907],[3.755382251759803,51.065640156423036],[3.755381712770645,51.065640438687],[3.755381173781486,51.065640720950995],[3.755380544960785,51.065641059667776],[3.755380005971593,51.06564134193173],[3.755378748330223,51.065641962912466],[3.755377939846469,51.0656424145348],[3.755377221194224,51.0656426967988],[3.755376861868118,51.06564292260997],[3.755376502542012,51.06564309196835],[3.755375604226715,51.0656434871379],[3.755375065237557,51.06564371294906],[3.755374526248365,51.065643995213],[3.755374077090716,51.06564416457138],[3.755373627933101,51.06564433392976],[3.755372909280856,51.06564467264648],[3.755372280460155,51.065644954910454],[3.755371741470997,51.06564518072161],[3.755370932987242,51.06564546298554],[3.75537030416654,51.06564574524952],[3.755369765177382,51.06564597106066],[3.755368866862085,51.065646309777414],[3.755368148209874,51.06564653558856],[3.755367699052224,51.06564676139971],[3.755367249894575,51.06564687430526],[3.755366710905417,51.06564710011641],[3.755366261747769,51.06564726947478],[3.755365543095524,51.065647495285916],[3.75536464478026,51.06564777754987],[3.755364015959559,51.06564800336102],[3.755363387138857,51.06564822917217],[3.755362398992049,51.06564851143608],[3.755361680339805,51.06564873724725],[3.755360602361455,51.06564907596393],[3.755359075225489,51.06564952758625],[3.755357907415629,51.06564980985016],[3.755357009100332,51.06565009211406],[3.755356200616577,51.06565026147242],[3.755355481964366,51.06565043083078],[3.755354314154472,51.065650713094676],[3.755353505670718,51.06565088245303],[3.755352697186964,51.065651051811386],[3.755351529377104,51.06565133407529],[3.755349912409595,51.06565167279199],[3.755348564936649,51.06565201150869],[3.755348025947491,51.06565212441423],[3.755346768306087,51.06565240667817],[3.755345510664684,51.06565263248929],[3.755344522517877,51.0656528583004],[3.755344073360228,51.065652971205985],[3.755343085213421,51.06565342282821],[3.755342905550368,51.065653479280975],[3.755342007235104,51.06565387445044],[3.755341647908964,51.065654043808784],[3.755341108919806,51.06565426961989],[3.755340480099105,51.06565455188377],[3.755339042794649,51.065655116411556],[3.755337874984789,51.06565562448658],[3.755337335995597,51.06565590675044],[3.755336976669491,51.06565607610878],[3.755336437680333,51.06565641482546],[3.755335898691141,51.065656640636554],[3.755335359701983,51.065656979353186],[3.755334641049772,51.06565737452261],[3.75533401222907,51.065657713239275],[3.755333652902931,51.065657882597606],[3.755333113913772,51.065658221314266],[3.755332485093071,51.06565861648368],[3.755331496946263,51.06565918101138],[3.755331047788615,51.06565951972804],[3.755330508799457,51.065659858444675],[3.755329790147211,51.06566025361408],[3.755329430821106,51.06566047942516],[3.755328981663458,51.065660761688996],[3.755328442674299,51.06566104395288],[3.755328173179703,51.06566126976396],[3.755327454527492,51.06566177783887],[3.755327005369843,51.0656621165555],[3.755326466380684,51.06566251172488],[3.75532574772844,51.06566307625257],[3.755325298570791,51.065663471421956],[3.755324849413176,51.065663810138524],[3.755324490087037,51.065664092402386],[3.755324040929422,51.06566454402451],[3.75532350194023,51.065664995646635],[3.755323142614124,51.06566533436323],[3.755322693456475,51.06566572953259],[3.755322244298827,51.06566623760745],[3.755321974804264,51.065666463418545],[3.755321525646615,51.06566702794615],[3.755320806994371,51.06566793119037],[3.755319908679107,51.06566911669837],[3.755319190026862,51.06567001994251],[3.755318471374651,51.06567092318668],[3.755317842553949,51.06567171352529],[3.755317123901705,51.06567261676939],[3.755316495081036,51.06567340710798],[3.755316135754897,51.06567391518275],[3.755315596765739,51.06567459261583],[3.75531505777658,51.065675326501605],[3.75531397979823,51.06567662491493],[3.755312272999178,51.065678770119455],[3.755309847547915,51.06568187502053],[3.755307961085811,51.06568424603577],[3.755305086476899,51.065687746105645],[3.75529888810146,51.065696947901046],[3.755225136416625,51.065681366945796],[3.755191898751119,51.06567431035204],[3.754820625044176,51.06559409091853],[3.754747142853937,51.06557692924823],[3.75472881722215,51.0655728646412],[3.754686237077697,51.065564340255825],[3.754429498569478,51.065512685834],[3.754373982684922,51.06549659674001],[3.754353860422573,51.06548897558827],[3.754299871673982,51.06546853960486],[3.754196655247851,51.0654294176556],[3.754158836174382,51.06541575601473],[3.754153446282664,51.06541378015724],[3.754017710843239,51.065361335223514],[3.753975400193349,51.06534784292201],[3.753974052720435,51.065348859078746],[3.753950606691526,51.0653377378066],[3.753917279194477,51.06532108411995],[3.7539128774496,51.06531854372657],[3.753912158797355,51.06531814855425],[3.753918357172828,51.065315156535135],[3.753922758917705,51.065313067766986],[3.753922309760056,51.06531289840739],[3.753922669086196,51.06531250323503],[3.753932909880406,51.0652999706239],[3.754035317822816,51.06522325064661],[3.754100266017862,51.065174983046106],[3.754165214212907,51.06512761864999],[3.75419728406852,51.06510368239322],[3.754216777510201,51.065088157691775],[3.754220819928973,51.065084996297415],[3.754231330217813,51.06507760089184],[3.754254057594478,51.065062584263124],[3.754276874802721,51.06504847088586],[3.754289181722089,51.065041357742096],[3.754303105608999,51.065033623608365],[3.754317388822016,51.06502605883392],[3.754331941529628,51.06501860696539],[3.754340026367172,51.06501476812355],[3.754369401276958,51.06500150153532],[3.75438889471864,51.06499297704474],[3.754392128653657,51.06499122698354],[3.754397967703024,51.06498806558256],[3.754410274622392,51.06498507354212],[3.754435427450354,51.06497564579078],[3.754450339484072,51.06497033915148],[3.754465431180843,51.064965314779656],[3.754481061866805,51.06496034686089],[3.754496602721191,51.06495566120978],[3.75451250290175,51.064951370733645],[3.754524270831959,51.06494843514446],[3.754570623900622,51.064938047673614],[3.754575025645499,51.06492969253229],[3.754582032504726,51.06491862761311],[3.754589398690058,51.064908465950325],[3.754597483527602,51.06489869946121],[3.754605927691284,51.064889441053424],[3.754615449833284,51.06488018264379],[3.754624702480721,51.0648718839458],[3.754635302601071,51.064863359431286],[3.754639973840545,51.06485980284535],[3.754648956993385,51.0648536493864],[3.754665935152261,51.06484247154153],[3.754689471012714,51.064827962920646],[3.754698094839416,51.064822430449205],[3.754842184611014,51.06472911223474],[3.754945311205635,51.064727757340975],[3.754995706693069,51.06469422370697],[3.755125872577723,51.06454524149396],[3.755475856212424,51.06432439240512],[3.755481964756354,51.06432117450417],[3.75548906144709,51.06431790014859],[3.755494990327966,51.064315754881],[3.755506039605966,51.06431208534413],[3.755509004046421,51.0643112949823],[3.755519244840632,51.06430903680558],[3.75552804833042,51.064307625445075],[3.755533887379787,51.06430694799204],[3.755548260424312,51.064306157630114],[3.755555896104241,51.064306157630114],[3.755563711447222,51.06430655281107],[3.755573413252275,51.064307681899486],[3.755587067644589,51.064309770713045],[3.755594254166869,51.06431106916463],[3.755610783168095,51.06431694042362],[3.75561716120662,51.06431965023524],[3.755617700195779,51.06431914214556],[3.755620215478585,51.06431682751483],[3.755622551098305,51.06431439997514],[3.755624527391953,51.06431197243528],[3.755627312169322,51.064308133534844],[3.755629647789075,51.06430429463409],[3.755631713914233,51.0643002299153],[3.755632971555602,51.06429689910381],[3.755634229197005,51.06429362474648],[3.755635217343813,51.06429018102562],[3.75563611565911,51.06428594694224],[3.755636654648268,51.06428165640404],[3.755636834311321,51.064277365865436],[3.755636474985215,51.06427330114428],[3.755635666501461,51.06426923642277],[3.755634408860058,51.064265284609824],[3.755632791892549,51.06426150215997],[3.755630815598936,51.06425788907328],[3.755628569810724,51.0642542759863],[3.75562551553876,51.06425015480863],[3.755622461266795,51.06424676753903],[3.755621742614551,51.06424597717608],[3.755618059521884,51.064242025361196],[3.755612220472551,51.064236323456186],[3.755606022097078,51.06423073445957],[3.755603416982762,51.064228306915375],[3.755599733890097,51.06422497609868],[3.755598027091078,51.064223451826535],[3.755633690207847,51.06420143455701],[3.755635576669951,51.064202845920754],[3.755639798751776,51.06420024901143],[3.755643571675952,51.06420267655711],[3.755670431302966,51.06421955646424],[3.755689924744614,51.064231863549836],[3.755700255370401,51.06423835581844],[3.75570645374584,51.06424179954315],[3.755710406333102,51.06424371899618],[3.755717413192329,51.06424688044804],[3.755720287801241,51.06424812244691],[3.755727564155031,51.064250888717034],[3.755736457476362,51.064253824350416],[3.755738793096083,51.064254501804236],[3.755746698270573,51.06425670352914],[3.755758106874677,51.06425918752637],[3.75577104261478,51.06426127634207],[3.755780025767621,51.06426229252266],[3.755799519209304,51.064263308703225],[3.75580059718762,51.064263308703225],[3.755849914696737,51.06429441510862],[3.755823414395862,51.064311407891154],[3.755822785575161,51.064311803072066],[3.755818024504144,51.06431479515599],[3.75582062961846,51.06431710978686],[3.755850813012001,51.0643436433518],[3.755855124925369,51.06436458792098],[3.755873001399542,51.064382766218706],[3.75590309496154,51.064392419908],[3.755939386899043,51.06438688738455],[3.755984841652408,51.064372886709975],[3.756009275828125,51.064353014777446],[3.756045747428682,51.06433511874001],[3.7560686544684,51.064316206516274],[3.756068923962996,51.064294358654195],[3.756069103626049,51.06427629323073],[3.756095064937765,51.06426026016146],[3.756125248331307,51.06425851007258],[3.756161450437267,51.064259639162195],[3.756196125407229,51.06426551042771],[3.756207983168982,51.06427984986151],[3.756230351219542,51.06430186709373],[3.756248048030661,51.06433619137339],[3.756277692435044,51.064377233694046],[3.756349377994687,51.0644384866084],[3.756391329318472,51.064463439385314],[3.75643193316931,51.06447128652279],[3.756553744721824,51.064512836811225],[3.756607553807362,51.064550209457266],[3.756649415299604,51.064584702915],[3.756649145805008,51.064605590921104],[3.756627676069712,51.06463020488376],[3.75658356878926,51.064651883225324],[3.756550241292245,51.06466029487078],[3.756508828957619,51.064654705925314],[3.756457265660325,51.06465273003538],[3.756412709222225,51.064662214306445],[3.756387197068157,51.06467519872202],[3.756372374865983,51.064697385128056],[3.756373812170438,51.06471053889557],[3.756386388584403,51.0647357737953],[3.756389532687911,51.064752314784755],[3.756392856454438,51.06477630767705],[3.75637174604528,51.06480188126387],[3.756337969390583,51.06482169654991],[3.756305989366481,51.064839761760524],[3.756263229558942,51.064856133351554],[3.75626134309687,51.06487549698453],[3.756243825948803,51.06488797325688],[3.756184806634634,51.0648962154983],[3.75611922961892,51.06495199172363],[3.755998316381669,51.06503797053038],[3.755988165418968,51.06505501949347],[3.755994273962898,51.06506992321763],[3.756004065599494,51.0650825123445],[3.756013857236089,51.065097416059814],[3.756009814817317,51.065128013823944],[3.755587337139185,51.06541152203431],[3.755596410123536,51.06542264328872],[3.755605932265569,51.06544132924827],[3.755605842434026,51.06544262766812],[3.755605752602516,51.065444772883495],[3.755605572939464,51.06544708745782],[3.755604944118762,51.065451264981974],[3.755604584792623,51.06545329729088],[3.755604225466517,51.06545555541177],[3.755603327151253,51.06545882968692],[3.755602518667499,51.065461426525644],[3.755602249172902,51.06546216041479],[3.755601530520658,51.06546407981723],[3.755600452542341,51.065466902467676],[3.755599464395534,51.06546899122888],[3.755598566080236,51.065470910631035],[3.755597488101886,51.06547288648605],[3.755596230460483,51.06547531396499],[3.755594793156027,51.0654776849908],[3.755593715177711,51.06547926567462],[3.755590840568798,51.06548344319587],[3.755589133769746,51.06548564486233],[3.755586259160834,51.06548908849425],[3.755584642193326,51.06549095144256],[3.755582306573606,51.065493548279484],[3.755580330279958,51.0654958063984],[3.755579431964694,51.06549676609893],[3.755575120051327,51.06550026618299],[3.755571886116309,51.06550291947233],[3.755568742012801,51.06550540340269],[3.755564789425538,51.065508508315396],[3.755563441952626,51.0655095244686],[3.755557962229398,51.06551279873988],[3.755552752000733,51.065515903652134],[3.755548619750451,51.06551816176997],[3.755544936657785,51.065520081170035],[3.755540624744417,51.06552216992889],[3.755538289124664,51.06552324253473],[3.755532989064489,51.06552555710517],[3.755528677151121,51.06552725069321],[3.75552580254221,51.06552832329891],[3.755521760123437,51.0655297346222],[3.755518436356877,51.06553103303961],[3.755515831242561,51.065531992739416],[3.755511968486842,51.06553340406259],[3.755508734551824,51.06553458957399],[3.755504242975404,51.06553600089709],[3.755499931062036,51.06553718640846],[3.755496786958529,51.06553797674936],[3.755494451338808,51.06553854127858],[3.755492385213651,51.065539049354875],[3.755489690267792,51.065539726789886],[3.755484839365265,51.06554040422488],[3.755477742674529,51.0655414203774],[3.755474149413372,51.0655418155478],[3.75546902901625,51.065542323624065],[3.755462650977758,51.065542718794475],[3.755460045863409,51.065542831700284],[3.755457261086041,51.06554288815323],[3.755454206814075,51.065542944606136],[3.755450344058357,51.06554288815323],[3.755449625406112,51.06554288815323],[3.755444954166638,51.065542718794475],[3.755442079557727,51.06554254943572],[3.755439025285762,51.06554238007697],[3.755434443877832,51.06554198490656],[3.755429503143763,51.0655414203774],[3.75542204712692,51.06554740438617]]],"type":"Polygon"},{"coordinates":[[[3.677726937866476,51.07101240078938],[3.677717685219039,51.07101985169298],[3.677701695206971,51.071038535392944],[3.677698910429602,51.0710438977828],[3.677692981548725,51.07105631594632],[3.677682561091428,51.07108352300208],[3.677663696470449,51.071115584408254],[3.677656330285116,51.07113127642642],[3.677650670898835,51.071141944737896],[3.677644382691853,51.071150072973545],[3.677637645327222,51.07115927368303],[3.677629470658136,51.07116514407338],[3.677620128179188,51.07117598171519],[3.677612223004697,51.07118461795918],[3.677607282270629,51.07119235106517],[3.677599826253753,51.07120397894476],[3.677593897372876,51.071214308563476],[3.677589765122595,51.07121938870298],[3.677586890513683,51.07122587999154],[3.677581410790422,51.071232992184946],[3.677571080164668,51.07124083817478],[3.677560030886669,51.07125128067716],[3.677556886783194,51.07125494966396],[3.677553024027442,51.0712634165554],[3.677555718973302,51.07127064163483],[3.67755607829944,51.07127459284971],[3.677560210549722,51.071281761481536],[3.677558503750703,51.07128644649227],[3.677556886783194,51.071292091082896],[3.677548352787969,51.071304339842186],[3.677543681548495,51.0713105488894],[3.677543232390847,51.07131116979407],[3.677541884917934,51.071312919616325],[3.67753164412369,51.071326579516644],[3.677522930465444,51.0713366833246],[3.677521942318637,51.07133786868741],[3.677517810068322,51.071342610138295],[3.67751718124762,51.07134238435492],[3.677484931728922,51.071330812956006],[3.677235469574526,51.07124004793127],[3.676975317468237,51.07114544439507],[3.676703936420896,51.07105010686495],[3.676704924567737,51.07104745389359],[3.676720645085209,51.071028205735004],[3.676722711210333,51.07102566565481],[3.67674597757619,51.070997103854744],[3.676752355614716,51.0709989665814],[3.676755948875873,51.07099456377288],[3.676758823484784,51.070995466913104],[3.67676708798538,51.070985080799275],[3.676769962594292,51.070981355344806],[3.676771759224854,51.070979097493485],[3.676774903328362,51.07097729121235],[3.676884318129965,51.07082832922189],[3.676972353027815,51.07070849321428],[3.677032360488792,51.07072672546718],[3.677032540151844,51.070726781913805],[3.677076827095349,51.07074021620079],[3.677096769694646,51.07074631243058],[3.677101979923311,51.07074789293447],[3.677125066626116,51.07075489230821],[3.677125425952222,51.07075500520134],[3.67712587510987,51.07075511809443],[3.677137463377028,51.07075861778086],[3.677189655495022,51.07078119639673],[3.677199357300108,51.070785091206886],[3.677331679141463,51.070838602478005],[3.677401657902088,51.070763359291135],[3.677446214340188,51.07078018035926],[3.677462653509871,51.07078644592339],[3.677802306518785,51.070915030916176],[3.677786675832856,51.07093591606567],[3.677773829924296,51.07094353632058],[3.67776628407591,51.07095290641004],[3.677762421320192,51.070955841618435],[3.677759367048227,51.07096199426611],[3.677754965303317,51.07096978385561],[3.677750922884544,51.07097830724549],[3.677748407601738,51.070983387410905],[3.677743736362264,51.070991685013254],[3.677738705796686,51.070997837656165],[3.677732956578862,51.07100427252956],[3.677726937866476,51.07101240078938]]],"type":"Polygon"},{"coordinates":[[[3.7739963325936,51.04254689837637],[3.773993547816198,51.042555426999925],[3.773996781751216,51.04256468987401],[3.774007292040056,51.042574065708074],[3.774017263339704,51.04258186007474],[3.774018610812617,51.04258225544113],[3.773869580306983,51.04265167043059],[3.773862483616246,51.0426550027993],[3.773837779945933,51.042664209172685],[3.773820801787058,51.04266895356071],[3.773802655818323,51.04267143871613],[3.773784150523482,51.04267149519692],[3.773765914723203,51.04266917948393],[3.773745253471662,51.04266443509592],[3.773726838008364,51.042656753704804],[3.773710758164753,51.04264534457741],[3.773701056359701,51.04263444377486],[3.773656050763952,51.04257525180744],[3.773632604735041,51.04254441321428],[3.773629999620725,51.04254000769928],[3.773627933495568,51.04253554570292],[3.773626406359602,51.04253102722515],[3.773632604735041,51.04253080130127],[3.773642755697743,51.04252927631489],[3.773659733856618,51.04252537912732],[3.773679586624405,51.0425237976598],[3.773698002087736,51.04252809021435],[3.773719381991488,51.04252357173587],[3.773720998958998,51.04252295044504],[3.773720819295945,51.0425223291542],[3.773720280306787,51.04252006991469],[3.773719471823032,51.04251430885355],[3.773719112496893,51.0425089996397],[3.773719202328436,51.04250651447553],[3.773719292159979,51.0425045376403],[3.773719920980647,51.04250052748865],[3.773721178622051,51.04249391920975],[3.773722076937348,51.04249047386739],[3.773723334578751,51.042487254448886],[3.773725131209313,51.042483470219814],[3.773726299019172,51.04248087209223],[3.77372827531282,51.04247725730577],[3.773730251606435,51.042473981405315],[3.773757021401905,51.04245025936053],[3.773765375734045,51.04244054461489],[3.773772292761729,51.04243218541353],[3.77378235389292,51.04242845766106],[3.773796726937446,51.042423543805114],[3.773814333917023,51.04241891235419],[3.773817388188987,51.042417217920814],[3.773833827358704,51.042418347543055],[3.773850805517546,51.04241456330837],[3.773869041317825,51.04240948000757],[3.773876048177052,51.042403436526996],[3.773887816107261,51.042396658790864],[3.773902638309469,51.04239055882744],[3.773919616468311,51.0423815218432],[3.773933720018274,51.042369491355124],[3.773950428682554,51.04235599235307],[3.773963364422657,51.04234543036966],[3.773969832292692,51.04233458597774],[3.773970640776446,51.04232424991435],[3.773968574651323,51.042320409190744],[3.773993188490092,51.0423047638869],[3.774000195349319,51.042303916668146],[3.774007202208512,51.042300301867876],[3.77402319222058,51.0422907000533],[3.774036217792193,51.04228138064315],[3.774050231510647,51.04227347326338],[3.77405723836984,51.04227019734852],[3.774065143544366,51.04226460570017],[3.774082481029346,51.04225918349506],[3.774093260812748,51.042249412228045],[3.774107544025765,51.04224105299216],[3.774118772966816,51.04223122523999],[3.774122456059483,51.04222811876613],[3.774127306962009,51.04222405210918],[3.774130451065516,51.04221603175687],[3.774135840957201,51.042207446589536],[3.774120659428921,51.042200781787464],[3.774101884639484,51.04219061513835],[3.774111137286888,51.042184741073434],[3.77411508987415,51.042188694771085],[3.774124971342289,51.04219473827966],[3.774133864663586,51.042197562348825],[3.774147878382007,51.04219089754533],[3.774167820981337,51.0421814651523],[3.774188392401335,51.04217818923092],[3.77421381472386,51.04217751145403],[3.774233487828595,51.04217728552841],[3.774249028683013,51.042183780889665],[3.774268881450801,51.04219490772378],[3.774288824050098,51.04220524381608],[3.774291788490519,51.042213264170194],[3.774294842762484,51.042220380821334],[3.774294752930974,51.042229643762425],[3.774295381751676,51.042240770585536],[3.774295381751676,51.042245571498235],[3.774312719236657,51.042268785316175],[3.774328260091075,51.042264040887154],[3.774331763520689,51.042269350129125],[3.774335087287216,51.0422744334453],[3.77433364998276,51.042281945455954],[3.774337961896128,51.042289457465394],[3.774346675554407,51.042298889836445],[3.774350358647073,51.042305215736896],[3.77434910100567,51.042312671261335],[3.77434308229325,51.04232125640922],[3.774348023027319,51.04232989803672],[3.774359251968371,51.042331874879345],[3.774365450343843,51.042338200775326],[3.774371558887773,51.04234797202362],[3.774374702991247,51.0423548062481],[3.774378835241562,51.042365029342335],[3.774375331811949,51.04237276726298],[3.77436086893588,51.042373670961666],[3.774346585722864,51.04237903667219],[3.77434191448339,51.04238468478786],[3.77434191448339,51.04239552916806],[3.774342094146443,51.04240134672513],[3.77433014655318,51.04240722076259],[3.774320265085041,51.04241292535594],[3.774306610692727,51.042419138278625],[3.774291878322062,51.042424673427234],[3.774279212076555,51.04242857062327],[3.774262323749222,51.042432128932404],[3.77425154396582,51.04243608260895],[3.774248759188418,51.04244263441502],[3.774251813460382,51.04245105009555],[3.774258999982662,51.04245805374802],[3.774268162798556,51.04246404074043],[3.774270857744415,51.042464944437306],[3.774258640656556,51.04247059254251],[3.774255496553049,51.04247206104974],[3.774222528382139,51.04248736741092],[3.774220641920034,51.042488214626374],[3.774219384278631,51.042487593335025],[3.774216419838209,51.042481662826724],[3.774214533376104,51.042477822116176],[3.774207885842984,51.04246709071738],[3.774195219597476,51.04245585098648],[3.774180846552951,51.0424492991823],[3.774165036203935,51.042447209382466],[3.774141500343516,51.04244879085262],[3.774116347515553,51.04245635931609],[3.774094787948715,51.04245952225565],[3.77407493518096,51.04246251575185],[3.774060382473349,51.04246771200895],[3.774047626396298,51.04247765267306],[3.774030288911317,51.04248844055047],[3.77401762266581,51.042499793235464],[3.774006663219354,51.042509677411694],[3.774007471703109,51.042517528270174],[3.7739963325936,51.04254689837637]]],"type":"Polygon"},{"coordinates":[[[3.664971669315733,51.05008208753799],[3.664943821541912,51.050072995582404],[3.664932951926966,51.05006706604516],[3.664924148437177,51.05005893410717],[3.664916782251878,51.05004250081143],[3.664913548316827,51.0500257851507],[3.664947324971525,51.04999641978618],[3.664991701746573,51.04997699345788],[3.664989006800714,51.049971854515],[3.664963584478156,51.049976711098374],[3.664953343683912,51.04997682404219],[3.664945528340964,51.04997592049181],[3.664936096030474,51.049973492200145],[3.664931873948649,51.04997151568357],[3.664928640013598,51.049968861504055],[3.664927831529844,51.04996383550411],[3.664929897655002,51.04995971305433],[3.664963404815103,51.04992486986809],[3.664960170880086,51.04992261098963],[3.664972387967945,51.04991555199375],[3.664997989953555,51.04988895368758],[3.665009578220712,51.04987359329999],[3.665001762877731,51.04987127794699],[3.665008230747799,51.049862637726335],[3.665041558244815,51.04982937568525],[3.665064465284566,51.04984174306832],[3.665414269256214,51.04992447456436],[3.665329378461872,51.04996264959392],[3.665262453973178,51.0499952903487],[3.665164717270275,51.05003950780505],[3.665107314923615,51.05006859078339],[3.66507856883453,51.05005729642505],[3.665005895128046,51.050036006552084],[3.664971669315733,51.05008208753799]]],"type":"Polygon"},{"coordinates":[[[3.7499768192007,51.05933801474069],[3.750003768659224,51.05934637089125],[3.750002690680874,51.05934750010064],[3.749940167937091,51.05941632536261],[3.749871985807028,51.05949130469475],[3.74985437882745,51.059509033223925],[3.749811080030753,51.05955561292584],[3.749727177383218,51.05952839909356],[3.749646059513084,51.05950395179907],[3.749493525577837,51.05945556531438],[3.749494334061592,51.059454605488604],[3.749221605541338,51.05936630143337],[3.749259963603966,51.059319156935985],[3.74927370782779,51.05931938277799],[3.749300118297155,51.05929408846507],[3.749329583038485,51.05925366270419],[3.749351591762939,51.05922526302143],[3.749375936107147,51.059197484388434],[3.749394890559636,51.059179755739976],[3.749406209332198,51.05917766669498],[3.749417438273249,51.05917535180718],[3.749428397719738,51.059172698155095],[3.749439267334685,51.059169762199495],[3.749450047118087,51.05916654394023],[3.749460557406894,51.05916304337725],[3.749470798201138,51.05915920404982],[3.749480769500787,51.05915508241858],[3.749485889897909,51.05915248522607],[3.749491010295031,51.05914988803343],[3.749496130692153,51.05914734730139],[3.749501251089275,51.059144806569165],[3.749509515589871,51.059141531847445],[3.749518049585098,51.05913859588983],[3.749522002172327,51.05913741021458],[3.749522541161519,51.059142435218966],[3.749533680271027,51.0591419270725],[3.749532871787272,51.059134756560375],[3.749531075156711,51.05913486948186],[3.749540058309552,51.05913255459187],[3.749551646576709,51.05913515178549],[3.749545358369727,51.05913966864362],[3.749542483760815,51.059140402633],[3.749543471907622,51.0591419270725],[3.749543112581517,51.05914232229755],[3.74954212443471,51.059145088872725],[3.74954212443471,51.05914796836924],[3.74954437022292,51.05915096078696],[3.749547424494885,51.05915367090093],[3.749551197419061,51.05915598578982],[3.749555509332428,51.05915784899304],[3.749565750126672,51.059161631859844],[3.74957239765976,51.0591637209056],[3.749574194290355,51.05916575349056],[3.749576080752426,51.05916784253609],[3.749580931654986,51.0591661487154],[3.749588297840318,51.05916795545748],[3.749598628466072,51.05917004450292],[3.749610126901719,51.059171851244855],[3.749621805000387,51.05917309337989],[3.749631147479367,51.059174391975596],[3.74964040012677,51.05917602933532],[3.749649473111155,51.05917794899835],[3.749658456263996,51.05918015096471],[3.74966420548182,51.059183030459025],[3.749669954699643,51.05918590995313],[3.749675614085924,51.05918878944706],[3.749681363303748,51.0591916689408],[3.749689627804345,51.05919426613111],[3.749698161799536,51.0591962987147],[3.749707055120868,51.05919782315237],[3.749716128105219,51.05919872652279],[3.749722146817639,51.05919878298347],[3.749728255361568,51.05919872652279],[3.749734274073988,51.0591986136015],[3.749740382617917,51.05919850068018],[3.74975125223283,51.059199065286705],[3.749762121847775,51.05920030742101],[3.749772721968125,51.05920211416176],[3.74978296276237,51.059204541969535],[3.749789700127001,51.059206969777186],[3.749796167997035,51.05920956696663],[3.749802546035561,51.05921238999846],[3.749808564747981,51.05921538241203],[3.749814493628857,51.05921871358915],[3.749820512341243,51.05922198830541],[3.749826620885173,51.059225150100175],[3.749832909092154,51.05922819897356],[3.749890401270359,51.05921961695917],[3.749932083099547,51.05921916527417],[3.749979424315016,51.05922961048893],[3.749980142967228,51.05922977987073],[3.750057128587079,51.05924677451237],[3.750059194712236,51.0592472261971],[3.7499768192007,51.05933801474069]]],"type":"Polygon"},{"coordinates":[[[3.703002296026548,51.046313403700346],[3.703111980322747,51.04629115200783],[3.703078293499593,51.04623055280115],[3.702999151923074,51.04624738278448],[3.702939054630555,51.046145894503574],[3.702954056495815,51.046142562385945],[3.702951631044552,51.04613804426],[3.703007506255214,51.0461297422024],[3.703061854329909,51.04611895517295],[3.70311314813264,51.04613634996267],[3.703175221718741,51.04615634266742],[3.703395219131841,51.046236482829514],[3.703388841093315,51.046246592114244],[3.703009033391179,51.04632650621481],[3.703002296026548,51.046313403700346]]],"type":"Polygon"},{"coordinates":[[[3.703107758240923,51.065888435154264],[3.703098236098923,51.0658831286196],[3.703034994702896,51.06584970872768],[3.702998523102373,51.065877539821784],[3.702992773884549,51.06587720110678],[3.702983251742549,51.06592800833516],[3.70297723303013,51.06592772607291],[3.70287913700112,51.065922475995194],[3.702869525027578,51.065921967923146],[3.702795414016638,51.06591807270374],[3.702793258059938,51.065942460158794],[3.702710972379911,51.065938113321714],[3.702707828276437,51.06595025059313],[3.702672973643422,51.06594810540119],[3.702666595604897,51.06603221943134],[3.702552868889926,51.06602617903294],[3.702615211970623,51.06564484200486],[3.702234595784765,51.06562107537401],[3.702265497830518,51.0652427270326],[3.702278433570621,51.065243178658825],[3.702280499695778,51.06524323511209],[3.702315623823389,51.06524458999081],[3.702337273221737,51.06524543678997],[3.702343651260262,51.06524566260308],[3.702425038624992,51.06524893689307],[3.702475344280916,51.06525096921086],[3.702518373583017,51.06525271926219],[3.702531039828524,51.06525322734163],[3.702505527674457,51.06550427434345],[3.702662553186125,51.06550918575085],[3.70265958874567,51.06553221855112],[3.702826226230881,51.065533516968415],[3.702823261790426,51.06555677556812],[3.702982083932655,51.065558977231085],[3.702979029660691,51.06558347778109],[3.703146565461199,51.06558855853866],[3.703144229841446,51.0655524851477],[3.703380396929666,51.06555875141951],[3.703383990190789,51.06549964520035],[3.703471306436395,51.06551285519286],[3.703574792357122,51.065528436204794],[3.703582787363155,51.06552962171636],[3.703107758240923,51.065888435154264]]],"type":"Polygon"},{"coordinates":[[[3.764222213144731,51.02669721320945],[3.76419104160435,51.02677422302325],[3.764179902494841,51.02680156910388],[3.764151695394915,51.0268711207363],[3.764153761520072,51.02687151623676],[3.764164361640422,51.02685055470802],[3.764180441483999,51.026825864162014],[3.764199665431085,51.02680207760525],[3.764213499486452,51.02678580555936],[3.764229579330064,51.02677032451046],[3.764247725298798,51.02675580395986],[3.764267757729638,51.026742300408706],[3.764288059655041,51.02673077436195],[3.764309798884933,51.026720265316825],[3.764332705924684,51.026710886274515],[3.764356870605805,51.026702750236296],[3.764393342206363,51.026694501196076],[3.764430891785236,51.02668845566568],[3.764469249847864,51.02668461364595],[3.764509045214948,51.026683031637724],[3.764548840582032,51.02668382264184],[3.764588366454519,51.02668704315846],[3.764625646538831,51.0266916196817],[3.764662297802407,51.02669800421333],[3.76468691164121,51.0267036542406],[3.764640558572549,51.02679744459276],[3.764637594132093,51.02680343360882],[3.764655919763881,51.02680721911853],[3.764660052014196,51.02680778411997],[3.764638761941987,51.026847334202756],[3.764604536129641,51.026910896765116],[3.764602739499078,51.026914230266],[3.764592498704834,51.026933440266305],[3.764590252916624,51.026937734265275],[3.764622502435322,51.0269451357626],[3.764616753217499,51.026948808260826],[3.76458674948701,51.02694440126291],[3.764586569823957,51.02694440126291],[3.764569861159679,51.02697508073963],[3.764508685888842,51.02708757198063],[3.764504104480879,51.02709401295754],[3.764418764528887,51.027082034999744],[3.76441660857222,51.027086328985],[3.764199755262628,51.02705203359197],[3.764144598704178,51.0271849210361],[3.764137681676494,51.02718379104246],[3.764098604961621,51.02728068789933],[3.764105521989305,51.027281761391066],[3.76409069978713,51.027318373094516],[3.764083782759447,51.02731729960358],[3.764073811459799,51.027315774116516],[3.764074350448957,51.027314079130754],[3.76404883829489,51.027310463161],[3.76404838913724,51.02731187564922],[3.763983890099844,51.02730255322618],[3.763980680419348,51.02730514146999],[3.763975535767704,51.02730566070076],[3.76397697307216,51.02730159273399],[3.763949933782093,51.02729769426555],[3.763950023613636,51.02729741176784],[3.763949304961425,51.02729735526826],[3.763942298102198,51.02729633827643],[3.763942298102198,51.02729639477601],[3.763942208270655,51.02729656427466],[3.763931518318795,51.02729503878685],[3.763788326862494,51.027274416447085],[3.763844920725401,51.02724837013635],[3.763966283120266,51.02695118125953],[3.763809257608599,51.02692603876712],[3.763833152795157,51.02681699364227],[3.763817342446176,51.02681445113628],[3.763822642506351,51.026800778101816],[3.764023505803874,51.02683309617686],[3.764055485827977,51.02674614242366],[3.764117649245654,51.02657709346459],[3.764152773373265,51.026481438148785],[3.764106869462251,51.026474093078],[3.764107138956814,51.02647347157191],[3.764131213806459,51.02647720060808],[3.764157983601896,51.02646816051993],[3.764175051592315,51.026468556023836],[3.764178375358875,51.026468612524376],[3.764192568740349,51.02646821702048],[3.764207031616418,51.02646742601272],[3.764221135166381,51.026466296001544],[3.764235148884801,51.02646465748533],[3.764248982940202,51.02646251046396],[3.764262457669464,51.026459854937414],[3.764275662904129,51.02645669090556],[3.764288598644232,51.026453074868925],[3.764294437693566,51.026451153849365],[3.764304319161705,51.026427141097884],[3.764306385286863,51.026426180587556],[3.764334682218299,51.026413298447245],[3.764338544974018,51.02641052991665],[3.764330729631036,51.0264297966263],[3.764222213144731,51.02669721320945]]],"type":"Polygon"},{"coordinates":[[[3.740795318344754,51.04027399248679],[3.740945786154844,51.04043909412563],[3.740953870992387,51.04045315852133],[3.740958182905756,51.040467844231145],[3.740958452400351,51.04048281235366],[3.740954859139228,51.04049755453752],[3.740946864133194,51.040512635617326],[3.740934736876845,51.04052653054044],[3.740919016359373,51.04053890040749],[3.740900061906884,51.040549349836],[3.740663086334942,51.040636842526],[3.740656079475715,51.04063656010955],[3.740653384529856,51.040632493312884],[3.740757139945179,51.04047823719218],[3.740741778753812,51.04047507411735],[3.740770524842931,51.04040864949545],[3.740781214794791,51.04034262016385],[3.740781663952439,51.04027591293344],[3.740784718224405,51.0402725803936],[3.740790736936824,51.040271846105114],[3.740795318344754,51.04027399248679]]],"type":"Polygon"},{"coordinates":[[[3.677314341656483,51.08646677686221],[3.677513587986498,51.08638659346788],[3.677659025230974,51.086353583374226],[3.677671871139535,51.08636232964067],[3.677661450682238,51.0863707937679],[3.677657408263466,51.086381176428475],[3.677651120056484,51.08638924555984],[3.6776420470721,51.08639545258303],[3.677624529924066,51.08640307029214],[3.677610875531751,51.08640606094798],[3.677610067047997,51.08640735877968],[3.677607282270629,51.08641734643992],[3.677609528058839,51.08644539087549],[3.677604407661716,51.086453516423056],[3.677595244845823,51.086460062002025],[3.677578176855404,51.08646519689518],[3.677559132571405,51.0864651404678],[3.677544939189898,51.08646090841301],[3.677520325351129,51.08644668870608],[3.677509276073129,51.086444826601294],[3.677497867469025,51.08644589872228],[3.677485111391975,51.08645193645562],[3.677474421440082,51.08646643829784],[3.67746193485766,51.08647608738104],[3.677444507541137,51.08648359222216],[3.677419803870823,51.0864884449759],[3.677409742739632,51.08649183061771],[3.677399412113878,51.0864984326186],[3.677392495086194,51.08650746099435],[3.677390878118685,51.086519480016854],[3.677397974809422,51.08653070905379],[3.677409652908122,51.086537762467565],[3.677435165062189,51.08654571871705],[3.677460317890152,51.086550571464265],[3.677486369033378,51.08655282855581],[3.677516372763866,51.08655226428292],[3.677550778239232,51.08654797580883],[3.677566858082843,51.08655068431886],[3.677575841235684,51.08655655275666],[3.67757961415986,51.08656428329378],[3.677577458203193,51.08657229596595],[3.677569732691755,51.086578841528066],[3.677557605435406,51.08658256572682],[3.677544040874601,51.086582227163305],[3.677514216807199,51.0865692488936],[3.677496160669973,51.08656326760284],[3.677473253630222,51.08655847128423],[3.677449358443663,51.08655638347481],[3.677426990393103,51.08655689132034],[3.677404981668649,51.086559769111695],[3.677386206879212,51.086564226866514],[3.677353687865917,51.086574778765474],[3.677325750260587,51.086579349373395],[3.677314521319536,51.08657963150964],[3.677303741536099,51.08657816440101],[3.677294039731046,51.08657494804726],[3.677285775230416,51.08657015172986],[3.677278498876627,51.08656027695717],[3.677280205675679,51.08654938649114],[3.677286583714204,51.08654278449752],[3.677309580585466,51.08652884695238],[3.677320899358027,51.086511580190184],[3.677323145146238,51.08649611909704],[3.677318563738307,51.08648105299033],[3.677314341656483,51.08646677686221]]],"type":"Polygon"},{"coordinates":[[[3.6301613232354,51.067934341199816],[3.62992614429402,51.06743114318168],[3.630101944595125,51.0674645619318],[3.630341884607488,51.06744288490747],[3.630575177086797,51.06740997419742],[3.630598802778759,51.06742961901516],[3.630526668061434,51.06752716557275],[3.630526668061434,51.06763312302994],[3.630565744776307,51.06768325092733],[3.630712439662187,51.06780761078066],[3.6301613232354,51.067934341199816]]],"type":"Polygon"},{"coordinates":[[[3.710593868661146,51.03381711374942],[3.710547066434835,51.03381632286704],[3.710530627265118,51.033754125574646],[3.710529369623715,51.033752430824386],[3.71052793231926,51.03375124449914],[3.710525686531049,51.03375005817387],[3.710523261079786,51.03374932378202],[3.710521464449224,51.033749154306975],[3.710517691525049,51.033749154306975],[3.710517242367399,51.033746386214546],[3.710538532439643,51.033745143397475],[3.710540902195352,51.03374185219171],[3.710541407048521,51.03373825141125],[3.710537379901134,51.0337181228513],[3.710530447602066,51.03369831176615],[3.710524902301816,51.03368083943171],[3.710522991585223,51.03366306090515],[3.71052290175368,51.03363600133176],[3.710517422030453,51.0336112014166],[3.710511403318033,51.033597869338266],[3.710499096398665,51.03359142926516],[3.710488226783719,51.03359069487078],[3.710461816314353,51.033594988253014],[3.710438100790848,51.03359617458225],[3.710342699707698,51.03358820922826],[3.710285926181739,51.03358843519577],[3.710214330453606,51.03359171172451],[3.710196723474029,51.03358826572013],[3.710188458973399,51.03358306846713],[3.710183697902415,51.033576232948725],[3.710183248744767,51.03355177195311],[3.710177140200837,51.03353290364746],[3.710167977384943,51.033518893643055],[3.710155221307893,51.03350606996599],[3.710171660477609,51.03350437520662],[3.710184147060031,51.03350307589108],[3.710196543810976,51.033501663591544],[3.710209030393397,51.03350019479994],[3.710221427144342,51.03349855653236],[3.71023373406371,51.03349686177275],[3.710245951151602,51.033494997537105],[3.710258168239462,51.03349302031737],[3.710270295495777,51.033490817129575],[3.710282332920583,51.03348850095771],[3.710294280513879,51.03348595881767],[3.710306228107141,51.03348330369352],[3.710317996037385,51.03348053558518],[3.710329853799138,51.033477654492664],[3.71034171156089,51.03347482989198],[3.710340453919488,51.033473700051644],[3.710338747120436,51.033472005291124],[3.71033721998447,51.03347053649858],[3.710336321669173,51.03346963262625],[3.710335243690823,51.03346838980176],[3.71033506402777,51.03346822032569],[3.710334614870121,51.03346771189745],[3.710333716554857,51.033466695041014],[3.710332908071102,51.033465734676604],[3.710332099587348,51.03346477431213],[3.710331560598156,51.03346403991575],[3.710331380935103,51.03346375745562],[3.710331021608998,51.033463249027335],[3.710330302956753,51.033462232170805],[3.7103301232937,51.033461949710656],[3.710329853799138,51.03346149777442],[3.710329404641489,51.033460763377995],[3.71032895548384,51.03345997248952],[3.710328326663139,51.033458786156785],[3.710328057168543,51.03345816474442],[3.710327697842437,51.03345748683999],[3.710327697842437,51.0334573738559],[3.710327518179385,51.033457034903705],[3.710327248684788,51.03345613103107],[3.710327069021735,51.03345567909478],[3.710326979190226,51.03345539663456],[3.710326979190226,51.033455227158484],[3.710326889358682,51.03345488820623],[3.710326799527174,51.03345460574604],[3.710326799527174,51.033454379777844],[3.71032670969563,51.03345409731766],[3.71032670969563,51.03345364538134],[3.710326619864121,51.033453362921115],[3.710326619864121,51.03345319344502],[3.710326619864121,51.03345285449276],[3.710326619864121,51.033452459048455],[3.710326619864121,51.03345212009619],[3.710326619864121,51.03345206360416],[3.710326619864121,51.03345183763599],[3.71032670969563,51.03345138569964],[3.71032670969563,51.0334511032394],[3.71032670969563,51.03345099025534],[3.71032670969563,51.0334508207792],[3.710326799527174,51.03345059481102],[3.710326889358682,51.03345025585874],[3.710326889358682,51.03345014287463],[3.710326979190226,51.03344991690645],[3.710327069021735,51.03344969093827],[3.710327158853279,51.0334494649701],[3.710327158853279,51.03344923900192],[3.710327248684788,51.03344912601779],[3.710327428347874,51.033448787065545],[3.710327518179385,51.03344844811324],[3.71032778767398,51.03344799617688],[3.71032787750549,51.03344782670072],[3.710327967337034,51.03344765722457],[3.710328057168543,51.03344765722457],[3.710328416494682,51.03344709230408],[3.710328775820787,51.033446640367686],[3.710329853799138,51.03344556701874],[3.710330841945945,51.03344466314589],[3.710332548744963,51.03344353330486],[3.710333716554857,51.03344285540018],[3.710335692848471,51.03344178205115],[3.710337489479033,51.033440934670324],[3.710339286109594,51.03344020027356],[3.710342609876155,51.033438957448276],[3.710347550610224,51.033437319178546],[3.71035015572454,51.03343652828967],[3.710354287974856,51.03343534195635],[3.710357162583767,51.0334346075595],[3.710361654160187,51.03343336473407],[3.710362013486294,51.0334319524324],[3.710362732138538,51.033429466781364],[3.710363450790749,51.03342715060639],[3.710364438937557,51.03342449547886],[3.710365966073556,51.03342093647792],[3.710367044051906,51.033418733286695],[3.710368840682467,51.033415456745686],[3.710370547481486,51.033412688633334],[3.710372703438186,51.033409581568186],[3.710373871248047,51.033408056281615],[3.710374589900291,51.033407152408046],[3.710376027204747,51.03340545764508],[3.710377195014607,51.03340410183465],[3.710378272992957,51.0334029155005],[3.710379350971274,51.03340167267422],[3.710380967938783,51.033400090895256],[3.710382405243239,51.03339867859257],[3.710384651031449,51.03339658838454],[3.710385908672853,51.03339545854229],[3.710387076482712,51.03339444168426],[3.710388423955658,51.033393311842],[3.710389771428571,51.03339218199967],[3.71039138839608,51.0333909391731],[3.710393364689728,51.03338947037804],[3.710395161320289,51.03338811456714],[3.710397047782394,51.03338681524835],[3.710398754581412,51.03338568540586],[3.710400551211974,51.03338455556335],[3.710401808853377,51.03338376467359],[3.710403425820886,51.0333827478153],[3.710405222451481,51.03338167446488],[3.710406839418989,51.033380827082944],[3.710409444533305,51.033379358287554],[3.710411959816112,51.0333781154606],[3.710413936109727,51.03337715509435],[3.710416271729446,51.033376081743754],[3.710418517517656,51.033375121377475],[3.710421841284217,51.033373765566154],[3.710424895556181,51.033372635723346],[3.710427141344391,51.03337178834124],[3.710429207469549,51.03337111043557],[3.710431992246919,51.03337026305339],[3.710434327866671,51.03336964163982],[3.710437561801689,51.03336879425767],[3.710439178769197,51.03336839881265],[3.710441244894355,51.0333679468755],[3.710442682198811,51.03336766441479],[3.710444388997863,51.033367325461896],[3.710446005965372,51.033366986509],[3.710448611079688,51.033366591063974],[3.710451395857056,51.03336619561893],[3.710453372150704,51.033365913158214],[3.710455617938914,51.03336563069748],[3.710457953558635,51.033365404728855],[3.710460648504494,51.03336517876026],[3.710463073955756,51.03336500928381],[3.710465050249371,51.03336489629954],[3.710467116374529,51.033364783315214],[3.710468913005123,51.03336472682308],[3.710470619804142,51.03336472682308],[3.71047259609779,51.03336472682308],[3.710474931717509,51.03336472682308],[3.710476728348072,51.033364783315214],[3.710478884304772,51.0333648398074],[3.710480950429929,51.03336495279167],[3.710482836892,51.03336500928381],[3.710486250490104,51.03336529174457],[3.71048894543593,51.03336557420531],[3.710491460718737,51.03336585666607],[3.710493437012351,51.03336608263466],[3.710495413305999,51.03336636509539],[3.710497748925718,51.03336676054042],[3.71050053370312,51.033367268969755],[3.710504126964243,51.03336800336764],[3.710507360899261,51.033368737765535],[3.71051158298112,51.03336986760843],[3.710515445736838,51.03337111043557],[3.710518050851154,51.03337207080194],[3.710521464449224,51.033373483105436],[3.710524518721189,51.03337495190105],[3.710526674677889,51.03337613823592],[3.710529279792206,51.03337766352354],[3.71053125608582,51.033379019334745],[3.710533232379468,51.03338043163803],[3.710535208673082,51.033382013417665],[3.710536915472101,51.03338353870509],[3.710539071428801,51.03338540294526],[3.710541407048521,51.033387662630176],[3.710545988456485,51.03339218199967],[3.710549132559993,51.03339511958965],[3.710551019022064,51.03339675786087],[3.710552276663467,51.033397831210955],[3.710553624136413,51.033398791576815],[3.71055506144087,51.033399638958414],[3.710556588576835,51.033400429847916],[3.710557666555185,51.033400938276884],[3.710558744533536,51.03340139021372],[3.710559912343396,51.033401842150546],[3.710561080153255,51.03340223759527],[3.710562607289254,51.03340274602419],[3.710564314088273,51.03340325445313],[3.710565392066624,51.03340353691363],[3.710567098865675,51.033403988850466],[3.710569344653886,51.03340449727937],[3.710571500610552,51.03340500570829],[3.710574015893359,51.03340545764508],[3.710576800670728,51.03340590958188],[3.710579226121991,51.03340624853448],[3.710581202415639,51.03340647450287],[3.7105829990462,51.03340664397917],[3.710584705845219,51.03340675696335],[3.710586592307323,51.03340681345547],[3.710588838095533,51.03340675696335],[3.710590994052235,51.03340664397917],[3.710592970345848,51.033406418010784],[3.710594946639462,51.033406135550266],[3.710597551753779,51.033405627121404],[3.710599258552831,51.03340523167669],[3.710600965351883,51.0334047797399],[3.710602582319391,51.033404327803055],[3.710604378949952,51.03340370638994],[3.710606175580514,51.03340308497682],[3.710608511200268,51.033402068118946],[3.710610667156935,51.033400994768975],[3.710612463787496,51.033400090895256],[3.710615248564899,51.03339850911624],[3.710619650309776,51.033395910479214],[3.710623423233985,51.03339376377891],[3.710626387674407,51.03339189953911],[3.710630609756265,51.033389187917415],[3.710632945375985,51.03338738016954],[3.710637886110054,51.03338404713424],[3.710640311561317,51.0333823523704],[3.710643006507177,51.03338054462227],[3.710646240442194,51.03337817195276],[3.710651181176264,51.03337438697966],[3.710654504942824,51.033371844833376],[3.710657559214789,51.033369359179126],[3.710661242307455,51.033366252111115],[3.710663398264122,51.033364387870165],[3.710665015231631,51.03336297556639],[3.710668518661244,51.03335986849796],[3.710672740743069,51.033356083523365],[3.710675525520471,51.03335348488392],[3.710679118781594,51.03335009535403],[3.71068513749398,51.03334433315256],[3.710689808733487,51.03333970079402],[3.710696276603522,51.03333326068503],[3.71070292413661,51.03332642512978],[3.71069717491882,51.033324221934066],[3.710684957830928,51.03331975905012],[3.71067453737363,51.03331371438385],[3.710666452536086,51.03330653987241],[3.710660882981316,51.033298348499684],[3.710658277867,51.03328964869537],[3.710658637193105,51.03328077941266],[3.710661960959666,51.033272136097295],[3.710668159335138,51.03326417068761],[3.710676872993384,51.03325716564531],[3.710677411982542,51.033256770199344],[3.71068774260833,51.03325151641688],[3.710700319022294,51.033247448972006],[3.710713883583099,51.03324518928026],[3.710727987133062,51.03324473734185],[3.71074182118843,51.03324626263384],[3.710754936591586,51.03324953918678],[3.710766614690252,51.033254510508044],[3.710776226663795,51.03326095062798],[3.710776316495338,51.03326095062798],[3.710780269082601,51.03326428367213],[3.710762841766077,51.03328620266854],[3.710751612825026,51.03330281138568],[3.710748109395412,51.03330665285684],[3.710743348324395,51.033311737156396],[3.710736161802149,51.03331913763588],[3.710729514269028,51.03332574722343],[3.710722507409801,51.033332639270974],[3.710714242909204,51.03334077414542],[3.710706068240118,51.03334879603414],[3.710700768179943,51.033353880329074],[3.710695288456715,51.03335907760777],[3.710689179912786,51.033364613838756],[3.710684059515664,51.033369246194816],[3.710679298444647,51.03337342661331],[3.710673549226823,51.03337828493701],[3.710666811862192,51.03338365168936],[3.710660074497561,51.0333886229962],[3.710653426964474,51.033393311842],[3.71064884555651,51.0333963624161],[3.710645342126897,51.033398848068906],[3.710641838697316,51.03340122073739],[3.710638514930756,51.03340353691363],[3.710635280995739,51.03340590958188],[3.710632226723773,51.03340822575791],[3.710629980935563,51.033410089997055],[3.710627914810406,51.03341178475984],[3.710626387674407,51.03341314057005],[3.710622614750231,51.03341681255578],[3.710618841826022,51.03342093647792],[3.710615158733356,51.03342545584417],[3.710613362102794,51.03342777201923],[3.71061147564069,51.03343042714657],[3.710609679010128,51.03343308227376],[3.710608421368724,51.03343505949605],[3.71060761288497,51.03343635881348],[3.710606984064268,51.03343726268648],[3.710606265412057,51.033438618495914],[3.710605546759813,51.0334398613212],[3.710604828107602,51.03344110414649],[3.710603480634655,51.033444041733325],[3.710602582319391,51.033446301415374],[3.710601773835636,51.0334486175894],[3.710601234846445,51.03345014287463],[3.710600606025777,51.033452007112125],[3.710600156868128,51.033453419413185],[3.710599438215884,51.033455735586806],[3.710598090742971,51.03345985950547],[3.710597102596163,51.033463249027335],[3.710596204280866,51.03346607362873],[3.710595305965569,51.033469124198035],[3.710593868661146,51.033474151987754],[3.710591173715287,51.03348432054959],[3.710590634726095,51.033486636721676],[3.710590005905394,51.03348906587766],[3.710589826242341,51.033490195717626],[3.71058910759013,51.03349352874528],[3.710588299106375,51.033497539676596],[3.710587849948726,51.033500138307964],[3.710587490622621,51.03350335835098],[3.710587131296515,51.0335074822654],[3.710587041464971,51.03350985492829],[3.710587041464971,51.03351138021154],[3.710587131296515,51.033513187954576],[3.710587221128025,51.03351505218949],[3.710587400791078,51.03351685993239],[3.710587670285673,51.033518498199314],[3.710588029611779,51.03352120981345],[3.710588388937885,51.03352352598368],[3.710588838095533,51.03352606812165],[3.710589377084725,51.03352855376751],[3.710589826242341,51.0335307569535],[3.710590634726095,51.03353369453469],[3.710591173715287,51.03353572824461],[3.710591712704446,51.0335374230028],[3.710592521188199,51.03353979566419],[3.710593329671954,51.033541659898034],[3.710594587313357,51.033544428002735],[3.71059584495476,51.033546857155685],[3.71059701276462,51.033549003848854],[3.710600785688829,51.03355527445211],[3.710604738276058,51.03356120610307],[3.710608601031777,51.03356617739092],[3.710611206146126,51.03356928444553],[3.710613990923495,51.033572391499916],[3.710619201152128,51.03357815367302],[3.710622704581741,51.03358188213756],[3.710625848685248,51.03358510217489],[3.71062917245181,51.03358866116327],[3.710632765712932,51.0335923331351],[3.710632945375985,51.03359250261073],[3.710636358974055,51.033596061598544],[3.710639233582967,51.033599281634885],[3.710644264148579,51.03360532626391],[3.710645881116089,51.033607529446215],[3.710647408252054,51.03360967613663],[3.710648935388054,51.03361182282693],[3.710650911681667,51.033614816894804],[3.710655313426579,51.03362221732585],[3.710658188035457,51.03362758404995],[3.710660972812859,51.03363379815077],[3.710663128769526,51.033639560316196],[3.710665105063174,51.03364526598915],[3.710666722030683,51.03365040674335],[3.710667440682894,51.03365317484154],[3.710668518661244,51.033657185759026],[3.710669057650403,51.033659388938915],[3.710669596639595,51.03366204405299],[3.710670135628753,51.033664981625805],[3.710670584786401,51.03366786270671],[3.710671213607103,51.03367176063936],[3.710671842427805,51.033676901390606],[3.710672201753911,51.03368023440489],[3.710672561080016,51.03368481023764],[3.710672920406122,51.033688595185346],[3.710673279732261,51.03369209767404],[3.710673459395313,51.03369531770372],[3.710673908552929,51.03370045845235],[3.710674447542121,51.03370808483669],[3.710675166194332,51.03371768842995],[3.710675795015034,51.0337274614964],[3.710676423835735,51.03373994616207],[3.71067678316184,51.0337516399409],[3.710676872993384,51.033756837174984],[3.710676872993384,51.03376000070846],[3.710676962824927,51.03376226037511],[3.710676962824927,51.03376491548333],[3.710676872993384,51.03376847445786],[3.710676872993384,51.03377220290712],[3.710676872993384,51.033773728181714],[3.71067678316184,51.03377542293123],[3.71067678316184,51.033778755938386],[3.710676693330331,51.03378124157068],[3.710676603498788,51.033785139493844],[3.710676423835735,51.03378931987481],[3.710672740743069,51.033789263383156],[3.710655043931983,51.03378892443338],[3.710655403258088,51.03378045068773],[3.710655582921141,51.03377276782362],[3.710655762584194,51.03376593233323],[3.710655762584194,51.03375937930012],[3.710655762584194,51.03375051010731],[3.71065486426893,51.03373361909208],[3.710645342126897,51.033733845058926],[3.710629801272511,51.03373537033476],[3.710629801272511,51.033762881783424],[3.710633304702091,51.03377152500727],[3.710628184304969,51.033780055246226],[3.710614170586548,51.033779942262925],[3.710611745135285,51.03378135455399],[3.710609409515532,51.03378609985167],[3.710609409515532,51.03378813355052],[3.710595126302515,51.03378785109232],[3.710593868661146,51.03381711374942]],[[3.710470080814984,51.03337817195276],[3.710467385869124,51.03337822844488],[3.710464601091755,51.03337839792129],[3.710461726482844,51.03337862388981],[3.710458851873932,51.033378962842626],[3.710455887433477,51.033379358287554],[3.710452833161513,51.033379866716714],[3.710449778889548,51.03338043163803],[3.710446724617583,51.03338105305146],[3.710443670345619,51.03338178744916],[3.710440616073654,51.03338257833895],[3.710437651633232,51.033383482212976],[3.710434777024321,51.03338444257913],[3.710431902415408,51.03338551592949],[3.710429117638006,51.03338664577198],[3.710426243029128,51.03338794509077],[3.710423548083269,51.033389300901675],[3.710420673474357,51.033390882681005],[3.710417888696955,51.03339257744449],[3.710415014088076,51.03339449817641],[3.710412049647622,51.03339658838454],[3.710409085207199,51.033398904561004],[3.710406120766745,51.03340133372158],[3.710403156326323,51.03340387586625],[3.710400281717412,51.03340647450287],[3.710397586771552,51.033409186123514],[3.710394981657236,51.03341184125196],[3.710392646037483,51.03341455287229],[3.710390579912326,51.03341715150832],[3.710388783281764,51.0334197501442],[3.710387166314256,51.033422348779915],[3.710385818841342,51.033424947415504],[3.710385279852151,51.03342630322528],[3.710384740862992,51.03342760254301],[3.710383842547695,51.03343031416241],[3.710383573053132,51.03343172646414],[3.710383303558536,51.0334327998134],[3.710383213726993,51.03343308227376],[3.710446724617583,51.03345901212492],[3.710410702174709,51.033497144232676],[3.710412678468323,51.0334992909282],[3.710415014088076,51.0335018330675],[3.710417259876287,51.03350409274674],[3.710419326001411,51.03350618294992],[3.710421392126568,51.03350799069316],[3.710423278588673,51.0335096854524],[3.710425075219234,51.033511154243676],[3.710426871849796,51.03351251005097],[3.710430015953304,51.033514995697544],[3.710433070225268,51.03351725537615],[3.710434597361268,51.033518385215416],[3.710436304160286,51.03351951505463],[3.710438280453934,51.03352075787774],[3.710440436410601,51.033522113684754],[3.710441694052004,51.033522848080224],[3.710444478829372,51.03352437336301],[3.710446095796882,51.03352516425038],[3.710449509394985,51.03352697199288],[3.710453372150704,51.03352883622724],[3.710457414569476,51.03353081344544],[3.710461636651301,51.03353279066356],[3.710465948564668,51.03353476788159],[3.710470080814984,51.03353663211564],[3.710474123233756,51.033538383365766],[3.71047600969586,51.033539174252894],[3.710477806326422,51.03353996514],[3.710481219924492,51.033541320946426],[3.71048445385951,51.03354256376896],[3.710487597963017,51.03354369360762],[3.710490831898035,51.033544766954286],[3.710494245496105,51.03354584030098],[3.710497928588771,51.033546913647605],[3.710499904882419,51.03354742207496],[3.710504306627296,51.03354860840538],[3.710511762644172,51.033550585622734],[3.710517152535857,51.0335519414289],[3.710528201813855,51.033554653041016],[3.710533412042521,51.03355595235514],[3.710540418901714,51.033557647112595],[3.710545898624942,51.03355894642663],[3.710550839359011,51.03356001977294],[3.710553983462519,51.03356069767587],[3.710558924196588,51.033561601546445],[3.710562068300062,51.033562109973616],[3.710563685267572,51.03356233594124],[3.71056530223508,51.033562505416974],[3.710566919202622,51.03356256190891],[3.710568446338588,51.033562505416974],[3.710569793811501,51.03356227944934],[3.710571051452904,51.033561940497925],[3.710572039599711,51.03356143207071],[3.710572937915008,51.03356081065971],[3.710573656567254,51.03356001977294],[3.710574195556412,51.03355917239428],[3.71057464471406,51.033558268523635],[3.710575004040165,51.03355725166918],[3.710575183703219,51.033556178322804],[3.710575183703219,51.03355510497639],[3.710575183703219,51.0335539186461],[3.710575004040165,51.03355273231578],[3.71057473454557,51.03355143300157],[3.710574375219465,51.03355007719545],[3.710574015893359,51.03354866489733],[3.710573476904167,51.03354713961531],[3.710572937915008,51.033545557841315],[3.710570961621394,51.033540247599674],[3.710570332800692,51.033538326873796],[3.710569614148448,51.033536236672056],[3.710568985327746,51.033534089978254],[3.710568356507045,51.03353183030047],[3.710567817517886,51.03352945763872],[3.710567278528728,51.03352702848481],[3.710566470044974,51.03352194420888],[3.710565931055782,51.03351680344044],[3.710565751392729,51.03351431779392],[3.710565751392729,51.03351188863926],[3.710565751392729,51.03350957246843],[3.710565841224272,51.03350736928144],[3.710566110718835,51.033503584318886],[3.710566470044974,51.033499968832],[3.710566470044974,51.03349962988011],[3.710566470044974,51.03349934742017],[3.710566470044974,51.0334992909282],[3.710566290381921,51.0334992909282],[3.710566290381921,51.0334991779442],[3.710566290381921,51.03349883899232],[3.710566559876483,51.03349770915257],[3.710567278528728,51.03349454560114],[3.710568446338588,51.033489574305655],[3.710569614148448,51.033484941961625],[3.710570961621394,51.03347963171305],[3.710573207409604,51.03347087545071],[3.710574824377113,51.03346494378822],[3.710576531176131,51.03345912510902],[3.710577429491429,51.03345635699923],[3.710578237975183,51.033453758365404],[3.710579046458938,51.033451272715546],[3.710579854942693,51.03344895654169],[3.710580663426446,51.033446809843845],[3.710581382078692,51.03344483262205],[3.710582190562445,51.033442968384314],[3.710583538035358,51.03343969184506],[3.710584795676761,51.033436923734115],[3.710586322812727,51.03343359070233],[3.710587131296515,51.0334317829562],[3.710587490622621,51.033430992067224],[3.710587760117183,51.03343031416241],[3.710587939780269,51.033429636257594],[3.710588029611779,51.033429014844806],[3.710588209274832,51.03342794149541],[3.710588119443322,51.03342709411433],[3.710587849948726,51.03342630322528],[3.710587490622621,51.03342568181247],[3.710586951633429,51.03342506039963],[3.710585873655112,51.033424100034324],[3.710584616013708,51.03342308317692],[3.710583897361464,51.033422574748236],[3.7105829990462,51.033422066319496],[3.71058192106785,51.033421614382874],[3.710580663426446,51.03342110595412],[3.710579226121991,51.033420597525414],[3.710577429491429,51.03342008909666],[3.710575363366272,51.03341963716001],[3.710573027746552,51.03341912873128],[3.710562786952307,51.03341709501624],[3.710560181837991,51.033416586587435],[3.710557756386695,51.03341602166657],[3.710555510598485,51.033415456745686],[3.71055344447336,51.03341483533272],[3.710551468179713,51.03341427041187],[3.710549581717608,51.03341359250676],[3.710547785087047,51.033412971093775],[3.710546168119538,51.03341229318869],[3.710543024016063,51.03341088088637],[3.710540239238661,51.03340935559981],[3.710537723955889,51.03340777382111],[3.710535388336135,51.033406079058174],[3.710533232379468,51.033404327803055],[3.710531166254311,51.03340246356368],[3.710529189960662,51.03340059932424],[3.710523620405926,51.033395006605396],[3.71052182377533,51.03339325534986],[3.710520027144769,51.03339167357065],[3.71051832034575,51.03339026126771],[3.710516613546698,51.03338896194895],[3.710514816916136,51.0333877756144],[3.710512840622489,51.03338658927982],[3.710510684665822,51.03338540294526],[3.710509427024419,51.03338478153185],[3.710507989719963,51.03338416011847],[3.710506552415506,51.03338353870509],[3.710504935447998,51.03338291729169],[3.710503138817436,51.0333823523704],[3.710501162523822,51.03338178744916],[3.710499006567121,51.03338122252785],[3.710496760778911,51.03338071409866],[3.710494335327648,51.03338020566951],[3.710491730213332,51.03337981022459],[3.710486430153157,51.033379019334745],[3.710480950429929,51.03337851090553],[3.710475560538211,51.03337817195276],[3.710472775760843,51.0333781154606],[3.710470080814984,51.03337817195276]]],"type":"Polygon"},{"coordinates":[[[3.803709907246414,51.07258332954128],[3.803708380110416,51.07259010286015],[3.803640467474949,51.072680187906585],[3.803465026499949,51.0726282027602],[3.803277368437091,51.072572322896015],[3.803274044670564,51.07257136334224],[3.803205593045905,51.07255098693012],[3.80318591994117,51.07254511671552],[3.803165618015768,51.07254020605469],[3.803144687269631,51.072536311392284],[3.80312725995314,51.07253343272856],[3.803109473310511,51.07253157006366],[3.803091507004828,51.07253066695342],[3.803073450867603,51.072530779842175],[3.803056472708727,51.072531739396844],[3.803039674212939,51.07253365850611],[3.803023145211712,51.072536367836655],[3.803007155199644,51.07253998027717],[3.802989368557014,51.07254432649431],[3.802972210735086,51.0725494064878],[3.802955591902317,51.072555163813085],[3.802943105319896,51.072559340695705],[3.802829019278786,51.07252948162117],[3.802748709892407,51.07250842785755],[3.802713945090902,51.072560751804616],[3.802452625174753,51.072479528305884],[3.802015594789042,51.07234022318254],[3.80201433714764,51.072339771625565],[3.801966187448416,51.07232441868504],[3.801940495631262,51.072316234210966],[3.802029608507462,51.07214571459811],[3.802039759470163,51.072126128226984],[3.802044340878127,51.07211737926892],[3.802060869879354,51.07208577011624],[3.802080273489492,51.07208994704123],[3.802142975896328,51.0720870683497],[3.802174057605133,51.072095083529526],[3.802200737569094,51.07209547864399],[3.802226698880811,51.07208373809855],[3.802246910974703,51.07208012562241],[3.802269997677508,51.07208040784711],[3.802349229085537,51.07209017282095],[3.80240178052967,51.07210575161882],[3.802465111757208,51.07212595889231],[3.802524759892079,51.07213070026249],[3.802724006222094,51.07214210212682],[3.802783744188474,51.07214509370463],[3.80280521392377,51.072153447543535],[3.802807190217384,51.072154689330254],[3.802822641240294,51.07216422850903],[3.802824707365451,51.07216547029546],[3.802839529567626,51.07218347619517],[3.802817341180119,51.07221040036435],[3.80282524635461,51.07224342055048],[3.802851297497836,51.072256797952484],[3.802882558869728,51.07225448371868],[3.8029311577266,51.072245283226934],[3.802956400386104,51.07225183081635],[3.803005358569083,51.07227480381666],[3.803089081553565,51.072306130616866],[3.803119534441668,51.072314258648035],[3.803148190699244,51.07232029822584],[3.803166067173417,51.072325547577876],[3.803202359110887,51.07234818187393],[3.803216821986956,51.072355971230074],[3.803246196896743,51.0723696872671],[3.803282848160352,51.072378436177516],[3.803311145091789,51.072389499313445],[3.803330279207331,51.072411286910125],[3.803357857486557,51.07243431627577],[3.803420919219497,51.07245362029405],[3.803511110074048,51.07246840874703],[3.803537969701029,51.07247439186027],[3.803602468738426,51.07249753408336],[3.803623938473722,51.07251525763178],[3.803650708269193,51.07253337628414],[3.803675322107963,51.07254031894346],[3.803694456223506,51.0725354647265],[3.803708380110416,51.072523950070234],[3.803717632757853,51.07251271763324],[3.803725897258449,51.07251553985386],[3.803709907246414,51.07258332954128]]],"type":"Polygon"},{"coordinates":[[[3.715597574625201,51.04848481250008],[3.715535950196716,51.04849023397648],[3.715415935274763,51.04850277113824],[3.715417821736867,51.04850983034945],[3.715417462410729,51.048509886823126],[3.715408030100238,51.04851084687578],[3.715375600918488,51.04851389645462],[3.715365539787329,51.048514404717764],[3.715359161748804,51.04851457413881],[3.715357993938944,51.04851446119143],[3.715354490509331,51.04850135929587],[3.715352873541822,51.04849565545226],[3.715340656453929,51.048449742309224],[3.715329427512878,51.04845092825814],[3.715329158018315,51.048450081151785],[3.715300950918389,51.04845296131335],[3.7152936745646,51.048453751945914],[3.715294123722215,51.048449121097875],[3.715298794961722,51.04843959962107],[3.715307956879286,51.048431476997884],[3.715320689600111,51.048425567581056],[3.715335715719894,51.04842246547577],[3.715366168608031,51.048419415890905],[3.715363114336033,51.048407217549425],[3.715362485515364,51.04840456328026],[3.715382158620065,51.04840258669673],[3.715414408138764,51.0483993676891],[3.715415036959465,51.048402021958594],[3.715415216622518,51.048402021958594],[3.71541692342157,51.048408742342296],[3.715417192916167,51.04840975887085],[3.715418270894483,51.04841416382762],[3.715476930882547,51.04841246961351],[3.715503790509527,51.04841167898024],[3.715542418066751,51.04840710460183],[3.715569816682923,51.048402643170576],[3.71561805621369,51.04839479330948],[3.715628476670987,51.048393099094646],[3.715626141051234,51.04838349854297],[3.715624793578321,51.04837824647561],[3.715676895864806,51.04837305088149],[3.715680578957473,51.04838784702837],[3.715722170955118,51.04838733876388],[3.715822512772337,51.048385983391825],[3.715829968789213,51.048385813970306],[3.715841377393317,51.04838507981045],[3.715845509643632,51.048401626641876],[3.71583437053409,51.048402247853865],[3.715834101039527,51.04840230432767],[3.715834011207984,51.04840230432767],[3.715839760425808,51.04842506327012],[3.715846587621948,51.048452170680775],[3.715857906394543,51.048451210626915],[3.715865542074472,51.04845058941559],[3.715880184613594,51.04844940346669],[3.71588395753777,51.0484493469929],[3.715887460967383,51.04844968583548],[3.715890245744785,51.04845025057307],[3.715893030522153,51.048451267100695],[3.715896354288714,51.04845279189208],[3.715899588223732,51.04845476847347],[3.715902193338048,51.0484572533185],[3.715903091653345,51.048458439267236],[3.715903810305556,51.04845934284721],[3.715904259463205,51.04846075469086],[3.715904708620854,51.04846227948193],[3.715904618789311,51.04846527259025],[3.715904169631662,51.04846685385494],[3.7159039001371,51.04846803980343],[3.7159023730011,51.04847052464774],[3.715900935696644,51.04847188001733],[3.715899318729136,51.048473404808085],[3.715895905131065,51.04847560728345],[3.715895455973417,51.048475833178394],[3.715893210185206,51.04847684970547],[3.715891952543803,51.04847735796898],[3.715890335576295,51.048477922706226],[3.715888808440329,51.04847843096972],[3.715885215179172,51.048479165128136],[3.715880543939699,51.04847939102302],[3.715878208319979,51.04847933454932],[3.715872998091314,51.048479165128136],[3.715866709884331,51.04847876981208],[3.715858894541351,51.0484783180223],[3.715852247008262,51.04847803565365],[3.715850809703807,51.04847797917995],[3.715832394240476,51.0484769626529],[3.7158270941803,51.048476736758],[3.715816044902302,51.04847639791562],[3.715792778536444,51.04847577670464],[3.715780561448585,51.048475720230925],[3.715779213975639,51.04847577670464],[3.71577804616578,51.04846866101452],[3.715753971316168,51.04846962106803],[3.715718667525505,51.04847233180718],[3.715677075527859,51.04847639791562],[3.715597574625201,51.04848481250008]]],"type":"Polygon"},{"coordinates":[[[3.76343969070074,51.10300545284012],[3.76343483979818,51.103009006494496],[3.763426665129093,51.10301284218458],[3.763417681976252,51.10301600098792],[3.763409507307166,51.103018652126295],[3.763399356344464,51.10301983667745],[3.763382018859483,51.10303664601895],[3.763372317054431,51.103033148773875],[3.763364950869099,51.10303264110929],[3.763355608390118,51.10303281033083],[3.763345816753522,51.10303376925287],[3.763338001410575,51.10303568709694],[3.763330994551348,51.10303980482067],[3.76332551482812,51.10304420457989],[3.763321562240858,51.103049337631795],[3.763323089376857,51.10305379379725],[3.763326143648822,51.103059152476646],[3.763327670784788,51.10306434193403],[3.763327940279383,51.103070208276435],[3.76332785044784,51.10307562336108],[3.763327401290225,51.103081715330525],[3.763325784322717,51.10308741244942],[3.763324167355174,51.10309181220411],[3.763321382577805,51.103096663215204],[3.76331266891956,51.103105970386196],[3.763302787451421,51.103119620900294],[3.763299643347947,51.10312497957206],[3.763298026380438,51.10312937932317],[3.763319945273349,51.103204457062795],[3.763319496115701,51.10321083105006],[3.763317519822087,51.1032161897113],[3.763313926560963,51.10322058945373],[3.76330925532149,51.10322403027763],[3.763264429388794,51.10323012222754],[3.763256254719706,51.10323057348303],[3.763248798702865,51.10322955815811],[3.763241522349042,51.103226568590166],[3.763235683299709,51.10322216884835],[3.763231910375499,51.1032157948626],[3.763210889797852,51.10315419842413],[3.763203613444063,51.1031470911375],[3.763196337090273,51.10313947618631],[3.763189779388695,51.10313208686209],[3.763183670844766,51.10312294891756],[3.76317837078459,51.10311414941369],[3.763174597860381,51.103105801164915],[3.76317387920817,51.1030969452507],[3.763170465610066,51.10308972514102],[3.763084227342811,51.103081715330525],[3.763105607246564,51.10299129462725],[3.763112614105791,51.102961003934105],[3.763081173070847,51.10295615290879],[3.763071920423409,51.10295367098867],[3.763064554238077,51.10295118906842],[3.76305637956899,51.10294746618776],[3.763049821867412,51.102943235641206],[3.763044072649588,51.10293782054105],[3.763039850567763,51.1029331951425],[3.763037964105659,51.10292851333619],[3.763234245995252,51.10291238084333],[3.763222478065043,51.102862798775796],[3.763268831133704,51.10285890666583],[3.763277365128897,51.102861896257565],[3.76328428215658,51.10286437818266],[3.763289672048265,51.10286781903307],[3.763292366994124,51.10287199317912],[3.763293894130123,51.102876674991194],[3.76329263648872,51.10288203369112],[3.763290211037457,51.10288570016965],[3.763289851711352,51.10289009994355],[3.763290929689668,51.10289449971702],[3.763293983961633,51.10289873026802],[3.763299014527246,51.10290239674524],[3.763305572228823,51.102904878668156],[3.763313297740261,51.10290662729553],[3.763321113083209,51.102906683702905],[3.763328119942436,51.10290696573956],[3.763336294611523,51.102907755442224],[3.763343211639206,51.102911196289426],[3.763348601530924,51.10291441150707],[3.763352823612749,51.10291858564895],[3.763399446176007,51.10296027063964],[3.763401691964217,51.10296534729357],[3.763406632698287,51.10297566982153],[3.763413909052076,51.10298525905312],[3.76342423967783,51.10299439702486],[3.76343969070074,51.10300545284012]]],"type":"Polygon"},{"coordinates":[[[3.725091419705432,51.02043995022906],[3.725111182641676,51.020446392129664],[3.725159512003952,51.02046215782996],[3.725161308634513,51.02046266640087],[3.725212692268788,51.02047826257206],[3.725246379091943,51.02048843398522],[3.725263806408432,51.02049414127723],[3.725314651053516,51.02051086759416],[3.725352739621581,51.020523355820146],[3.725403584266664,51.02054002561882],[3.725456944194519,51.02055754302791],[3.725466735831114,51.02056059444688],[3.725535995939528,51.0205822934204],[3.725555848707315,51.02058850927033],[3.725593937275347,51.02060043239831],[3.725614688358431,51.0206069307843],[3.725642086974571,51.02061551995398],[3.725657358334427,51.02062043612272],[3.725771534207014,51.0206571661027],[3.725796597203466,51.0206652466944],[3.725834775603041,51.020678186939726],[3.725872864171073,51.020691183688996],[3.725897747504439,51.0206996033203],[3.725877804905142,51.02072435363695],[3.725885260921984,51.02072689647697],[3.725922900332401,51.02073966718244],[3.725943292089346,51.020715934010184],[3.725961348226572,51.020723732053824],[3.725974373798185,51.020735316101785],[3.725977697564745,51.020747013161895],[3.725974373798185,51.02075984036932],[3.725973565314431,51.02076080099706],[3.725966738118256,51.02076876855567],[3.725955149851099,51.02078221733947],[3.725892986433455,51.02076436097025],[3.725882565976159,51.020764813030304],[3.725872774339563,51.02077165043827],[3.725807646481464,51.02084426251835],[3.725785368262414,51.02086901275782],[3.725754556048172,51.020903086696],[3.725740362666665,51.020920773489884],[3.725717006469298,51.020947840487224],[3.725641997143061,51.02103474860984],[3.725629330897553,51.02105028808144],[3.725626815614747,51.02106136348348],[3.725631037696605,51.02107051764033],[3.725645141246569,51.021077807060216],[3.725688350211723,51.02109142527568],[3.725677390765267,51.02110526951554],[3.725666431318778,51.02111244591577],[3.725651429453551,51.02111351955038],[3.725624120668888,51.02111284146535],[3.725537343412475,51.021105665065186],[3.725468981619325,51.02110001435559],[3.725467274820306,51.02109984483429],[3.725452542449641,51.021098658185174],[3.725415352196873,51.02109555029453],[3.72539406212463,51.02109402460266],[3.725311776444603,51.02108826087744],[3.725283389681624,51.021086283128405],[3.725240809537172,51.02108328825115],[3.725231017900576,51.02108261016573],[3.725227963628611,51.0210823841372],[3.725188527587633,51.02107961528824],[3.725141635529813,51.021077524524564],[3.725048390403297,51.02106961352614],[3.725043270006209,51.02106916146906],[3.725005989921898,51.02106599706927],[3.725001318682424,51.02106560151928],[3.72499332367639,51.02106492343359],[3.724916338056538,51.02105831209747],[3.724901605685874,51.02105752099736],[3.724873218922894,51.021055938797105],[3.724872590102226,51.02105588228996],[3.724808091064796,51.021051757267614],[3.724789046780796,51.021049836024176],[3.724774943230833,51.021048423345135],[3.724750688718168,51.0210459935371],[3.724728679993681,51.02104271612141],[3.724715025601366,51.021039269183966],[3.724709545878138,51.021034353059584],[3.724714576443717,51.02103904315527],[3.724679362484597,51.02102768521194],[3.724668672532704,51.02102582047472],[3.724651874036915,51.02101870056827],[3.724629865312427,51.02100621247571],[3.724606239620464,51.02098807365656],[3.724595819163167,51.02098010613565],[3.724580188477238,51.02096671391649],[3.724555394975382,51.020945636703054],[3.72454183041461,51.02093348763466],[3.724533655745523,51.02092614168473],[3.724519103037911,51.020913031986666],[3.724478050029425,51.02087630220938],[3.724457298946373,51.02085765477287],[3.724450920907848,51.020848952633266],[3.724450292087146,51.020844658070224],[3.724449573434902,51.02083866828434],[3.724450022592551,51.02083725559887],[3.724452717538409,51.02082798838113],[3.724478948344722,51.0207969092837],[3.724485146720161,51.02078961981965],[3.724500148585421,51.02077176345324],[3.72451020971658,51.02075989687682],[3.724517036912754,51.02075175979412],[3.724535991365244,51.020728252658266],[3.724538596479559,51.02072525775788],[3.724538147321943,51.020725031727665],[3.724557730595135,51.02070214616164],[3.724560695035557,51.020698868721645],[3.724767127887851,51.02076532159785],[3.725009044193862,51.02077266757324],[3.725022518923124,51.02060014985979],[3.725077855144627,51.02047142512083],[3.725091419705432,51.02043995022906]]],"type":"Polygon"},{"coordinates":[[[[3.713800148149633,51.03163955439408],[3.713825917221871,51.03164179721586],[3.713851070049834,51.0316398764113],[3.713887361987304,51.03163337957184],[3.713901824863373,51.03162490543204],[3.713911796163021,51.03161405853082],[3.713908292733408,51.031594059550066],[3.713894189183445,51.031577337231845],[3.713874066921095,51.03156151881718],[3.713847925946325,51.03154281918427],[3.713837146162923,51.03153027743231],[3.713849273419239,51.03152366758869],[3.713873707594989,51.031500787353515],[3.713913053804424,51.03151694475533],[3.713965425585473,51.0315396554994],[3.713974401551803,51.031543558695596],[3.713983364043411,51.031547474320185],[3.713992312161933,51.03155140293814],[3.714001245907433,51.031555344549496],[3.714010166178211,51.03155929858926],[3.714019072075936,51.03156326505741],[3.714027964498936,51.03156724395401],[3.714036841650587,51.03157123584397],[3.714045717903907,51.03157524298703],[3.714054577089215,51.0315792648183],[3.714063418308248,51.0315833024676],[3.714072242459303,51.03158735537003],[3.714081048644016,51.03159142409052],[3.714089836862454,51.03159550749918],[3.71409860711455,51.031599606160896],[3.71410735940037,51.03160372007576],[3.714112988243949,51.031606380392084],[3.714118609900985,51.03160904692266],[3.714124224371511,51.03161171910248],[3.714129831655527,51.03161439693158],[3.71413543265133,51.03161708153984],[3.714141025562291,51.03161977123246],[3.71414661128671,51.03162246713923],[3.714152190722948,51.031625169260295],[3.714157762074348,51.03162787646563],[3.714163327137533,51.03163059045015],[3.714168884115878,51.03163330951895],[3.714174433907712,51.03163603480199],[3.7141799774113,51.03163876629925],[3.714185512830082,51.0316415028808],[3.714191041062353,51.031644246241534],[3.71419656210808,51.031646994686525],[3.714202075069001,51.03164975160556],[3.714207579945047,51.03165251360888],[3.714213078532915,51.03165528182642],[3.714218569035908,51.031658056258124],[3.714224052352423,51.03166083577416],[3.714229528482396,51.03166362150441],[3.714234997425825,51.03166641288389],[3.714240458284447,51.031669210477574],[3.714245911956526,51.03167201315558],[3.714251358442095,51.03167482204775],[3.714256796842823,51.031677636589194],[3.714262228057041,51.03168045677989],[3.714267652084715,51.03168328261984],[3.714273068027583,51.031686114109014],[3.714278476783906,51.031688951247446],[3.71428387835372,51.03169179460004],[3.714290249205702,51.03169531249309],[3.714296609277918,51.031698838859924],[3.714302956773709,51.03170237370069],[3.714309292591404,51.03170591645033],[3.714315616731003,51.031709467673835],[3.714321929192507,51.03171302737117],[3.714328229975915,51.03171659554238],[3.714334519081227,51.03172017218745],[3.714340795610114,51.031723756741386],[3.714347061359202,51.0317273497692],[3.714353314531898,51.0317309507059],[3.714359555128201,51.03173456011647],[3.714365784944671,51.0317381774359],[3.714372001286452,51.03174180322918],[3.714378206848435,51.031745437496284],[3.714384399833991,51.031749079672274],[3.714406228895393,51.03176207331788],[3.714413224076524,51.03176627365424],[3.714420203986271,51.03177048472415],[3.714427167726371,51.03177470596258],[3.714434115296755,51.03177893793451],[3.714441046697493,51.03178318063994],[3.714447961928549,51.031787432948974],[3.714454861888254,51.03179169599145],[3.714461744779949,51.03179596976747],[3.714468034783592,51.03179988819544],[3.714474311312478,51.031803815662116],[3.714480574366642,51.03180775160257],[3.714486823946082,51.03181169601683],[3.714493059152469,51.03181564890482],[3.714499280884099,51.03181961083155],[3.71450548914104,51.03182358066712],[3.714511683024926,51.03182755954133],[3.714517864332388,51.03183154688935],[3.714524030368498,51.03183554271112],[3.714530183828215,51.03183954700661],[3.714536322914846,51.03184355977593],[3.714542447628457,51.03184758101892],[3.714548558867343,51.03185161073573],[3.714554655733177,51.03185564836131],[3.714560739124288,51.0318596950256],[3.714566924923334,51.03186382869022],[3.714573095450997,51.03186797139354],[3.714579251605639,51.0318721225706],[3.714585393387261,51.03187628278631],[3.714591519897499,51.03188045091076],[3.714597632034683,51.03188462807389],[3.714603729798814,51.031888813710765],[3.714609812291628,51.031893007821324],[3.714615880411355,51.03189721040562],[3.71462193325973,51.03190142146362],[3.714627970836755,51.03190564156023],[3.71463399404076,51.031909869565645],[3.714640001973382,51.03191410604474],[3.714645995532949,51.03191835099756],[3.714651973821166,51.03192260442403],[3.714657936837999,51.03192686632423],[3.714662608077505,51.03193014297049],[3.714652187620209,51.03194539632053],[3.714628561928212,51.03197997056212],[3.714627483949895,51.032053017036695],[3.714621734732072,51.03211843675145],[3.714650390989613,51.032176851168266],[3.714734742794798,51.032158038796425],[3.714830862530192,51.03213662770926],[3.714896709040535,51.03212193935878],[3.714904883709623,51.03213346406493],[3.714931922999655,51.03216639985155],[3.714937133228321,51.03217278362906],[3.71494207396239,51.0321784894826],[3.71501124423926,51.03216967648082],[3.715392489245853,51.03208459703141],[3.715402280882449,51.032101714622435],[3.715412611508202,51.0321197925995],[3.715412342013606,51.03211996208051],[3.715410455551535,51.032120752991794],[3.715407131784975,51.03212227832077],[3.715403897849957,51.03212397313065],[3.71540075374645,51.032125780927814],[3.715399136778941,51.032126797813675],[3.715397879137537,51.03212764521858],[3.715395094360169,51.03212962249653],[3.715392489245853,51.032131712761746],[3.715390512952205,51.03213346406493],[3.715388626490133,51.032135271861705],[3.715386919691082,51.0321371361521],[3.715385302723573,51.032139056936],[3.715383865419117,51.0321410342135],[3.715382607777714,51.03214306798454],[3.715381439967854,51.032145101755496],[3.715380451821047,51.032147192019984],[3.71537955350575,51.03214967773984],[3.715378745021995,51.03215221995312],[3.715378295864346,51.032154762166314],[3.715378026369751,51.03215736087298],[3.71537793653824,51.032159903085855],[3.715378116201293,51.03216250179223],[3.715378565358943,51.03216504400487],[3.715379284011154,51.032167586217355],[3.715380182326451,51.032170071936065],[3.715381350136311,51.03217255765465],[3.715385931544275,51.03218137065588],[3.715437943999217,51.032169563493596],[3.715454293337391,51.03216589140903],[3.715443513553988,51.03214674007092],[3.715425906574411,51.03211544258689],[3.715439381303673,51.03211244842215],[3.715497771797141,51.032099567862176],[3.715560025046328,51.03208589638675],[3.715651922699897,51.03206567163463],[3.715696209643402,51.03205584172404],[3.715767625708482,51.03204002347266],[3.715781459763849,51.032036916315526],[3.715794844661602,51.03203397863946],[3.715817302543705,51.0320290071873],[3.715997504589687,51.0319890660691],[3.716087875107291,51.03196901075628],[3.716128209463533,51.03196008472697],[3.716200613675422,51.03194404046742],[3.716208429018403,51.03194228915705],[3.716223071557524,51.03193906900557],[3.716306435215901,51.03192048251284],[3.716338415240004,51.03191342077353],[3.716354495083615,51.03189133164598],[3.716343984794775,51.03187398800139],[3.716909743760717,51.03174896668406],[3.71691109123363,51.031751452425226],[3.71690884544542,51.03172207547544],[3.716908216624719,51.03172207547544],[3.716909204771559,51.0317050142384],[3.716911450559769,51.0316763716839],[3.7169277100664,51.031593946561436],[3.716939927154258,51.03156214025499],[3.716956096829379,51.03153259370206],[3.716979812352885,51.03149903602638],[3.716999485457586,51.03147372651756],[3.717028501041267,51.031443275996416],[3.717057247130386,51.03141548069804],[3.717085544061822,51.031391018561926],[3.717101444242347,51.031379493671146],[3.717125519091959,51.03136294075928],[3.717159295746657,51.03134260270245],[3.717204660668478,51.03131842300107],[3.717279131005557,51.03128424372875],[3.717286946348505,51.031281475489095],[3.717344169032112,51.03126085492297],[3.717348660608533,51.03125944255509],[3.717421783472666,51.03123724012638],[3.717459692377644,51.0312272970505],[3.717522933773672,51.031210687589514],[3.717703135819654,51.03116662164373],[3.717940201223139,51.031110296264785],[3.718110162474877,51.03107238817284],[3.71829027468935,51.03103594891963],[3.718399419996357,51.03101481978912],[3.718550786121744,51.030987532689245],[3.718694157241098,51.03096425672385],[3.718871574509711,51.030937534545245],[3.71901314899847,51.03091906064114],[3.719122473968563,51.03090408942898],[3.719264946772619,51.03088810129901],[3.719378224329941,51.0308764632928],[3.719482518734423,51.03086872345211],[3.719599569215954,51.03086329991333],[3.719665056400158,51.030861492066926],[3.719705121261838,51.03086126608613],[3.719707277218538,51.03086137907654],[3.719730723247449,51.030861605057346],[3.719730902910502,51.03086346939892],[3.719856397555683,51.03086804550981],[3.719909937146624,51.03090019126354],[3.719910835461888,51.030901434156895],[3.719896013259713,51.030906518720336],[3.719911104956484,51.03090149065204],[3.719911913440238,51.03090081271022],[3.719914518554555,51.03090239457449],[3.719969854776057,51.03103493200983],[3.719984766809775,51.03107086280935],[3.720023753693104,51.03116865545753],[3.720046930227452,51.03123531930506],[3.720057171021696,51.03126469656339],[3.720099751166149,51.03139350432229],[3.720120322586147,51.03145807755092],[3.72013146169569,51.031490900828636],[3.720143768615091,51.03154151981376],[3.720143049962846,51.03154767769988],[3.720140355016987,51.031558468122306],[3.720138558386425,51.03156174479456],[3.720128856581373,51.031572535213655],[3.720118256461023,51.031582478215476],[3.720064806701592,51.031619538476015],[3.720061482935065,51.03162083784439],[3.720063998217837,51.03162123330432],[3.72003120970998,51.03163637376755],[3.719916405016659,51.031689534832445],[3.719837982092351,51.03172297938188],[3.71977258473969,51.031749983578194],[3.71968913124977,51.0317807163682],[3.71959489797648,51.03181512125053],[3.71947847631565,51.03185302873497],[3.719342740876225,51.03189167060967],[3.719197034137152,51.031932007269084],[3.719148525111789,51.03194517034501],[3.71893337860125,51.03199991288254],[3.718772220839266,51.03203827216596],[3.718614117349281,51.03207363725036],[3.718296113738683,51.03213939589787],[3.718055185579513,51.032184816764875],[3.718011078299062,51.03219199145001],[3.717956011572121,51.03220035249897],[3.717883697191776,51.03220950445623],[3.717817760849889,51.03221498433102],[3.717743380344388,51.03221876939881],[3.717679599959201,51.03221927784074],[3.717618784014471,51.03221696160528],[3.717562549477703,51.03221199017275],[3.717505236962552,51.03220374211299],[3.717450170235645,51.032192556385766],[3.717388994964808,51.03217645571311],[3.71731677041594,51.03215368878746],[3.717263769814191,51.032134424456984],[3.71721804556623,51.03211403024506],[3.717172770475918,51.03208917302172],[3.717121207178591,51.032055615749066],[3.717076560908981,51.03202222793344],[3.71706039123386,51.032008330459945],[3.717055450499791,51.03200398043692],[3.717054462352984,51.032004206412154],[3.716474240510972,51.032131938736356],[3.716464628537429,51.03211532959957],[3.716438038405012,51.0321013191666],[3.716439116383362,51.03210233605301],[3.716413604229294,51.03210798542152],[3.71630472841685,51.032131995229996],[3.716299338525165,51.032133181596684],[3.716252536298855,51.03214351993364],[3.716247595564785,51.03214459331278],[3.716180311750019,51.03215945113692],[3.716120663615149,51.03217261414824],[3.715929052965028,51.03221492783748],[3.715785592014165,51.03224662070892],[3.715776608861324,51.03224859798182],[3.715758822218694,51.03225255252738],[3.715751545864904,51.03225413434551],[3.715745257657923,51.03225554668308],[3.715617876550637,51.032283849918805],[3.715606467946533,51.032286392124746],[3.715590747429061,51.03228989471941],[3.71558625585264,51.03229091160168],[3.715578979498818,51.032292493418495],[3.715569996345976,51.032294470689415],[3.71556074369854,51.0322965609472],[3.715560294540924,51.032296673934084],[3.715533075587805,51.03230277522649],[3.715531548451805,51.032301814837915],[3.715514300798367,51.0322727771979],[3.715499748090755,51.03224837200778],[3.715479625828406,51.03225289148838],[3.715430218487779,51.032263964214046],[3.715430847308481,51.03226515057736],[3.715437315178516,51.03227582784575],[3.715438303325323,51.032277409663095],[3.715438393156866,51.03227808758477],[3.715438572819919,51.03227893498687],[3.715438932146025,51.03227972589549],[3.715439471135183,51.0322805168041],[3.715440099955885,51.03228125121924],[3.715441447428831,51.03228260706252],[3.715442794901743,51.03228407589267],[3.715444411869252,51.03228577069663],[3.715446208499813,51.03228746550058],[3.715448094961918,51.03228910381097],[3.715450071255566,51.032290629134366],[3.71545213738069,51.03229215445774],[3.715454383168901,51.0322936232876],[3.715456718788654,51.03229497913052],[3.715459144239917,51.03229627847992],[3.715463186658689,51.03229814276383],[3.715467408740547,51.03229983756728],[3.715471810485425,51.03230136289037],[3.715476391893388,51.03230266223958],[3.715481063132862,51.032303735614995],[3.715485824203845,51.0323046395101],[3.715490764937914,51.03230531743139],[3.715492292073913,51.03230543041828],[3.715495705671983,51.03230576937891],[3.715500646406053,51.032305995352694],[3.715505676971632,51.03230605184613],[3.715509360064298,51.03230593885923],[3.715512953325455,51.032305712885474],[3.715513671977666,51.03230565639205],[3.715532626430155,51.03233989140446],[3.715204651519942,51.03241248536522],[3.715145003385071,51.03242948984859],[3.715145991531879,51.032429263875436],[3.715155603505421,51.03244276576973],[3.715180756333383,51.032474063032744],[3.715192075105944,51.03248626556997],[3.715192344600541,51.032486548036054],[3.715194788018112,51.032490554535066],[3.715197218859258,51.0324945644233],[3.715199638920638,51.03249857657096],[3.715202046405593,51.03250259210783],[3.715205370172153,51.03250807194795],[3.715211029558434,51.03251761929673],[3.715213218752794,51.0325213472817],[3.715215398065686,51.03252507752608],[3.715217567497076,51.03252881002988],[3.715219727945329,51.03253254479312],[3.715221879410444,51.03253628125083],[3.715224021892388,51.032540019968],[3.715226154492897,51.03254376094456],[3.715228277211906,51.03254750418058],[3.715230505033807,51.03255143610333],[3.715232722075943,51.032555370285515],[3.715234928338282,51.032559307292026],[3.715237123820821,51.03256324655789],[3.715239307625264,51.03256718808317],[3.715241480649944,51.03257113186785],[3.715243642894824,51.03257507847685],[3.715245794359939,51.032579027345236],[3.715247928757043,51.032582986382046],[3.715250049679456,51.032586948243136],[3.715252157127114,51.03259091292858],[3.715254252896641,51.03259487987338],[3.71525633519148,51.03259885020747],[3.715258404011596,51.032602822800904],[3.715260460255285,51.03260679821866],[3.715262503024218,51.03261077646072],[3.715264736236036,51.03261514393967],[3.715266953278139,51.03261951424285],[3.715269155048891,51.032623887935195],[3.715271341548293,51.032628264451795],[3.715273511878047,51.03263264435753],[3.715275666936417,51.03263702708755],[3.715277806723403,51.03264141320671],[3.715279930340742,51.032645802150114],[3.715282028805228,51.032650200696914],[3.715284114693322,51.03265460093808],[3.715286188005023,51.03265900400348],[3.715288248740265,51.03266340932821],[3.715290297797444,51.03266781747713],[3.715292334278197,51.03267222732043],[3.715294358182524,51.03267663942305],[3.715296369510426,51.032681053784934],[3.715298425754115,51.0326855720935],[3.715300468523081,51.032690092661355],[3.715302498715621,51.03269461605341],[3.715304514535108,51.03269914113981],[3.715306518676532,51.032703669050406],[3.71530850844487,51.032708198655385],[3.715310485636815,51.032712731084544],[3.715312449354036,51.03271726577296],[3.715314174119363,51.032721245700316],[3.715315886308298,51.032725227322146],[3.715317587717434,51.03272921120335],[3.715319276550177,51.032733196779],[3.715321393879302,51.03273830486851],[3.715323492343822,51.03274341578208],[3.715325571943703,51.03274853008466],[3.715327630882317,51.03275364721134],[3.715329400563432,51.032758066650274],[3.715331155871493,51.03276248891341],[3.715332895908205,51.03276691287094],[3.715334621571862,51.03277133965269],[3.715336331964169,51.0327757681288],[3.715338027983423,51.03278019942913],[3.715339708731326,51.032784632423805],[3.715341375106175,51.032789068242714],[3.71534302710797,51.03279350858061],[3.715344662041787,51.03279795174274],[3.715346280805923,51.03280239716414],[3.715347883400412,51.03280684484486],[3.715349469825186,51.032811294784835],[3.715351040080312,51.032815746984085],[3.715352594165758,51.03282020200759],[3.715354131183192,51.03282465872541],[3.715356171257233,51.03283061306702],[3.715358183483465,51.03283657079741],[3.71536016786192,51.0328425324815],[3.715362124392598,51.03284849811936],[3.715364053075533,51.03285446714599],[3.715365953910658,51.03286043956142],[3.71536782689804,51.03286641536566],[3.715369672037611,51.03287239512361],[3.715371483939557,51.03287838787414],[3.715373271586981,51.032884383448476],[3.715375036776511,51.03289038184673],[3.715376777711518,51.0328963830688],[3.715378495290335,51.03290238654985],[3.715380188614664,51.03290839341965],[3.715381859481099,51.03291440254838],[3.715383506093012,51.03292041393609],[3.715384644258468,51.03292461868691],[3.715385772542455,51.03292882456718],[3.715386889148347,51.032933031576945],[3.715387994974475,51.0329372397162],[3.715389090020803,51.03294144898491],[3.715390174287366,51.032945659383095],[3.715391246875801,51.03294987091073],[3.715392309582767,51.032954083567866],[3.715393199813224,51.0329576409099],[3.715394081060509,51.03296119994646],[3.71539495152803,51.03296475898272],[3.71539581301238,51.03296831971352],[3.715408658920941,51.03303176089685],[3.7154135098235,51.03305520530146],[3.715414209611106,51.03305949534377],[3.71541489322903,51.03306378595059],[3.715415558880645,51.03306807768686],[3.715416207464284,51.03307237111751],[3.715416838979944,51.033076665112695],[3.715417453427591,51.03308095967242],[3.71541804990893,51.0330852559265],[3.715418630220622,51.03308955274512],[3.71541920244744,51.03309384334919],[3.71541975850461,51.03309813508268],[3.715420299290396,51.03310242738068],[3.715420823906534,51.033106720243254],[3.715421332352991,51.03311101423525],[3.715421824629767,51.033115308791785],[3.71542230163516,51.03311960391282],[3.715422762470904,51.033123900163325],[3.715423121797043,51.033148135415175],[3.715423510767553,51.033152809032295],[3.715423879975126,51.03315748377882],[3.715424229419764,51.03316215852489],[3.715424559101498,51.033166834400305],[3.715424559101498,51.03316728633941],[3.715424851952252,51.03317187521608],[3.715425114260338,51.033176465222105],[3.715425346025656,51.03318105522768],[3.715425547248306,51.03318564636264],[3.715425665825923,51.0331886890415],[3.715425774522072,51.03319173228507],[3.71542587513338,51.03319477552842],[3.715425966761517,51.03319781877158],[3.715426048508219,51.03320086201454],[3.715426121271751,51.0332039052573],[3.715426185950476,51.03320694906479],[3.715426240747698,51.03320999287209],[3.715426286561784,51.033213036114255],[3.715426323392698,51.03321607992114],[3.715426352138805,51.03321912372783],[3.715426371003411,51.033222167534284],[3.715426380884879,51.03322521134058],[3.715426380884879,51.033228255146675],[3.715426372800039,51.03323129895257],[3.71542635573206,51.03323434275826],[3.715426299138176,51.03324043771305],[3.715426210204964,51.033246532666986],[3.71542608983072,51.033252627620165],[3.715425937117113,51.033258722007616],[3.715425752962508,51.03326481582933],[3.715425536468507,51.03327090965024],[3.715425288533508,51.033277002905464],[3.715425008259114,51.03328309559491],[3.715424751340944,51.033288230740084],[3.715424474659838,51.033293365884695],[3.715424178215796,51.0332985004638],[3.715423862008818,51.0333036344774],[3.715423526937233,51.03330876792555],[3.71542317210268,51.03331390080815],[3.715422797505224,51.033319033690226],[3.715422403144798,51.033324165441876],[3.71542186415564,51.03333117047405],[3.715421509321086,51.033335422641045],[3.715421143706767,51.0333396748076],[3.715420767312684,51.033343926408925],[3.715420379240471,51.03334817800981],[3.71541998128679,51.033352428480455],[3.715419571655013,51.03335667895075],[3.715419151243472,51.03336092942062],[3.715418720052131,51.03336517876026],[3.71541800139992,51.033371675356946],[3.715417821736867,51.03337337012118],[3.715417641175485,51.03337425139851],[3.715417430969697,51.03337513550049],[3.715417194712793,51.033376011693505],[3.715416928811453,51.03337688958129],[3.715416636858996,51.033377758995265],[3.715416315262136,51.03337862953904],[3.715415967614092,51.03337949104403],[3.715415591220008,51.03338035254905],[3.715415189673072,51.03338120445036],[3.715414759380062,51.03338205578677],[3.7154143039342,51.03338289695452],[3.715413818843934,51.03338373699249],[3.715413310397511,51.03338456573194],[3.715412773204947,51.03338539277668],[3.715412212656224,51.03338620852295],[3.715411622463065,51.033387020879665],[3.715411010710375,51.03338782193796],[3.715410370211578,51.03338861904178],[3.715409707254886,51.0333894037173],[3.715409016450451,51.0333901838735],[3.715408304984717,51.033390951036445],[3.715407564772942,51.03339171311513],[3.715406804798198,51.03339246163567],[3.71540601697571,51.03339320450698],[3.715405210288583,51.033393933820186],[3.71540437575368,51.03339465578937],[3.715403523252467,51.03339536420046],[3.715402643801809,51.03339606470268],[3.715401747283173,51.03339675051691],[3.715400823815057,51.0333974284222],[3.715399884177259,51.03339809107467],[3.715398918488312,51.033398745253294],[3.715397937528049,51.033399383614096],[3.715396930516603,51.03340001293618],[3.715395910030434,51.033400625875515],[3.715394864391445,51.03340122921123],[3.715393805277734,51.03340181616416],[3.715392722807798,51.03340239238365],[3.715391626863173,51.03340295165546],[3.715390508460653,51.03340350019377],[3.715389378380005,51.03340403178444],[3.715388225841495,51.03340455151177],[3.715387062523221,51.03340505429148],[3.715385877645349,51.03340554464291],[3.71538468378434,51.0334060174818],[3.715383469262064,51.03340647732748],[3.715382245756651,51.033406919660614],[3.715381002488301,51.03340734843562],[3.715379752931738,51.033407759133176],[3.715378482713942,51.033408156837524],[3.715377208004528,51.03340853589952],[3.715375914430541,51.033408900273514],[3.715374616364935,51.03340924713501],[3.715373300333054,51.03340957874358],[3.715371980707918,51.033409892274705],[3.715370644913067,51.033410190552964],[3.715369307321623,51.03341047075378],[3.715367953560497,51.033410735136755],[3.71536659800271,51.033410980877385],[3.715365228970233,51.03341121080019],[3.715363859937724,51.03341142208061],[3.715362476532194,51.03341161754327],[3.715361094923291,51.03341179436349],[3.715359700737962,51.03341195423612],[3.715358260738582,51.03341214969878],[3.715356813552658,51.03341232369443],[3.715355360078521,51.033412477352904],[3.715353902112798,51.033412610109295],[3.715352439655524,51.03341272196364],[3.715350973604994,51.033412812350996],[3.715349504859506,51.03341288127133],[3.715348033419061,51.03341292985456],[3.715346560181988,51.033412956405826],[3.715345086944914,51.03341296205505],[3.715343614606172,51.03341294680218],[3.715342142267429,51.03341291008233],[3.715340671725313,51.03341285246039],[3.715339203878123,51.03341277337147],[3.715337739624221,51.03341267281553],[3.715336278963574,51.03341255135754],[3.715334822794479,51.033412409562395],[3.71533337291363,51.033412246300266],[3.715331928422631,51.03341206213603],[3.715330492016506,51.03341185706972],[3.71532906279689,51.03341163166628],[3.715327641662115,51.03341138592569],[3.715326230408809,51.033411119283],[3.71532482903697,51.033410832868086],[3.715323439343227,51.03341052611599],[3.715322059530918,51.0334101990268],[3.7153206931934,51.033409852730244],[3.715319339432241,51.0334094866615],[3.715317998247541,51.03340910138537],[3.715316672334191,51.03340869633705],[3.71531536169216,51.033408272646355],[3.715314066321545,51.03340783031324],[3.715313317126599,51.033407606039596],[3.715312573321536,51.03340737668167],[3.715311833109728,51.033407141674566],[3.715311097389538,51.033406901018196],[3.715310366160867,51.03340665471265],[3.715309640322146,51.03340640275791],[3.715308918974943,51.03340614571884],[3.71530820211936,51.0334058830306],[3.715307490653658,51.03340561525807],[3.715306783679543,51.033405341836264],[3.715306082993607,51.03340506389513],[3.715305386799256,51.0334047797399],[3.715304695994821,51.033404491065255],[3.715304010580236,51.033404196741394],[3.715303331453898,51.03340389789817],[3.715302657717441,51.03340359340576],[3.715301391991197,51.03340300249833],[3.715300147824518,51.03340239351347],[3.715298925217434,51.03340176758096],[3.715297725966509,51.033401123570975],[3.715296550071808,51.03340046317827],[3.71529539843163,51.03339978640283],[3.715294270147609,51.033399092679744],[3.71529316791477,51.033398383703776],[3.715292091733047,51.033397658910005],[3.715291041602474,51.03339691886338],[3.715290017523049,51.033396164128796],[3.715289021291401,51.03339539470621],[3.715288053805861,51.03339461172554],[3.715287113269767,51.033393814621824],[3.715286202378043,51.03339300452487],[3.715285320232461,51.03339218199967],[3.715282625286601,51.033389300901675],[3.715239775647553,51.033345180535164],[3.715202226068679,51.03330642688796],[3.715032624143014,51.03313039679387],[3.714952853745793,51.03304769179477],[3.714939019690425,51.033033342688384],[3.714769866922408,51.03285753752802],[3.714766408408583,51.032853930464654],[3.714762965166075,51.03285031775173],[3.714759536296654,51.03284669938923],[3.714756122698584,51.032843075377194],[3.714749264061378,51.0328358109693],[3.714742378474726,51.03282855672902],[3.714737910254497,51.03282385200813],[3.714733451915735,51.03281914333223],[3.714729001661815,51.03281443126632],[3.714724562187692,51.0328097163753],[3.714720130798411,51.03280499696436],[3.714715709290564,51.03280027472829],[3.714711297664218,51.032795549102154],[3.71470689502101,51.03279081952109],[3.714702502259271,51.0327860905044],[3.714698100514359,51.03278136487685],[3.714693689786311,51.03277664320331],[3.714689270075124,51.03277192435394],[3.714684841380768,51.032767208893624],[3.714680403703273,51.03276249625749],[3.714675957042607,51.032757787575406],[3.714671501398804,51.032753082282376],[3.714667103247181,51.032748444215464],[3.714662716773654,51.032743801628634],[3.714658342876521,51.032739154521906],[3.714653979759184,51.03273450289529],[3.714649628319945,51.03272984731368],[3.714645289457131,51.032725187212165],[3.714640962272413,51.032720522590765],[3.714636646765789,51.03271585344946],[3.714634500690557,51.032713512381925],[3.714632365395123,51.032711167359814],[3.714630239981191,51.03270881894795],[3.71462812624532,51.03270646658148],[3.714626022390918,51.03270411026041],[3.714623929316314,51.03270174998468],[3.714621847021475,51.03269938631928],[3.714619775506435,51.032697018699224],[3.714617713872864,51.03269464768947],[3.714615663917387,51.03269227272513],[3.714613624741676,51.03268989437103],[3.714611595447466,51.032687512062324],[3.714609577831318,51.032685125799006],[3.71460757099497,51.03268273671091],[3.714605574040089,51.032680343103216],[3.714603588763337,51.03267794667078],[3.714577986777726,51.032646254094324],[3.714574663011165,51.03264218659631],[3.71456594935292,51.03263139642621],[3.71456100861885,51.03262523868408],[3.714560649292745,51.03262473024659],[3.714551755971447,51.032613318648764],[3.714555618727166,51.03261213229436],[3.714531274382958,51.03258066564532],[3.714527052301134,51.03258162602811],[3.714525165839029,51.03257919682456],[3.714517260664538,51.032569084557274],[3.714517170832995,51.0325689150779],[3.714479351759525,51.032519822530794],[3.714470548269737,51.032508410907134],[3.714431920712546,51.032458244924115],[3.714435963131319,51.03245739752529],[3.714435693636722,51.03245705856574],[3.71442221890746,51.03243948915977],[3.714410181482655,51.032423727532645],[3.714406228895393,51.03242508337178],[3.714394999954342,51.03241062108595],[3.714392933829184,51.032407965900184],[3.714331129737646,51.03232847973646],[3.714330680579996,51.032327519348414],[3.714330590748487,51.032327462855015],[3.714330411085434,51.032327519348414],[3.714327266981927,51.03232350831584],[3.714321427932593,51.032315938197115],[3.714311636295998,51.03230328366747],[3.714315229557121,51.03230175834448],[3.714291064875966,51.0322705739521],[3.714277769809791,51.032259727201996],[3.714273637559475,51.03225436031953],[3.714220008136991,51.03218097520074],[3.714212731783201,51.03217154076979],[3.714205904587061,51.03216261477948],[3.714172127932363,51.032119001688145],[3.714134398690437,51.03207024762681],[3.714055975766129,51.03196951920096],[3.713987973299119,51.03188223611983],[3.713978810483225,51.03187037238737],[3.713931469267755,51.0318096978225],[3.713800148149633,51.03163955439408]],[[3.715366617765646,51.03339828314781],[3.715382607777714,51.033388340535616],[3.715384224745223,51.033380770590824],[3.715369941532207,51.033371166927694],[3.715351256574313,51.033361563262574],[3.715343800557438,51.03335625299985],[3.715333290268631,51.033349078494965],[3.715327451219264,51.03333907938004],[3.715330595322772,51.03332766795807],[3.715331313974983,51.033308460607856],[3.71526429965478,51.033325860207796],[3.715263850497164,51.033326199160996],[3.715265647127726,51.033335407388144],[3.715272294660814,51.03334252540295],[3.715291069450251,51.03335122519734],[3.715303017043546,51.033356987397944],[3.715310383228879,51.03336941567125],[3.715305711989406,51.03338314326019],[3.715304364516459,51.03339173006276],[3.715322869811334,51.03339800068728],[3.715351436237366,51.0334015031979],[3.715366617765646,51.03339828314781]],[[3.715264748812428,51.03270896131019],[3.715279121856987,51.03269167446455],[3.715261784372007,51.032645067740766],[3.715225582266046,51.032569875460894],[3.715194859883346,51.0325105576484],[3.715180486838788,51.03250547326096],[3.715162700196157,51.0325042869038],[3.715024718968523,51.03253682697476],[3.715010974744665,51.032554057385006],[3.715008908619507,51.03257111830953],[3.715035229257329,51.03259433697483],[3.715116616622092,51.03264252555451],[3.715224594119239,51.03271054311275],[3.715264748812428,51.03270896131019]]],[[[3.713799955910155,51.03163953744577],[3.713800135573208,51.03163953744577],[3.713800148149633,51.03163955439408],[3.713799955910155,51.03163953744577]]]],"type":"MultiPolygon"},{"coordinates":[[[3.666578935022062,51.02248888154771],[3.666527551387821,51.02252487547773],[3.666523059811401,51.02252792676721],[3.666504285021964,51.02254109251401],[3.666487486526142,51.02255109395862],[3.66645954892081,51.022545047887824],[3.666448050485163,51.022535668000764],[3.666447421664462,51.02252510149918],[3.666451104757128,51.02251984650016],[3.666475628764389,51.022484869663664],[3.666465747296283,51.0224821008984],[3.666477335563441,51.022465657819794],[3.666487127200036,51.02246837008056],[3.666515244468419,51.02242813819583],[3.666527731050874,51.02243152852456],[3.666528270040033,51.02243164153548],[3.666565729787396,51.02241796720818],[3.66660893875255,51.02240214566745],[3.6666327441076,51.02239016649731],[3.666698770280962,51.022342984358325],[3.666698770280962,51.022330214094495],[3.666698770280962,51.02231100218649],[3.66669859061791,51.02229987057735],[3.666694548199137,51.02229342893428],[3.666693919378436,51.02229246833834],[3.666692302410927,51.02228986907855],[3.666717904396538,51.02226110769419],[3.666720150184748,51.022265967182776],[3.666722216309872,51.02227031811981],[3.666727067212432,51.022280658656804],[3.666748806442291,51.0223273888144],[3.66675482515471,51.022340215584585],[3.666772611797339,51.02235326837354],[3.666752669198009,51.02236722524769],[3.666647296815178,51.02244096493814],[3.666620257525145,51.022424804372335],[3.666588726658658,51.022446728495225],[3.666595733517884,51.022450740382574],[3.666592230088271,51.02245317011699],[3.666608309931849,51.022462267493566],[3.666603189534727,51.0224658273361],[3.666611094709251,51.02247029126523],[3.666605255659884,51.02247441616136],[3.66660211155641,51.0224726644932],[3.666578935022062,51.02248888154771]]],"type":"Polygon"},{"coordinates":[[[3.715022742674908,51.002672496251876],[3.715023730821715,51.00267204401543],[3.715024629136979,51.00267159177899],[3.71506298719964,51.002706753150306],[3.715126947247846,51.00270726191591],[3.715248309642745,51.0027140454571],[3.715160634071,51.00279120816805],[3.715005405189927,51.002831117915456],[3.714980971014176,51.00279414769738],[3.71497495230179,51.00276045615797],[3.714986540568948,51.002756386037476],[3.714971898029825,51.00271783293383],[3.714982048992526,51.002692225062816],[3.715022742674908,51.002672496251876]]],"type":"Polygon"},{"coordinates":[[[3.721738457907456,51.03369882019185],[3.721739895211912,51.033703734973166],[3.721740613864123,51.033706333592974],[3.721742679989281,51.033712660666694],[3.721743488473034,51.033715202794255],[3.72174384779914,51.033717123512794],[3.721744476619842,51.03372090845785],[3.721745195272086,51.033727066054446],[3.721744296956789,51.03373887281988],[3.721742320663175,51.03374683814801],[3.721738098581317,51.033756837174984],[3.721728576439317,51.03377457555646],[3.721726150988054,51.03378276684501],[3.72172489334665,51.03378999777438],[3.72172489334665,51.033793217797246],[3.72172489334665,51.03379722870262],[3.721725971325001,51.03380366874713],[3.721726869640265,51.03381219898014],[3.721724534020545,51.033819994820874],[3.72172156958009,51.03382434467343],[3.721716179688406,51.0338294854078],[3.721712945753388,51.03383146261313],[3.721707915187775,51.03383451315843],[3.72170189647539,51.03383756370348],[3.721691925175742,51.03384259145323],[3.721684648821918,51.03384603743869],[3.721670724935008,51.033852138527074],[3.721663897738867,51.03385485012164],[3.721651860314061,51.03385914347945],[3.721638475416309,51.03386338034527],[3.721623653214134,51.03386739124453],[3.721608292022768,51.033871006702746],[3.721595086788102,51.03387388777084],[3.721578018797717,51.033878294109904],[3.721560411818141,51.03388394326192],[3.721556998220037,51.03388524256676],[3.721547296414984,51.033888914515096],[3.721534181011828,51.03389462015731],[3.721520885945619,51.03390122966278],[3.721511094309024,51.033906822320525],[3.721493307666394,51.03391783815956],[3.721481539736184,51.033924108712895],[3.721468334501518,51.03392975785932],[3.721458542864923,51.03393320383831],[3.721445427461767,51.033936875782835],[3.721434917172926,51.0339391919323],[3.721425305199417,51.033940886675765],[3.721415244068226,51.03394275089348],[3.721400960855209,51.0339463098544],[3.721392067533878,51.03394896495203],[3.721378323310053,51.03395399268969],[3.721369968977914,51.033957608141165],[3.721357302732407,51.0339641611462],[3.721344995813004,51.033971166081635],[3.721332958388198,51.03397794505035],[3.721315710734728,51.033986870691066],[3.721296486787642,51.033995457381714],[3.721276813682941,51.03400280126065],[3.721256601589048,51.0340092412766],[3.721246989615506,51.034011331457],[3.721239892924769,51.034011783387875],[3.72123387421235,51.03401150093109],[3.721228663983718,51.03401076654338],[3.721217974031825,51.034007433552915],[3.721212584140106,51.034004496001764],[3.721205846775476,51.03399839493344],[3.72120099587295,51.03399003420884],[3.72119866025323,51.03397935733538],[3.721201085704493,51.03396834151103],[3.721202523008949,51.03396359623199],[3.721206206101615,51.03395800358115],[3.721212763803193,51.03395060320368],[3.721215907906668,51.03394659231159],[3.721222016450596,51.03393879649215],[3.721226957184666,51.03393190453476],[3.72123153859263,51.03392467362753],[3.721236030169051,51.03391687780445],[3.721242677702138,51.03390286791612],[3.721246540457857,51.033892134531094],[3.721252020181085,51.033876090940424],[3.721257050746698,51.033864962108375],[3.721261003333926,51.033857844173816],[3.72127016614982,51.03384321286047],[3.721271333959713,51.033841405130296],[3.721279149302661,51.03383134962999],[3.72128795279245,51.033821181144305],[3.7213007088695,51.03380643683612],[3.721304571625219,51.033800674691456],[3.721306008929675,51.03379581641204],[3.721306727581887,51.03379197498143],[3.721306817413429,51.03378722968436],[3.721305739435079,51.03378169350385],[3.721303673309922,51.03377683522244],[3.721299900385746,51.033771073074035],[3.721294959651676,51.03376610180818],[3.721289749423011,51.03376192142515],[3.721283551047572,51.03375598979987],[3.721279149302661,51.033750962040735],[3.721277083177537,51.03374745955652],[3.721275735704591,51.03374378759699],[3.721274927220837,51.03373966370359],[3.72127510688389,51.033735144367974],[3.721275825536134,51.033731867849376],[3.721276723851398,51.033727066054446],[3.721276723851398,51.0337229421596],[3.72127627469375,51.03371960914839],[3.72127618486224,51.03371927019808],[3.721276095030697,51.03371921370636],[3.721282652732275,51.03370526025005],[3.721283191721467,51.03370413041532],[3.721291995211221,51.03369401839349],[3.721302236005466,51.03368588358105],[3.721314003935709,51.03367916106136],[3.721332778725146,51.03367193011469],[3.721348139916479,51.03366825814912],[3.721366914705949,51.03366611146148],[3.721381108087423,51.03366543356006],[3.72138883359886,51.03366543356006],[3.72139000140872,51.0336646991669],[3.721393684501387,51.033665659527216],[3.721403565969525,51.033668992542275],[3.721411201649454,51.033672156081785],[3.721427461156084,51.03367966948723],[3.721440756222293,51.03368560112223],[3.721454320783065,51.03369158924826],[3.721459171685625,51.03369328400079],[3.721465010734958,51.03369424436049],[3.72146860399608,51.03369441383574],[3.721473634561693,51.03369396190177],[3.721480551589377,51.03369215416578],[3.721484773671201,51.033689894495716],[3.721487738111657,51.033687691317276],[3.721489894068323,51.03368520567992],[3.721493038171832,51.03367938702841],[3.721494834802393,51.03367639296471],[3.721498068737411,51.0336717041476],[3.721501302672428,51.03366763673956],[3.72150408744983,51.03366441670795],[3.721506782395656,51.0336614791351],[3.721510195993759,51.03365814611947],[3.721513519760287,51.033655152054436],[3.721520257124918,51.03364978533352],[3.721525018195935,51.03364616985804],[3.72153139623446,51.03364153752967],[3.721537684441441,51.03363690520084],[3.721539570903546,51.033635436413554],[3.721542984501617,51.03363272480611],[3.721546398099687,51.03362978723125],[3.721547925235686,51.03362854441105],[3.721552326980563,51.03362447699922],[3.721554662600317,51.0336221043422],[3.721556549062421,51.03362024011155],[3.721561040638842,51.033615325321385],[3.721565891541368,51.03360950666106],[3.721570652612385,51.03360306658956],[3.721574695031157,51.03359673950093],[3.72157819846077,51.03359035591952],[3.721579995091331,51.033586740439404],[3.721580444248981,51.0335856670937],[3.721581252732735,51.03358363338597],[3.721583318857892,51.033578718591926],[3.721584935825401,51.033574764159525],[3.721586912119016,51.03356973638071],[3.721588529086524,51.03356578194759],[3.721590415548629,51.033561658038344],[3.721592481673786,51.033557760096436],[3.721594637630454,51.03355420110568],[3.721596254597962,51.03355148949352],[3.721598680049225,51.0335479869942],[3.721601824152733,51.0335438065915],[3.721604698761645,51.033540304091595],[3.721607842865119,51.03353674509954],[3.721610627642522,51.03353386401049],[3.721613592082943,51.03353092642936],[3.721619161637714,51.03352589864579],[3.721633175356134,51.03351505218949],[3.721644583960238,51.033505222586285],[3.721647009411535,51.03350262395525],[3.721654285765325,51.0334948845531],[3.721659855320095,51.033487710069714],[3.721661023129955,51.03348595881767],[3.721661741782166,51.03348482897761],[3.721663538412761,51.03348211736139],[3.721663448581218,51.033482060869396],[3.721657968857991,51.03348014014111],[3.721657340037289,51.03347997066508],[3.721639643226202,51.033475564288146],[3.721635780470484,51.03347482989198],[3.721669467293638,51.0334346640516],[3.721769270121698,51.0334659606447],[3.721768731132507,51.03349821758047],[3.721768461637944,51.03351154968746],[3.721768461637944,51.033512001623215],[3.721749417353911,51.03352070138579],[3.721745554598192,51.033522961064115],[3.721744656282894,51.03352363896761],[3.721742410494684,51.03352623759751],[3.721741871505526,51.03352725445266],[3.721741242684824,51.03352855376751],[3.721740793527176,51.033531434856855],[3.721739625717316,51.03353849634962],[3.721739086728157,51.03354713961531],[3.721740074874965,51.033558889934675],[3.721741063021772,51.03356775916417],[3.721743218978439,51.033575950489286],[3.721743218978439,51.033576063473085],[3.721743757967631,51.03357798419735],[3.721748069880999,51.033589621525174],[3.721751303816016,51.03359945111044],[3.721752830951982,51.03360724698697],[3.721753369941173,51.03361956220951],[3.72175220213128,51.033629391788466],[3.721749417353911,51.03364006874254],[3.721747530891807,51.03364470107106],[3.721746273250404,51.03364763864497],[3.721745554598192,51.03364950287453],[3.721744386788333,51.033652270972745],[3.721740973190229,51.03366074474184],[3.721739985043421,51.033663795298324],[3.721738457907456,51.033668992542275],[3.721737649423701,51.033673003458404],[3.721737379929106,51.033674472244485],[3.721737200266053,51.0336767884071],[3.721737200266053,51.03367684489886],[3.721736751108404,51.033680968797796],[3.721736751108404,51.03368170319075],[3.721736661276861,51.033687126399705],[3.721736751108404,51.033688199743054],[3.721737290097562,51.033692719083284],[3.721737379929106,51.03369322750902],[3.721738457907456,51.03369882019185]]],"type":"Polygon"},{"coordinates":[[[3.730554434274282,51.08182872052493],[3.730551918991475,51.08184559400394],[3.730550930844668,51.08185185806983],[3.730547966404213,51.081864950529145],[3.730547876572704,51.08186517626122],[3.73044349233668,51.08187476987123],[3.730377017005668,51.08187612426308],[3.730296797450765,51.08189169976644],[3.730250264719051,51.08189418281719],[3.730118392035345,51.081900503309505],[3.72999325671627,51.08191500657871],[3.729983554911217,51.08192110133639],[3.7299575935995,51.08192160923284],[3.729919594862978,51.08192239929392],[3.729867043418845,51.08193018703849],[3.729801646066182,51.08192742182498],[3.729794100217797,51.08192533380654],[3.729787093358571,51.081922625025705],[3.729780715320045,51.081919295482344],[3.729775145765308,51.0819155144752],[3.729770384694291,51.08191122557122],[3.729766701601625,51.0819065980691],[3.729763826992713,51.081901406236874],[3.729762299856714,51.08189593223927],[3.729761940530608,51.081890458241],[3.729762838845906,51.081884927809114],[3.729765084634117,51.0818795666755],[3.729768498232187,51.081874487706266],[3.729793022239447,51.08184627120031],[3.729819522540322,51.08182561670703],[3.729821049676321,51.081822400022816],[3.729826259904953,51.08181145200824],[3.72982383445369,51.08180219698357],[3.729827697209409,51.0817940141858],[3.729841710927829,51.08179666654114],[3.729855814477792,51.08179277265776],[3.729871265500702,51.081779115846935],[3.729887525007333,51.08174999635245],[3.729902526872594,51.08173137341036],[3.729917798232417,51.081715684986634],[3.729942232408134,51.08169096724349],[3.729959749556168,51.08167132847928],[3.729990921096549,51.08163808928749],[3.730047335296369,51.08156472596133],[3.730057037101456,51.08155332641865],[3.730077518689911,51.081534308363516],[3.730095934153242,51.081525617617615],[3.730116056415625,51.081513145830044],[3.730129800639449,51.08149361985725],[3.730141568569692,51.08147144150243],[3.730160972179831,51.081478552121155],[3.730175794382006,51.08146337151318],[3.730176872360356,51.08146348438019],[3.730205977775546,51.081467660458685],[3.730216038906738,51.081469071295935],[3.730219901662457,51.08146963563083],[3.730229962793649,51.081471046468025],[3.730347103106689,51.08148769434366],[3.730502960808498,51.08151009842443],[3.730506104911972,51.08151054989194],[3.730506284575025,51.08151060632537],[3.730509788004638,51.08151111422634],[3.730510237162287,51.08151145282697],[3.730515267727866,51.08151489526654],[3.730515806717058,51.0815152338671],[3.730519040652075,51.081517378337516],[3.730522364418635,51.08151952280784],[3.730525778016706,51.08152155441118],[3.730531347571477,51.081524883983136],[3.730537186620811,51.08152810068803],[3.730543025670144,51.081531204525895],[3.730549134214073,51.08153419549668],[3.730555242758036,51.081537073600515],[3.730561620796528,51.081539895270744],[3.730586054972279,51.08154847314716],[3.730595397451225,51.081551802717215],[3.730611926452452,51.081557615355855],[3.730632228377854,51.08156269435988],[3.730631509725643,51.081564387361084],[3.730630341915783,51.08156709616293],[3.730624772361012,51.08156692686282],[3.730623155393504,51.08156670112933],[3.730606626392277,51.08156450022784],[3.730603572120312,51.08157364243332],[3.730612016283962,51.081574771100556],[3.730613633251504,51.081574093900215],[3.730611387463293,51.0815858884712],[3.730566561530598,51.08181969123596],[3.730556769894002,51.08181867544084],[3.730554434274282,51.08182872052493]]],"type":"Polygon"},{"coordinates":[[[3.739347503601356,51.03185590992848],[3.739357474901004,51.031872971109976],[3.739365469907038,51.031886586154315],[3.739371039461775,51.0318959641493],[3.739374003902231,51.031900992109705],[3.739374902217495,51.03190246095199],[3.739378315815598,51.031907884369126],[3.73937903446781,51.031908957753735],[3.739380022614617,51.031910483089646],[3.739383256549635,51.03191539806065],[3.739386400653142,51.03191980458588],[3.739386759979248,51.031920256537205],[3.739387837957598,51.03192178187274],[3.739392599028615,51.031928052696166],[3.739397719425737,51.03193426702487],[3.739397809257246,51.03193426702487],[3.739063546140018,51.03194466190011],[3.739059503721245,51.032031379925876],[3.739059054563597,51.032040644904065],[3.739058785069034,51.0320475936365],[3.739057257933035,51.032080190521796],[3.739056179954685,51.032103183458325],[3.739055640965527,51.03210668606683],[3.738997250472059,51.03209228017535],[3.738831062144497,51.032051152742916],[3.738804112685973,51.03203008056905],[3.738798183805097,51.032022453908574],[3.738795938016886,51.032011155150016],[3.738723623636508,51.0319941505132],[3.738348846499985,51.03190585058777],[3.738301145958409,51.03189466478867],[3.738296834045042,51.03185636188038],[3.738293061120832,51.03182336937946],[3.738366722974124,51.031832351929104],[3.738342648124512,51.031652813593254],[3.738358009315878,51.03164224916984],[3.738367082300263,51.03163597830775],[3.738368609436229,51.03163490491682],[3.738385946921209,51.03161965146459],[3.73838657574191,51.03161919951038],[3.738391067318331,51.031615244910775],[3.738409752276258,51.031594003055766],[3.738418645597557,51.03158038792547],[3.738440744153554,51.031524289027004],[3.73844218145801,51.03150005292601],[3.738439217017554,51.03147587330677],[3.73843724072394,51.03146796408279],[3.738276711782659,51.03141892686398],[3.738249852155678,51.03141932232564],[3.738247696198977,51.031403503857035],[3.73819640239628,51.03140497271505],[3.738180681878807,51.031405424671355],[3.738174752997931,51.03140559415497],[3.738125255825762,51.0314070065184],[3.738122740542988,51.03140711950745],[3.738076028148188,51.0314084753763],[3.738074501012222,51.03139118804559],[3.738073153539276,51.03137570853482],[3.738072884044713,51.03137294030058],[3.738072524718574,51.03137079350656],[3.738070638256503,51.03136096344858],[3.738068661962855,51.031349890507165],[3.738062373755873,51.03134034291782],[3.738052851613873,51.03133571035896],[3.73804934818426,51.03133486293957],[3.738044048124086,51.03133362005784],[3.738041802335875,51.03133311160623],[3.73803982604226,51.03133265964919],[3.73803380732984,51.03133243367068],[3.738023386872543,51.03133198171367],[3.738018805464614,51.03133220769218],[3.738008385007316,51.03133271614384],[3.737896275259854,51.031337970143824],[3.737788028268111,51.03134248971321],[3.737775721348709,51.03134328063781],[3.737773385728989,51.03134345012167],[3.737764582239201,51.0313440150678],[3.73776009066278,51.03134429754085],[3.737758653358325,51.03134441053009],[3.737757934706079,51.03134441053009],[3.73775559908636,51.03134458001394],[3.737740237894993,51.03134559691694],[3.737738710759028,51.03134565341154],[3.737691998364227,51.031348704120425],[3.737687596619349,51.03132169969031],[3.73766711503086,51.03132299906703],[3.737645375801002,51.031324411432976],[3.737649777545879,51.03135141586147],[3.737631092587987,51.03135260224815],[3.737555005283399,51.03135751727833],[3.737563718941677,51.031452993048006],[3.73756389860473,51.031454631387895],[3.737581236089711,51.031611120827996],[3.73758626665529,51.03165467790302],[3.737561922311082,51.03165580778771],[3.737527965993365,51.03165733313199],[3.737535152515645,51.03170738699361],[3.737538566113715,51.03173156649206],[3.737540901733435,51.031747441342795],[3.737548088255715,51.031797664589284],[3.737552759495188,51.03183003567435],[3.737560395175116,51.03188347898685],[3.737489428267685,51.031869807447684],[3.737486014669581,51.031869186013985],[3.737460861841619,51.031864327532084],[3.737453944813935,51.03186302817053],[3.737444961661094,51.0318816146863],[3.737437325981198,51.03189743299176],[3.737416125740499,51.031893365427976],[3.737397350951062,51.031891557621755],[3.737414418941447,51.03185619239841],[3.737377947340924,51.03184918714329],[3.737354052154365,51.03184461112932],[3.737326204380544,51.03183879224668],[3.737324407749983,51.03182585511663],[3.737335816354086,51.03181794595238],[3.737344350349279,51.03180879391774],[3.737349740240997,51.03179868148235],[3.737351716534611,51.03178806059813],[3.737350369061699,51.031778061146355],[3.737345967316788,51.031768457151095],[3.737338690962999,51.031759531083146],[3.737328809494859,51.03175167840169],[3.737328809494859,51.03171410979933],[3.737353153839067,51.03170902532452],[3.73737228795461,51.031698234937146],[3.737382977906503,51.03168354644775],[3.737383427064151,51.03166733260977],[3.737378845656188,51.03165829353387],[3.737371569302399,51.03165094928343],[3.737359981035242,51.031645977790134],[3.737346326642893,51.03164411348003],[3.737334918038789,51.031645017387994],[3.737324407749983,51.03164806807717],[3.737313538135036,51.03165761560312],[3.737299973574231,51.0316656942774],[3.737270778327498,51.03167558076499],[3.737237899988131,51.03167880093477],[3.737205830132485,51.031675015822884],[3.737176275559612,51.031664620887206],[3.737175287412805,51.03166433841608],[3.73708069481341,51.03165546882229],[3.737059135246571,51.03158874908481],[3.736937503357109,51.03121159150589],[3.736937323694057,51.03121130903204],[3.736933910095952,51.03121130903204],[3.736928071046619,51.03119260925782],[3.736928160878163,51.03118515194395],[3.736943971227145,51.03118503895436],[3.736965800288546,51.03118509544915],[3.736993737893876,51.031185208438785],[3.73703011966289,51.03118582988166],[3.737042965571451,51.03118599936608],[3.737092193249024,51.03118758122057],[3.737103332358566,51.031188259158235],[3.737120041022845,51.03118927606467],[3.737148966774983,51.03119102740346],[3.737149415932632,51.031187976684194],[3.737150583742492,51.031178824525206],[3.737151302394737,51.031169785354024],[3.73715256003614,51.031169841848836],[3.737186426522347,51.03117210164183],[3.737220203177011,51.031175208856936],[3.737252542527253,51.03117899400965],[3.737268981696936,51.03118136679179],[3.737289373453882,51.03118430452185],[3.737316772070054,51.03118899359064],[3.737320904320369,51.03118972802307],[3.737324677244545,51.03119034946588],[3.737359531877593,51.031197298325814],[3.737384774537065,51.03120300429942],[3.737393128869204,51.03120486862726],[3.737417922371061,51.03121176099022],[3.737452417677969,51.03122130860609],[3.737541530554137,51.03124605330543],[3.737580427605956,51.03125690029279],[3.737581864910412,51.03125729575582],[3.737594710818973,51.03126045945997],[3.737634955343705,51.03127051551808],[3.737639626583178,51.031271701906824],[3.737650496198124,51.03127441365241],[3.737664599748088,51.03127695591372],[3.737668821829912,51.03127769034476],[3.737676188015245,51.031279046217406],[3.737684272852789,51.03128051507936],[3.737689393249911,51.031281249510336],[3.73770116118012,51.031283057340374],[3.737701700169312,51.03128311383505],[3.737703586631417,51.03128339630847],[3.73770879686005,51.03128396125533],[3.73772047495875,51.031285147643736],[3.737723708893766,51.03128548661186],[3.737729817437696,51.03128588207465],[3.737742393851661,51.03128672949489],[3.737744639639871,51.03128689897895],[3.737754790602605,51.031287407431066],[3.737766378869763,51.03128802887255],[3.737777428147761,51.031288085367265],[3.737814438737476,51.0312881983566],[3.737824140542528,51.031288254851276],[3.737839950891543,51.03128859381937],[3.737849742528139,51.03128881979809],[3.737862049447508,51.031289610723604],[3.737874176703857,51.031290401649116],[3.737888100590768,51.031291870510714],[3.737899329531819,51.03129305689891],[3.73791163645122,51.031294638749785],[3.737927177305607,51.031296616063315],[3.737929512925359,51.03129689853665],[3.73793175871357,51.03129718101003],[3.737939753719604,51.03129825440874],[3.737944065632972,51.03129881935543],[3.737960414971146,51.03130102264743],[3.737978021950689,51.03130333892863],[3.73798017790739,51.03130367789661],[3.738000659495845,51.031306841597555],[3.738018446138474,51.03131023127693],[3.738020152937526,51.03131057024488],[3.738021859736578,51.031310965707455],[3.738039736210718,51.031315033322294],[3.738041622672822,51.03131554177415],[3.738041802335875,51.03131559826878],[3.738062014429767,51.03132079577608],[3.738068392468293,51.031322490615274],[3.738075309495977,51.031324298443685],[3.738077375621134,51.031324806895434],[3.738115374357657,51.03133486293957],[3.73813172369583,51.031339834466245],[3.738192449809018,51.03135825170804],[3.738207451674278,51.031362827770074],[3.738297283202691,51.031390114649],[3.738368519604718,51.031411752059164],[3.738361692408544,51.03142254251323],[3.738363129713,51.03142299446936],[3.738446223876781,51.03144881245627],[3.738507848305266,51.03146796408279],[3.738522401012879,51.03147231415617],[3.738567047282489,51.03148542086824],[3.738702962385,51.03152553190363],[3.738721108353735,51.03153089887055],[3.738790637956711,51.03155027644059],[3.738803753359868,51.03155394857393],[3.738858999749827,51.031569315036485],[3.738947843131433,51.03159411604437],[3.739030398306055,51.03161710922203],[3.739050071410755,51.03162230669552],[3.739052047704404,51.031622815144],[3.739118433203905,51.03164027187107],[3.739129212987308,51.031643266066325],[3.739137028330256,51.03164569531892],[3.739139723276115,51.03164654273259],[3.739150053901902,51.03165004537558],[3.739160204864604,51.0316538304895],[3.739170086332742,51.03165784158004],[3.739179877969338,51.03166207864713],[3.739189310279794,51.03166648519648],[3.739198652758775,51.03167111772229],[3.739207635911616,51.03167597622445],[3.739216529232914,51.03168094771453],[3.739218775021124,51.03168236006956],[3.7392240750813,51.03168552374465],[3.739231441266631,51.031690212762754],[3.739238537957368,51.031695127757104],[3.739245185490489,51.03170015573929],[3.739251473697471,51.03170535320345],[3.739252551675821,51.031706426592706],[3.739253629654139,51.03170744348777],[3.739257222915295,51.031710776643656],[3.73926261280698,51.03171659554238],[3.73926746370954,51.031722640416966],[3.73927195528596,51.03172879827909],[3.73927420107417,51.03173224442173],[3.739276087536242,51.03173506912863],[3.739280040123504,51.031741396471425],[3.739280219786556,51.03174173543622],[3.739283813047713,51.03174778030753],[3.739287496140346,51.0317541076486],[3.739298365755292,51.03177246823171],[3.73932154228964,51.03181190109022],[3.739347503601356,51.03185590992848]]],"type":"Polygon"},{"coordinates":[[[3.729653603707356,51.08520825960512],[3.72964390190227,51.08522547042493],[3.729639679820445,51.08523647406044],[3.729335869591353,51.085197876681235],[3.729331108520337,51.08519793311017],[3.729303709904198,51.08519832811275],[3.729288169049779,51.08519985169413],[3.729255470373432,51.085203124572416],[3.729080298893028,51.085220448251945],[3.729059368146891,51.08522247969277],[3.729058380000084,51.085222592550565],[3.729040683188997,51.08522411613113],[3.729036281444119,51.08520594601903],[3.729034484813525,51.08519877954427],[3.729006637039737,51.08508541366606],[3.729004840409175,51.08507830360169],[3.728999540348967,51.08505646554012],[3.728992982647422,51.08503005670768],[3.728967650156408,51.08492679125662],[3.728963607737602,51.08490901603274],[3.728961541612478,51.08490032592081],[3.728956600878409,51.084878657063214],[3.728939712551077,51.08480456529364],[3.72893504131157,51.08478436355676],[3.728931358218904,51.0847683375916],[3.728928483610025,51.08475569738984],[3.728927495463184,51.08475152160812],[3.728927764957781,51.0847415900177],[3.728928034452377,51.084728667661054],[3.728930280240587,51.08471930036094],[3.728931807376552,51.08471326240144],[3.728945192274304,51.084667780176495],[3.728950851660585,51.08464848125369],[3.72896226026469,51.08460982695417],[3.728963877232198,51.08460446613634],[3.728967739987917,51.08459820244317],[3.728969446786969,51.08459543738918],[3.728975465499355,51.08459109230395],[3.728978160445214,51.084589117265075],[3.728985167304441,51.08458533647614],[3.728990647027669,51.084582402132305],[3.728998192876054,51.08458025780397],[3.729003223441633,51.084578790631916],[3.729010948953105,51.08457822633494],[3.729018854127596,51.08457760560828],[3.729026669470576,51.08457811347557],[3.72903637127563,51.084578790631916],[3.729053079939909,51.08458087853059],[3.729419143418187,51.084626868707694],[3.729427048592711,51.08462788444119],[3.729435672419414,51.08462895660424],[3.729450853947728,51.08463087521176],[3.729451752263025,51.08463098807104],[3.729452470915236,51.08463104450066],[3.729449865800921,51.08464012967051],[3.729429114717836,51.084705926561746],[3.729472862672182,51.08470931233408],[3.729501069772108,51.08470801445469],[3.729533319290807,51.084700791473246],[3.729560178917788,51.08468809482344],[3.729571318027329,51.08467477744479],[3.729575629940697,51.0846561556801],[3.729769666042047,51.084680815409314],[3.729791495103448,51.08468352402869],[3.729784937401904,51.0847075630184],[3.729784757738817,51.08472285542084],[3.72982832603011,51.08474531436434],[3.729847819471792,51.08475727741526],[3.729880697811192,51.08476043746589],[3.729892375909859,51.0847616789143],[3.729886447028982,51.084780977789926],[3.729852041553616,51.08489631944009],[3.729841980422425,51.08489502156599],[3.729813773322499,51.0848909022262],[3.729810269892885,51.08489016864508],[3.729770025368186,51.084881817105604],[3.729734901240576,51.08486928979348],[3.729686482046756,51.08485467459177],[3.729655759664023,51.08486833049469],[3.729642284934761,51.08487617417264],[3.729638691673638,51.0849037681082],[3.729686302383703,51.084909523896386],[3.729689356655668,51.08490822602267],[3.729699687281422,51.08490388096681],[3.729699956776018,51.084904106684],[3.729700316102124,51.0849039373961],[3.729736967365733,51.0849380206802],[3.729738225007103,51.084939205694596],[3.729739482648506,51.08494033427972],[3.729783500097448,51.08498135832968],[3.729788710326079,51.08498615481184],[3.729801286740044,51.08499777922534],[3.729829763334567,51.08499947210084],[3.729814581806252,51.085048057601504],[3.729805508821902,51.0850774571654],[3.729777122058923,51.08516870290978],[3.729772720314012,51.08518224586206],[3.72973795551254,51.08517412009118],[3.729705795825351,51.08517688511061],[3.729674264958897,51.085188114473475],[3.729653603707356,51.08520825960512]]],"type":"Polygon"},{"coordinates":[[[3.828390401025354,51.15616944822437],[3.828355187066234,51.15613817822742],[3.828326890134764,51.156113894665665],[3.82826472671712,51.156067412174174],[3.828218283816915,51.15602774707775],[3.828183519015444,51.155997547492795],[3.828114079243978,51.15593033080838],[3.828113001265628,51.15592886590051],[3.828112641939521,51.15592897858576],[3.828086590796262,51.15590655422097],[3.828031524069355,51.155861818144146],[3.827983464201675,51.15581127872052],[3.827952202829783,51.15578507933198],[3.827899292059543,51.15573724428094],[3.827887344466247,51.1557276659962],[3.827833984538392,51.15569318415474],[3.827801824851202,51.155670252589026],[3.82778538568152,51.15566039257569],[3.827761849821066,51.155648335185106],[3.827774875392679,51.155637799051505],[3.827768587185697,51.15563419310148],[3.827776222865626,51.15562743194441],[3.827781792420363,51.15562968566353],[3.827799219736887,51.15561458574326],[3.82781107749864,51.15560872607139],[3.827842338870531,51.15560495109007],[3.827864527258038,51.15560596526417],[3.827875486704494,51.155609402187444],[3.827995052468832,51.155672675334834],[3.828180644406532,51.155802996334785],[3.828304342421152,51.15590148338321],[3.82847304603152,51.15604825573978],[3.828491012337202,51.156076539648915],[3.828489934358852,51.156084483931046],[3.828487329244536,51.15608994914559],[3.828476190134994,51.15610189373597],[3.828452025453839,51.15611226073646],[3.828457774671663,51.156117838632454],[3.828482747836572,51.15610775334522],[3.828498558185587,51.15609135770594],[3.828502870098922,51.15607901871581],[3.828547785863128,51.1560574395608],[3.828563686043686,51.156070341981064],[3.828582999822281,51.15608589249157],[3.828589737186912,51.156091245021095],[3.828580394707965,51.15609575241397],[3.828528561916076,51.15612071209382],[3.828522722866709,51.15611676812723],[3.828390401025354,51.15616944822437]]],"type":"Polygon"},{"coordinates":[[[3.704104079722541,51.071299372603775],[3.704106325510751,51.07130050152161],[3.704098779662366,51.07130625900231],[3.704094108422892,51.07129835657768],[3.704094018591349,51.07129818723998],[3.704075513296508,51.07126685975747],[3.703884261972528,51.07117236916821],[3.703882106015827,51.0711712402472],[3.703880039890669,51.07117005488013],[3.703878153428565,51.071168700174894],[3.703876356798003,51.07116734546959],[3.703874739830494,51.07116587787215],[3.703873212694528,51.071164240936476],[3.703871865221583,51.071162547554664],[3.703870697411723,51.07116079772673],[3.703869529601862,51.071159047898774],[3.703868631286565,51.07115724162466],[3.703867283813652,51.071154588659425],[3.703867193982109,51.07115424998299],[3.70386674482446,51.071153121061535],[3.703866205835302,51.07115187924794],[3.703865307520004,51.07114916983634],[3.703864948193898,51.071147363561835],[3.703864768530846,51.07114640397846],[3.70386449903625,51.071143638120425],[3.703864678699303,51.07113974334049],[3.703868900781161,51.07112834122917],[3.703869709264915,51.071127155861035],[3.703871326232424,51.0711247851246],[3.703877075450248,51.07111710845343],[3.703879051743862,51.071114286147534],[3.703880668711371,51.07111129450308],[3.703882106015827,51.071108302858455],[3.703883273825687,51.0711052547675],[3.703884172140984,51.07110215023023],[3.703884711130143,51.07109955370797],[3.703885160287792,51.07109723941624],[3.703885699276984,51.071092328601786],[3.703885789108493,51.07108736134061],[3.703885429782388,51.07108233763276],[3.703884621298633,51.07107737037056],[3.703884261972528,51.071076128554886],[3.703883183994177,51.07107161286139],[3.703881028037477,51.07106591179771],[3.703879680564564,51.07106325882724],[3.703878153428565,51.07106043651805],[3.703874380504389,51.07105529991488],[3.703869619433373,51.071050501988346],[3.703864588867793,51.07104660720057],[3.703858929481513,51.07104299464348],[3.703856953187865,51.07104180927313],[3.703853180263689,51.07103943853232],[3.703847610708918,51.071035769528464],[3.703842669974849,51.07103176184699],[3.703835213958006,51.07102809284254],[3.703728583933772,51.070975372038575],[3.703712504090195,51.07096741311111],[3.703706395546265,51.07096442145718],[3.703670642597953,51.07094675376116],[3.703638932068413,51.07093111812676],[3.703624918349993,51.07092417522606],[3.703329462453041,51.07077837407036],[3.703327486159426,51.0707774709259],[3.703325689528831,51.07077656778142],[3.703322096267708,51.070774705045814],[3.703318413175042,51.07077278586364],[3.703314909745429,51.07077086668135],[3.703311496147358,51.07076883460592],[3.703309340190691,51.070767366995845],[3.703307543560096,51.07076618161843],[3.70330386046743,51.070763415737666],[3.70330035703785,51.07076053696366],[3.703297033271289,51.07075754529635],[3.703293889167782,51.07075449718229],[3.703290655232764,51.07075099749556],[3.703287600960799,51.070747441361945],[3.70328490601494,51.07074377233495],[3.703283289047432,51.07074145802544],[3.703282300900624,51.070740046861054],[3.703280055112414,51.07073626494033],[3.7032780788188,51.07073242657269],[3.703276282188205,51.07072858820472],[3.703274844883782,51.07072469338981],[3.70327421606308,51.07072299999196],[3.703273497410836,51.07072079857462],[3.703272419432486,51.07071684731246],[3.703270263475818,51.07070781585487],[3.703269275329011,51.07070375169839],[3.703269005834415,51.0707026792126],[3.703267658361503,51.07069754256977],[3.703266131225504,51.070692405926316],[3.703264424426485,51.07068726928233],[3.703264065100346,51.07068636613606],[3.70326253796438,51.07068218908438],[3.703260741333819,51.07067784269241],[3.703258765040171,51.07067355274667],[3.703256609083504,51.07066926280049],[3.70325427346375,51.07066502930062],[3.703251668349434,51.07066085224706],[3.703247176773014,51.07065430443254],[3.703242056375891,51.07064786951049],[3.703237924125577,51.07064324088179],[3.703236396989611,51.07064160392763],[3.703230288445682,51.070635564130754],[3.703223640912561,51.07062969367322],[3.703219957819895,51.07062675844415],[3.703216274727228,51.07062387966164],[3.70320854921579,51.07061829143623],[3.703204686460071,51.07061580778031],[3.703202261008808,51.070614283718655],[3.703202171177264,51.07061422727189],[3.703258765040171,51.07063302402901],[3.703283558542028,51.070639176719645],[3.703315089408481,51.070640305653626],[3.703330540431391,51.07063827357247],[3.703340781225635,51.070634830323584],[3.703359376351986,51.07062387966164],[3.703379318951316,51.070601470309256],[3.7033979140777,51.07058566521794],[3.703416599035593,51.07057352916197],[3.70344148236896,51.070560546400955],[3.703454597772115,51.070551176231994],[3.703465467387062,51.070539999763],[3.703481098072991,51.07051759037],[3.703504005112742,51.07049862422538],[3.703510472982777,51.07049010074715],[3.703569312633894,51.070519057988],[3.703561946448561,51.07052729922673],[3.703558802345087,51.070536556506845],[3.703559341334246,51.07054378169979],[3.703565899035824,51.070552869636195],[3.703581080564137,51.07056652976086],[3.703610275810871,51.070583294453776],[3.703626175991396,51.070595374060396],[3.703639471057605,51.07061021955392],[3.703654113596726,51.0706365801714],[3.703667228999882,51.07065306260555],[3.703687171599179,51.07067039173374],[3.70371169560644,51.07068518075657],[3.703734512814649,51.07069065608061],[3.703758767327313,51.070692123693156],[3.703868721118108,51.07067614929279],[3.703901419794456,51.07067597995287],[3.703932860829399,51.070679931218464],[3.70395747466817,51.07068670481592],[3.703979573224167,51.0706963007439],[3.704050180805494,51.0707434336555],[3.704087820215911,51.070761948127426],[3.704136149578187,51.070775213064636],[3.704202445246146,51.07078644592339],[3.704224004812951,51.07079694497483],[3.704351835077885,51.07085920542982],[3.704362165703673,51.0709039109814],[3.704363153850479,51.07090803156671],[3.704363692839638,51.070911305456114],[3.704366657280093,51.070929876307204],[3.704365579301742,51.070929876307204],[3.704360997893779,51.070929876307204],[3.704359021600165,51.07093151325115],[3.70435479951834,51.07093077944869],[3.704354709686797,51.07093083589506],[3.70432650258687,51.07095318864165],[3.704315543140414,51.07096182492719],[3.704310961732484,51.0709654374906],[3.704307368471328,51.07096933228525],[3.704306559987573,51.070970122533396],[3.704304583693959,51.07097243683143],[3.704302787063397,51.07097480757567],[3.704301259927398,51.070977234766076],[3.704300002285995,51.07097977484894],[3.704298924307678,51.0709823149316],[3.704297756497785,51.07098643550992],[3.704297127677083,51.070990612534096],[3.704297217508627,51.07099484600419],[3.704297756497785,51.070999023027646],[3.704298924307678,51.07100314360444],[3.704300271780592,51.07100636104088],[3.704300900601293,51.07100760285842],[3.7043018887481,51.07100946558462],[3.704303954873257,51.071012457235646],[3.704306290492978,51.071015392440216],[3.70430907527038,51.071018158305925],[3.704311680384695,51.07102041615533],[3.704314554993608,51.071022561112194],[3.704317699097115,51.0710246496227],[3.704320933032133,51.071026568794466],[3.70432425679866,51.0710284315199],[3.704328478880518,51.07103052003014],[3.704342851925043,51.07103757580733],[3.704346624849253,51.07103960787095],[3.70435938092627,51.07104480092206],[3.704372496329427,51.07104779257081],[3.704384174428127,51.07104897794101],[3.704392259265671,51.07104897794101],[3.704402500059914,51.071048357032815],[3.704404745848125,51.07104790546318],[3.704406901804826,51.07104756678601],[3.704409147593036,51.07104722810878],[3.704411393381246,51.0710469458778],[3.704413639169456,51.07104677653918],[3.70441561546307,51.071046720092994],[3.704417681588229,51.071046720092994],[3.704419657881842,51.07104677653918],[3.704421724007,51.071046889431564],[3.704423790132158,51.07104705877017],[3.70442549693121,51.07104728455497],[3.704427293561771,51.07104745389359],[3.704429090192332,51.07104773612462],[3.704430796991385,51.07104807480179],[3.704432413958893,51.071048469925195],[3.704434210589455,51.07104897794101],[3.704435917388507,51.07104954240301],[3.704437624187525,51.071050219757375],[3.704439241155034,51.071050897111725],[3.704440858122542,51.071051630912294],[3.704443732731455,51.071052985620994],[3.704446966666472,51.07105456611442],[3.704447864981769,51.07105496123772],[3.704448673465524,51.07105541280728],[3.704448314139418,51.07105563859205],[3.704418220577387,51.07107985400173],[3.704396122021389,51.07109667495483],[3.704405554331879,51.07110141643046],[3.704291827616908,51.071193479985666],[3.704291198796207,51.07119319775552],[3.704282035980313,51.07118839984327],[3.704279071539891,51.071186988692524],[3.70423721004765,51.071220630514766],[3.704250235619263,51.07122723469513],[3.704240713477263,51.071234967793984],[3.704202804572251,51.07121594549738],[3.704104079722541,51.071299372603775]]],"type":"Polygon"},{"coordinates":[[[3.773815591558426,51.06834868233107],[3.773774179223834,51.06836493978214],[3.773727376997523,51.06837284270766],[3.773675903531738,51.06837594742806],[3.773591012737397,51.06836578652422],[3.773525435721649,51.06835884323868],[3.773501810029686,51.068337110183634],[3.773474141918918,51.06832186881426],[3.773441263579517,51.068279080054204],[3.773425812556642,51.06820716323644],[3.773420692159519,51.06816979354291],[3.773403175011485,51.068160253540796],[3.773321967309809,51.06811435989359],[3.773279297333813,51.06808675594366],[3.773229440835538,51.06804842650532],[3.773188208163999,51.06802217731349],[3.773180123326421,51.06801647587416],[3.773156767129054,51.06800050055027],[3.773140058464775,51.06797340458201],[3.773133590594707,51.067939308799396],[3.773131614301092,51.067911366044896],[3.773140327959337,51.0678740525626],[3.773159102748774,51.06784272276228],[3.773173026635684,51.067813199345416],[3.773199706599645,51.067785764566416],[3.773241118934238,51.0677584991218],[3.773265732773008,51.06773919314507],[3.773322775793563,51.06769984731381],[3.773365894927208,51.06766360621724],[3.773427339692641,51.0676332359307],[3.773458421401445,51.067610768679835],[3.77345797224383,51.067589599777726],[3.773496509969511,51.06756871311818],[3.773554002147681,51.06756351967703],[3.773601433194693,51.067545116826565],[3.77362478939206,51.067519036700766],[3.773666111895143,51.06747178760433],[3.773667549199599,51.067464110327236],[3.7736660220636,51.067433796360355],[3.773697822424683,51.067409804845504],[3.77373438385675,51.06740173240358],[3.773741929705134,51.06739411156557],[3.773741839873592,51.067391401933925],[3.77373438385675,51.06738253917941],[3.773753248477696,51.06733884633942],[3.773809483014496,51.06725473468368],[3.773849008886984,51.0672236302676],[3.773880180427367,51.067199751545616],[3.773890331390068,51.067202009581315],[3.773894104314244,51.067195235473854],[3.773893475493542,51.06719506612115],[3.773896170439401,51.067190945205304],[3.77394342182336,51.06720042895633],[3.773940367551396,51.067204380518696],[3.773936953953292,51.067211211075644],[3.773946476095325,51.06721313040555],[3.773930216588661,51.06725479113454],[3.773917460511643,51.06727985529486],[3.773901739994172,51.06730542749854],[3.773894283977296,51.06732371754278],[3.773899853532067,51.06734488656649],[3.773907938369644,51.06735877344079],[3.77392563518073,51.067379321491046],[3.773951057503255,51.0673977808581],[3.773999386865565,51.0674153370077],[3.774040619537105,51.067413304784935],[3.774080145409592,51.06740884518467],[3.774103681270046,51.06741861114417],[3.774126318815201,51.0674476267574],[3.774137727419306,51.06746569094322],[3.774131259549271,51.06748155355055],[3.774118593303763,51.06749899676732],[3.774091015024538,51.06752191567645],[3.774090206540784,51.067524004344925],[3.774081403050995,51.06754156044664],[3.774085265806715,51.067557084325244],[3.774093260812748,51.06756899537038],[3.774095776095555,51.06757802744049],[3.774119850945167,51.06759676898034],[3.774130810391622,51.06759993020319],[3.77415515473583,51.067616639520296],[3.774182373688916,51.06764605016182],[3.774205190897158,51.06767529143372],[3.774227019958559,51.06769962151268],[3.774228636926069,51.067707411651284],[3.774232320018734,51.067724233830106],[3.774229086083717,51.06773467712598],[3.774222618213648,51.06775533790977],[3.774214353713051,51.0677992561573],[3.774220013099332,51.06783854545396],[3.774237889573472,51.06786332704777],[3.774241662497681,51.0678869796272],[3.774249926998277,51.06790521299166],[3.774251184639681,51.06794162324899],[3.774237889573472,51.06798994441452],[3.774218575794877,51.06804249926978],[3.774197285722634,51.06808974778362],[3.774181924531301,51.068120456469266],[3.774175007503584,51.06813236736943],[3.774162610752672,51.06814043968395],[3.774161083616707,51.068142979922456],[3.774159376817655,51.068153084425454],[3.774151920800812,51.068171769282756],[3.774135571462639,51.06819316371733],[3.774123174711694,51.06820970347132],[3.774106106721309,51.06820750193444],[3.774084187828364,51.06822059825485],[3.774082481029346,51.068221670798145],[3.774081762377101,51.068230589841654],[3.774033073688719,51.06825966139544],[3.774020407443212,51.06827422539028],[3.774004597094196,51.06828071709192],[3.77399642242511,51.068276822071056],[3.773967047515323,51.06827591887778],[3.773937942100133,51.068285289507344],[3.773888804254069,51.06829409563944],[3.773855566588562,51.06830832092618],[3.773838768092741,51.06832627187704],[3.773815591558426,51.06834868233107]]],"type":"Polygon"},{"coordinates":[[[3.711667535088722,51.053270317362504],[3.711667175762582,51.053271164380696],[3.711574379793749,51.05326196011541],[3.711531260660105,51.05325772502339],[3.711508623114949,51.053255466307455],[3.711331565172441,51.053237735383846],[3.711158010659546,51.05322034326103],[3.711158459817195,51.053218649222764],[3.711181636351542,51.05312372651194],[3.711181726183053,51.05312372651194],[3.711192505966455,51.05307951200023],[3.711194482260103,51.0530714370593],[3.711197895858173,51.05305748943075],[3.711200590804032,51.0530465910784],[3.71120499254891,51.05302852126571],[3.711205890864207,51.05302490730232],[3.711249908313115,51.052845225204855],[3.711251345617572,51.05283940895938],[3.711252243932869,51.05283551263919],[3.711252513427431,51.052834722081435],[3.711252962585081,51.052832858623816],[3.711265000009886,51.05278367460892],[3.711274611983429,51.052744824282364],[3.711274522151919,51.052744824282364],[3.711283325641708,51.05270874088306],[3.711291140984655,51.052677062006914],[3.711310275100231,51.052598683518],[3.711312431056899,51.0525899308687],[3.711314946339705,51.052579540624826],[3.711328960058125,51.05252233777299],[3.711331744835493,51.05251093107545],[3.711344590744054,51.05245847152426],[3.71134477040714,51.05245785036664],[3.711352406087035,51.05242707482147],[3.711352316255526,51.05242707482147],[3.711370282561207,51.052350389979566],[3.711371091044962,51.05235050291755],[3.711371989360226,51.05235055938653],[3.711376301273594,51.05235101113859],[3.711376750431242,51.052351067607574],[3.711456071670814,51.05235914267411],[3.711516348626387,51.052365241324814],[3.711516977447089,51.052365297793834],[3.711804438338007,51.052394492249505],[3.711810996039585,51.05239505693899],[3.711816745257408,51.052395508690566],[3.711821057170777,51.052395960442176],[3.711815667279058,51.05243130998946],[3.711814589300708,51.05243859447748],[3.711794377206815,51.052573159658664],[3.711792939902359,51.052582928748095],[3.71176293617187,51.052782037023135],[3.711760241226045,51.052799937526636],[3.711730776484715,51.052996164989786],[3.711726554402891,51.053023947343235],[3.711724937435348,51.05303473276462],[3.711722242489523,51.053052633170445],[3.711717032260858,51.05308758693975],[3.711709755907068,51.05313592361122],[3.711707330455805,51.05315196053311],[3.711705264330648,51.05316579519721],[3.711691250612194,51.05325936259235],[3.711689903139282,51.05325936259235],[3.711689453981633,51.05326094369336],[3.71168927431858,51.053261508372245],[3.711689004823984,51.0532620165833],[3.711688825160931,51.053262411858526],[3.711688555666369,51.053262807133756],[3.711688376003316,51.053263202408985],[3.71168810650872,51.05326354121633],[3.711687837014124,51.05326393649152],[3.711687477688019,51.053264331766734],[3.711687208193422,51.053264727041956],[3.711686759035773,51.05326512231717],[3.711686399709668,51.05326551759238],[3.711685950552019,51.053265856399705],[3.711685681057457,51.053266138739126],[3.711685321731351,51.053266421078575],[3.711684962405212,51.05326664695011],[3.711684513247563,51.05326687282165],[3.711684153921458,51.05326709869318],[3.711683704763809,51.05326738103263],[3.71168316577465,51.05326766337204],[3.711682716617002,51.05326794571144],[3.711682177627844,51.053268171582964],[3.711681638638685,51.05326839745453],[3.711681279312546,51.05326856685815],[3.71168091998644,51.0532687362618],[3.711680470828792,51.05326890566546],[3.711680201334229,51.05326907506911],[3.711680111502686,51.05326907506911],[3.711679662345037,51.053269244472766],[3.711679123355879,51.05326941387642],[3.71167858436672,51.05326958328003],[3.711677955546019,51.053269752683676],[3.711677416556827,51.05326992208733],[3.711676787736125,51.05327003502312],[3.711675979252371,51.05327014795885],[3.711675260600159,51.053270260894635],[3.711674452116406,51.053270317362504],[3.711673733464161,51.05327037383037],[3.711673014811949,51.05327048676615],[3.711672385991248,51.05327054323402],[3.71167184700209,51.0532706561698],[3.711671218181388,51.0532706561698],[3.711670589360686,51.0532706561698],[3.711669870708441,51.05327054323402],[3.71166924188774,51.053270430298284],[3.711668613067038,51.053270260894635],[3.71166807407788,51.05327020442677],[3.711667535088722,51.053270317362504]]],"type":"Polygon"},{"coordinates":[[[3.7313402804848,51.07573987091844],[3.731319978559398,51.075714924220534],[3.73132132603231,51.075715319304095],[3.731322763336766,51.07571571438765],[3.731404599859144,51.075588666631496],[3.731399389630512,51.07558736849622],[3.73141430166423,51.075564114936924],[3.731422655996369,51.0755509642538],[3.731426159425983,51.07554548950478],[3.731427057741247,51.07554407848689],[3.731455264841174,51.07549977250316],[3.731542850581375,51.07536256478635],[3.73155084558741,51.07534997845549],[3.731640138126663,51.07521006112066],[3.73164498902919,51.07520244156829],[3.731680202988309,51.07514718566581],[3.731704277837954,51.075153224873894],[3.731704277837954,51.075153281315075],[3.731700145587639,51.075170890964],[3.731659901062907,51.0752586004618],[3.731681999618905,51.075262269130896],[3.731737246008864,51.07527113037653],[3.731676160569538,51.075366910738396],[3.731632053289086,51.0754361072701],[3.731620554853472,51.075454055456376],[3.731640946610418,51.075459248012116],[3.731643192398628,51.075462070053035],[3.731690174287991,51.07552105066876],[3.731688287825886,51.075521107109545],[3.731677777537046,51.07552325185776],[3.731668704552696,51.07552708982806],[3.731661697693469,51.0755322823756],[3.731657475611644,51.075538377974134],[3.73165630780175,51.07554492509763],[3.731658373926908,51.075551246457316],[3.73166574011224,51.07555847086736],[3.731677328379431,51.07556332476722],[3.731691342097851,51.07556507442869],[3.731705715142377,51.075563494089316],[3.731715416947463,51.07556016408832],[3.731715506779006,51.07556016408832],[3.731755751303706,51.07561107356896],[3.731760512374722,51.07561705627587],[3.731762758162932,51.075619878307165],[3.731754403830792,51.07562247457581],[3.731751708884933,51.075626989825246],[3.731750002085915,51.07562969897469],[3.731750720738126,51.075633536936195],[3.731753775010091,51.07563878591238],[3.731740390112372,51.07564279319485],[3.731760242880126,51.075667175525965],[3.731762488668336,51.07566999755421],[3.73172475942641,51.07568196295204],[3.731722513638199,51.075679140924535],[3.731698348957078,51.075648267932394],[3.731683796249466,51.07564499437806],[3.73168343692336,51.07564454285331],[3.73168119113515,51.075641720823526],[3.731628639691015,51.07557421781971],[3.731618398896772,51.07556264747891],[3.731605912314317,51.07555192374583],[3.731591539269791,51.07554227238393],[3.731574920437021,51.07553352407166],[3.731556774468286,51.07552618677627],[3.731537191195096,51.075520316939105],[3.731532879281727,51.07551941388714],[3.731503684034994,51.075565130869364],[3.73150736712766,51.075566090361114],[3.731518775731764,51.07556947680237],[3.731529286020605,51.075573822734945],[3.731538897994147,51.07557901527725],[3.731549587946007,51.075586860530265],[3.73155803210969,51.07559572171373],[3.731611302206035,51.07566384553246],[3.731613547994245,51.075666724001444],[3.731609685238526,51.07567671398074],[3.731632951604384,51.07570724831079],[3.731635107561051,51.075710070336584],[3.731623429462384,51.07571373896985],[3.731608876754772,51.07571831065091],[3.73157644757302,51.07567823787568],[3.731567913577794,51.075667627050535],[3.731554079522427,51.07567197297388],[3.731480597332189,51.07569533936006],[3.73147790238633,51.07569618596803],[3.73147673457647,51.07569658105174],[3.731417805093844,51.0757152628636],[3.731417086441599,51.075715488625626],[3.7313402804848,51.07573987091844]]],"type":"Polygon"},{"coordinates":[[[3.721416861035734,51.08730449034605],[3.721471119278887,51.08732412671882],[3.721482707546044,51.08735747467768],[3.721497799242814,51.087388678414364],[3.721488726258464,51.08738912982448],[3.721478395632676,51.08739138687511],[3.721468693827624,51.087394716024626],[3.721464381914256,51.08740306711041],[3.721457015728924,51.08741028966989],[3.721449649543591,51.087417455802026],[3.721448391902188,51.08742433980191],[3.721445876619415,51.08743116737456],[3.721433659531557,51.08743867206068],[3.721422071264366,51.087445499631215],[3.7214183881717,51.08745193221741],[3.72141156097556,51.087462145356774],[3.721404823610928,51.08747162495374],[3.721396289615736,51.08747613904689],[3.721390809892475,51.08748144310572],[3.721379221625318,51.08749052771573],[3.721371765608475,51.08750113582954],[3.721367992684266,51.087510276861785],[3.721355146775705,51.087521957067054],[3.721345983959812,51.08752991314724],[3.721307536065641,51.08755863402096],[3.721275915367644,51.0875759568183],[3.721251481191927,51.08759028903008],[3.721236748821262,51.08761077167153],[3.721220758809194,51.08763085932209],[3.721206475596178,51.08766082150372],[3.721198390758634,51.087676395059425],[3.721177370180986,51.087694225645706],[3.72116533275618,51.087696313403754],[3.721092389555101,51.08773112816639],[3.721030944789669,51.08780024978112],[3.720987556161461,51.087881841366496],[3.720933208086766,51.08798521307153],[3.720895838170945,51.08806590152353],[3.720872122647439,51.08814280933663],[3.720886226197402,51.08817751091255],[3.720770972346432,51.08813395055617],[3.72091021121547,51.087901985324955],[3.720923685944733,51.087882518474466],[3.720903024693225,51.0878746753063],[3.720489979325583,51.087717416682786],[3.720639997978024,51.08756111676754],[3.720506238832213,51.087513436724386],[3.720393949421698,51.087473374164894],[3.720372659349455,51.087465756632035],[3.720444075414569,51.0873864213636],[3.720713749662858,51.08708651476281],[3.720714917472717,51.08708521695018],[3.720738004175523,51.08705954282273],[3.720849215607688,51.08694714076067],[3.720900778905015,51.08689122176157],[3.720916499422486,51.08687418084228],[3.721071189314401,51.08670619766918],[3.721266572888697,51.08672724497289],[3.721385689495386,51.08673695042874],[3.721411920301665,51.086745470914444],[3.721466627702466,51.08673441121081],[3.721474802371554,51.08672938920165],[3.721478754958816,51.08672391577534],[3.721479743105622,51.086711896805966],[3.721479024453378,51.08670461771033],[3.721475431192255,51.086698185020204],[3.721452434320993,51.08667031001936],[3.721449110554433,51.08666308734432],[3.721441115548399,51.086625901835525],[3.721441205379942,51.08661636563798],[3.721443361336609,51.08660761941961],[3.721446235945521,51.08660067887096],[3.721456386908222,51.086586572061506],[3.721464381914256,51.086579405800634],[3.721468693827624,51.086576528010546],[3.721481988893833,51.0865721831114],[3.72149690092755,51.08656902318454],[3.72153480983253,51.08656512970286],[3.721560681312703,51.08656292903918],[3.721576761156315,51.086578841528066],[3.72160173432119,51.086604967340165],[3.721617724333258,51.086627594651425],[3.721627156643748,51.086637017992274],[3.721633714345326,51.086642209293],[3.721643775476484,51.08664813414636],[3.721650153515009,51.08664988338864],[3.721661382456061,51.08665005267015],[3.721666952010832,51.086648698418074],[3.721697854056618,51.08663346307947],[3.721721749243176,51.08661331856854],[3.721736481613808,51.0865978575094],[3.721745195272086,51.08659097338648],[3.72175444791949,51.08658640277976],[3.721762442925525,51.08658312999934],[3.721775468497137,51.08658002650043],[3.721790200867802,51.08657805154648],[3.721792985645204,51.08657686657406],[3.721801250145801,51.08658442782607],[3.721827570783623,51.08660852225515],[3.721845357426253,51.086624773291526],[3.721844818437094,51.08662511185473],[3.721843920121797,51.08662595826271],[3.721842123491235,51.086627933214615],[3.721827660615166,51.086645933486615],[3.721823079207202,51.08664954482561],[3.721818677462325,51.0866511812135],[3.721799543346749,51.086655413250874],[3.721756873370753,51.08666145095685],[3.721711508448932,51.086665231576106],[3.721689230229882,51.086668673632154],[3.72168410983276,51.08667025359222],[3.72167359954392,51.0866752756078],[3.721672431734059,51.086676573431944],[3.721671713081848,51.086679281934444],[3.721674587690761,51.08668328826075],[3.72168303185441,51.08668932596305],[3.721694620121566,51.08670337631407],[3.721694530290057,51.08674123888531],[3.721693362480197,51.086744624508654],[3.721690398039742,51.08674868725633],[3.721687792925426,51.08675105719232],[3.72167575550062,51.086759239113206],[3.721631648220169,51.08678180992201],[3.721623563382592,51.08678519554238],[3.72158170189035,51.0868000358421],[3.721546757425826,51.08678604194743],[3.721548015067195,51.08680517069752],[3.721660933298412,51.0868515536516],[3.721700010013285,51.086826895079625],[3.721842572648884,51.08678671907149],[3.721953784081049,51.08672414148365],[3.721974086006484,51.08674276241585],[3.72202286452641,51.08678705763347],[3.721978038593713,51.08682080096828],[3.72185694569341,51.08690662629584],[3.721810233298643,51.08693974884841],[3.721779780410505,51.08696954219744],[3.721700010013285,51.08704758036725],[3.721614131072135,51.087137467987525],[3.721554303274211,51.08720754973978],[3.721528880951653,51.08718926755377],[3.721460249663942,51.08725144952729],[3.721416861035734,51.08730449034605]]],"type":"Polygon"},{"coordinates":[[[3.715552119871837,51.07385240640773],[3.715547448632363,51.073858276456484],[3.715526877212332,51.07386606555844],[3.715516097428929,51.07386911346756],[3.715499298933107,51.0738702987655],[3.715473966442125,51.07386894413931],[3.71546309682718,51.07386634777228],[3.71544647799441,51.07385951819745],[3.715441986417989,51.07385658317323],[3.71543812366227,51.07385404324833],[3.715434260906551,51.07385043091039],[3.715430308319289,51.07384676212939],[3.71542905067792,51.0738453510597],[3.71541243184515,51.073851559766],[3.715399496105046,51.07383716685462],[3.71539132143596,51.07382819244876],[3.715332481784877,51.073764186258536],[3.715287835515233,51.073715532463886],[3.715269959041093,51.07369605964308],[3.715261694540464,51.07368708520986],[3.71519018864384,51.07360919382969],[3.715137547368196,51.073551565412565],[3.715133864275529,51.07354761439215],[3.715116167464443,51.073528197943844],[3.715111855551075,51.07352345671688],[3.715108980942164,51.07352040878501],[3.715094068908446,51.07350404025845],[3.715089038342867,51.073498508824066],[3.715033073300662,51.07343726789892],[3.715027234251328,51.07343083336382],[3.715005854347543,51.073407409390825],[3.715004866200735,51.07340633696769],[3.715003249233227,51.07340458722461],[3.714974592975651,51.073373148281235],[3.714967496284915,51.073365471983024],[3.714956536838459,51.07335344954281],[3.714953213071899,51.0733498371658],[3.714928599233128,51.073322970102964],[3.71489634971443,51.073287805835385],[3.714868412109098,51.0732573263523],[3.714812267403842,51.073196028664356],[3.714805530039211,51.0731887474419],[3.71479843334844,51.07318095822593],[3.714790977331599,51.073172773903345],[3.714746510725041,51.07312400659952],[3.714697193215924,51.07306998997733],[3.714693599954801,51.073066038915776],[3.7146929711341,51.07306547447837],[3.714692342313398,51.07306491004096],[3.714691713492697,51.07306440204729],[3.714690994840485,51.07306395049735],[3.71469027618824,51.07306344250371],[3.714689018546838,51.07306270873503],[3.714687671073925,51.07306197496635],[3.714686323600978,51.07306135408516],[3.714684886296522,51.07306073320397],[3.7146834489921,51.07306022521028],[3.714681652361505,51.07305971721654],[3.714679855730944,51.073059378554085],[3.714677969268839,51.07305903989159],[3.714676082806768,51.073058870560345],[3.714674196344663,51.07305870122909],[3.714672489545611,51.073058644785355],[3.714670782746593,51.073058644785355],[3.714669075947541,51.073058644785355],[3.714667369148489,51.073058757672825],[3.71466566234947,51.073058870560345],[3.714663686055823,51.07305909633533],[3.714661619930665,51.073059434997816],[3.714659643637051,51.07305983010405],[3.714657757174946,51.07306033809775],[3.714655870712875,51.07306095897894],[3.714653804587718,51.07306169274765],[3.714647696043788,51.07305486305406],[3.714639701037754,51.07304554983393],[3.714622812710422,51.07302585095605],[3.71462604664544,51.07302443986133],[3.714639341711648,51.073018739038204],[3.714717225646764,51.07298521141077],[3.714873263011625,51.073005248968805],[3.71487739526194,51.07300666006412],[3.714909375286043,51.07304238898302],[3.714925095803515,51.07305994299152],[3.715031725827749,51.073175426752876],[3.715041517464345,51.073186038149544],[3.715207436297311,51.073365697756515],[3.715212916020538,51.073371680753745],[3.715311730701792,51.07347892302549],[3.715326373240913,51.07349484001517],[3.715383685756065,51.07355698395436],[3.715423301460095,51.0735999371642],[3.715542597729804,51.073730772057026],[3.715554904649206,51.073744261914925],[3.715555084312259,51.07374443124367],[3.715557150437416,51.07374668896007],[3.715579248993413,51.07377062074728],[3.715580506634817,51.07377208826212],[3.71559461018478,51.073787666493786],[3.715572062471133,51.073795850707626],[3.715567660726256,51.07379743110737],[3.715549514757488,51.07380160787788],[3.715548346947627,51.07380200297778],[3.715549874083626,51.07382187085368],[3.715552119871837,51.07385240640773]]],"type":"Polygon"},{"coordinates":[[[3.68988824035135,51.06500680817109],[3.689705073864912,51.065067439263906],[3.689705163696456,51.065067834438366],[3.68951166658423,51.06513173974953],[3.68945076080799,51.06515178070795],[3.689415636680379,51.06501849405831],[3.689507713997002,51.06501087282784],[3.689508522480756,51.06501081637428],[3.689512744562581,51.06501036474575],[3.689682436319756,51.064993654487736],[3.689685310928668,51.06499337221983],[3.689685131265615,51.06499252541605],[3.689741186139329,51.06498659778913],[3.689879077535455,51.064970903687616],[3.68988824035135,51.06500680817109]]],"type":"Polygon"},{"coordinates":[[[3.770293566823976,51.03704142901348],[3.770530362732864,51.03707871085907],[3.77065055731787,51.03709746474581],[3.770681549195199,51.03718355176708],[3.770681908521305,51.03718366474204],[3.770680291553796,51.037185415854346],[3.770675979640428,51.03718490746689],[3.77065657603029,51.037185133416855],[3.770632411349135,51.037185415854346],[3.770632141854572,51.0371855288293],[3.770624146848539,51.037188522666284],[3.770621182408084,51.03718965241605],[3.770620284092819,51.037189934853465],[3.770607887341874,51.0371946233146],[3.770607797510365,51.0371946233146],[3.770607617847312,51.03719473628957],[3.770616960326259,51.03720078044961],[3.770642202985731,51.03720371779815],[3.770644448773941,51.037204000235484],[3.770658192997799,51.0372055818846],[3.770661606595869,51.03720597729687],[3.770660079459903,51.037207671920825],[3.770660438786009,51.03720772840828],[3.770488052082974,51.03740616844723],[3.7704849079795,51.03740509519],[3.770454544922873,51.03740340057321],[3.770393908641195,51.03739650913111],[3.769833090409321,51.037332000664215],[3.769734185896559,51.03727325382114],[3.769799852743816,51.03722269758408],[3.769822041131356,51.03723088826308],[3.769865070433457,51.037229702026885],[3.769920047328821,51.03717784652977],[3.77003359438074,51.03706069130413],[3.770062160806772,51.03703515888197],[3.770053806474632,51.03702702465604],[3.77007922879719,51.03700747991286],[3.770231942395491,51.03703160015828],[3.770231852563947,51.03703165664598],[3.770272636077838,51.037038096241],[3.770293566823976,51.03704142901348]]],"type":"Polygon"},{"coordinates":[[[3.770019760325372,51.03746282509717],[3.769914926931733,51.03753224775719],[3.769796618808798,51.03760986092526],[3.769759608219083,51.03762624214499],[3.769752331865294,51.03762194913625],[3.769744606353856,51.03761703477045],[3.769652169711128,51.03756133858869],[3.769611386197204,51.03753676672249],[3.769579585836154,51.03751767409106],[3.769461367544762,51.037446556793995],[3.769713165318912,51.03728025825635],[3.770019760325372,51.03746282509717]]],"type":"Polygon"},{"coordinates":[[[3.770295453286081,51.03763251219651],[3.770299226210256,51.03763912116885],[3.770300933009309,51.037639799012105],[3.770312700939518,51.03767256142462],[3.770302010987658,51.03768493205365],[3.770281439567627,51.03770876951216],[3.770232391553139,51.037765708225976],[3.77021199979616,51.03778926320917],[3.770162951781673,51.03784563695721],[3.770162592455534,51.037846145337404],[3.770142739687781,51.03786907892647],[3.770142290530131,51.03786953081973],[3.770078959302595,51.03794279395723],[3.77004527247944,51.03798109183498],[3.770026767184599,51.03800244373538],[3.770018502683969,51.03801210292519],[3.770010148351829,51.03802176211298],[3.769979695463692,51.038056896685504],[3.769956698592431,51.038083501786204],[3.769945289988327,51.03809671960123],[3.769939361107451,51.038103610939196],[3.769849349915985,51.038207545748264],[3.769804523983289,51.038258948203556],[3.769802996847323,51.038260755761385],[3.769793205210727,51.03827199651006],[3.76974882843568,51.038322890518884],[3.769731311287646,51.038342943081965],[3.76968073613716,51.038401123708695],[3.769623693116605,51.03846726877913],[3.769608242093729,51.03848545724478],[3.769607613273028,51.03848664344883],[3.769607074283836,51.03848782965283],[3.769606535294677,51.038489015856804],[3.769606175968572,51.03849020206076],[3.769605816642466,51.03849144475056],[3.76960554714787,51.038492630954444],[3.769605367484818,51.038493873644185],[3.769605187821765,51.03849505984802],[3.769605187821765,51.0384951163339],[3.769605187821765,51.038496302537695],[3.769605187821765,51.03849748874145],[3.769605187821765,51.03849754522733],[3.769605277653274,51.03849867494518],[3.769605277653274,51.038498787916936],[3.76960554714787,51.03849997412064],[3.769605726810923,51.03850121681018],[3.769606086137029,51.03850240301382],[3.769606535294677,51.03850358921743],[3.769606984452326,51.038504775420996],[3.769607523441484,51.03850590513863],[3.769608152262186,51.03850703485627],[3.769608781082888,51.0385081645739],[3.769608870914431,51.03850822105977],[3.769609499735132,51.038509237805584],[3.769609589566642,51.03850929429145],[3.769610398050396,51.03851036752315],[3.769611296365694,51.038511440754775],[3.769612194680958,51.038512457500524],[3.769613182827798,51.03851347424625],[3.769614260806116,51.03851449099195],[3.769615428616008,51.03851545125177],[3.769616596425869,51.03851641151153],[3.768981128193864,51.038364972648246],[3.769048501840173,51.03823494156945],[3.769063054547785,51.03821889948233],[3.769142465618899,51.03813179763057],[3.769149652141179,51.038123889542554],[3.769349527291896,51.03790455253447],[3.769542395583386,51.037684536645465],[3.769588479157485,51.03764849799974],[3.769652169711128,51.03756133858869],[3.769744606353856,51.03761703477045],[3.769752331865294,51.03762194913625],[3.769759608219083,51.03762624214499],[3.769796618808798,51.03760986092526],[3.769914926931733,51.03753224775719],[3.770019760325372,51.03746282509717],[3.770072850758665,51.03749462735386],[3.770110490169082,51.03751716570725],[3.770156573743148,51.03754478788485],[3.770267964838365,51.03761172499539],[3.770282158219872,51.037620141553504],[3.770288985416012,51.03762522537979],[3.770295453286081,51.03763251219651]]],"type":"Polygon"},{"coordinates":[[[3.713602236716106,51.078985874694446],[3.713624874261261,51.07902633966041],[3.713607177450175,51.079030233776585],[3.713553458196181,51.07904185968677],[3.71353989363541,51.07904468150919],[3.713532527450077,51.079045753801644],[3.713524981601692,51.07904631816611],[3.713517435753306,51.07904637460254],[3.713509979736431,51.079045923110996],[3.713502523719588,51.0790449636914],[3.713495337197308,51.07904355278022],[3.713488330338082,51.07904185968677],[3.713481503141941,51.0790397151016],[3.713475214934959,51.079037119024704],[3.713469286054083,51.07903412789244],[3.713463896162365,51.079030741704784],[3.713459045259838,51.079026960461555],[3.713455541830225,51.07902396932864],[3.713452397726718,51.0790208088861],[3.713474675945767,51.07896476743177],[3.713602236716106,51.078985874694446]]],"type":"Polygon"},{"coordinates":[[[3.685364683906649,51.072706490900835],[3.685365761884966,51.072707394007644],[3.685373487396404,51.07271732818168],[3.685383997685244,51.07273081833502],[3.685394597805594,51.072744364928546],[3.685396843593804,51.072747187135036],[3.685401694496331,51.0727554844211],[3.685387950272506,51.072758024406355],[3.68537151110279,51.072761072388445],[3.685389477408472,51.07279177797468],[3.685390914712928,51.072797083717276],[3.685391274039033,51.07279826904268],[3.68539154353363,51.07280504233009],[3.685390375723769,51.07281181561646],[3.685387680777911,51.07281836312573],[3.685383548527596,51.072824628413876],[3.685377799309772,51.07283078081314],[3.685370792450578,51.07283625588334],[3.685362348286895,51.07284111006875],[3.685356419406019,51.07284365004926],[3.685353275302511,51.07284500470551],[3.68534914305223,51.07284624647367],[3.68529506447213,51.072842351837025],[3.685240087576732,51.072838344312004],[3.685238290946171,51.07284793979389],[3.685236494315576,51.07285798682571],[3.685227241668172,51.07285730949776],[3.685081804423661,51.07284743179781],[3.685084229874924,51.07283744120774],[3.685089979092748,51.072836368771355],[3.685107765735377,51.07273668852604],[3.685136781319058,51.07257373400453],[3.685148189923163,51.07257441133663],[3.685161484989372,51.072577910885485],[3.685188793774001,51.07258925619531],[3.685178373316704,51.07260110950114],[3.685167952859406,51.072612906359645],[3.685194093834177,51.072624364549476],[3.685217629694629,51.072637628952826],[3.685235685831821,51.072648692026796],[3.685250957191678,51.07265924710003],[3.68527018113873,51.07267245504918],[3.685287518623711,51.072684364777885],[3.685329739442092,51.07272206949123],[3.685347256590125,51.07271428019671],[3.685364683906649,51.072706490900835]]],"type":"Polygon"},{"coordinates":[[[3.749969992004526,51.07483416170806],[3.749963883460597,51.074837153111844],[3.749963613966,51.07483726599497],[3.749945467997266,51.07484590155572],[3.749940886589335,51.07484770768586],[3.749936305181372,51.07484906228344],[3.749931454278845,51.074850021790034],[3.749926603376319,51.07485058620563],[3.749921752473759,51.07485081197188],[3.749916542245128,51.07485058620563],[3.749870907828677,51.07484618376358],[3.74965594098119,51.074822816948604],[3.749613720162843,51.07481818873747],[3.74962072702207,51.074791491852004],[3.749620816853579,51.0747913225271],[3.749620816853579,51.07479120964385],[3.749620906685123,51.07479092743566],[3.749621805000387,51.07478742805415],[3.749622254158036,51.07478567836328],[3.749622164326525,51.07478567836328],[3.749557395794533,51.07477862315754],[3.749555958490077,51.07478421088059],[3.74954895163085,51.07481147218632],[3.749480769500787,51.07480407833483],[3.749475559272155,51.07480351391862],[3.749095661738509,51.07476253728446],[3.749086409091071,51.074761521334395],[3.749082995493001,51.07476016673425],[3.749077964927389,51.07475773974226],[3.749069341100653,51.074752377782744],[3.749060178284759,51.07474255692899],[3.748905129066739,51.07457436037452],[3.748901805300178,51.0745708045347],[3.748929024253298,51.07456109652625],[3.748932527682911,51.074559798362195],[3.748935042965683,51.074558895291496],[3.748934683639578,51.07455850019806],[3.748913393567336,51.07453552833143],[3.748910968116072,51.07453643140259],[3.74890351209923,51.07453908417396],[3.748903062941581,51.07453925349979],[3.748879347418076,51.07454777623227],[3.748865872688814,51.07453202893062],[3.748864435384358,51.07452683627083],[3.748864165889761,51.07452356263719],[3.748864345552847,51.074520401887234],[3.74888006607032,51.07446604824286],[3.748881413543233,51.07446158932216],[3.748904410414494,51.07438223175017],[3.748922825877825,51.074315347773364],[3.74892354453007,51.07431252566251],[3.748941061678104,51.07424863302677],[3.74896828063119,51.07415426141049],[3.748970346756347,51.07414709322362],[3.748981306202837,51.07410916390149],[3.749013016732343,51.07399836720654],[3.749019304939359,51.073978838062146],[3.749068891943038,51.07398442588173],[3.749077964927389,51.0739854418489],[3.749080749704791,51.07398578050458],[3.749092607466511,51.073944972474294],[3.749089822689142,51.073944633818286],[3.749085420944264,51.07394423871961],[3.749085061618125,51.07394418227695],[3.749082995493001,51.073944012948935],[3.749028916912868,51.07393803002571],[3.74905622569753,51.07384117429315],[3.749056854518232,51.07383902946693],[3.749067095312443,51.073802680291855],[3.749100602472544,51.073685561249356],[3.749100782135597,51.07368488393356],[3.749130246876927,51.07358153671389],[3.749131684181383,51.07357651327679],[3.749139589355874,51.07354885614146],[3.749172647358327,51.07342981738452],[3.749257178826564,51.073434840837535],[3.749322306684662,51.07343845320792],[3.74937234284599,51.073440485166124],[3.74937386998199,51.07344065449598],[3.74937234284599,51.07344731480279],[3.749370815710025,51.07345408799521],[3.749370725878482,51.073454539541316],[3.749380068357429,51.07345538619028],[3.74939848382076,51.07345702304492],[3.749398663483813,51.07345702304492],[3.749400100788269,51.07345104005872],[3.749401807587321,51.07344415397933],[3.749470438875033,51.07344770990571],[3.749637435686349,51.073360166305584],[3.749816649585525,51.073265679990385],[3.749844138033206,51.07325123045323],[3.74984494651696,51.07325196421891],[3.749855187311205,51.073247335850674],[3.74986147551822,51.07324451367469],[3.749852761859942,51.07323672446806],[3.749840095614434,51.07322520998632],[3.74985824158317,51.073215671026254],[3.749859409393063,51.073215050147134],[3.749871895975484,51.07320850269399],[3.749880250307657,51.07320404365212],[3.749894174194535,51.07319670598735],[3.749980412461823,51.07327228387891],[3.749996761799997,51.07328656407906],[3.75002254344866,51.07330914146161],[3.750072579609988,51.073352997995705],[3.750199421728082,51.073464134895396],[3.750204452293694,51.073468537468976],[3.750320963786034,51.073570643192305],[3.750331024917226,51.07357944831873],[3.750418071668236,51.07365575934447],[3.750428042967884,51.073664508011696],[3.750434959995601,51.07366953143924],[3.750444751632196,51.07367664325711],[3.750474396036546,51.07369820447594],[3.750501884484262,51.07371587112154],[3.750515089718927,51.073723208704024],[3.750517605001733,51.07372416823392],[3.750530540741803,51.07372890944035],[3.750537188274925,51.073731392929226],[3.750539074737029,51.073732070244375],[3.750544105302608,51.07373393286091],[3.750544195134152,51.07373393286091],[3.750569976782782,51.0737417219838],[3.750659359153544,51.073757808211795],[3.75130425969604,51.07387362888812],[3.751280813667129,51.07388198241496],[3.751255391344572,51.07389964899045],[3.751216584124295,51.07394062638872],[3.751187478709104,51.073983861455574],[3.751185232920893,51.07399040879896],[3.751184334605596,51.07399706902665],[3.751184604100192,51.07400361636823],[3.751186041404648,51.074010107266254],[3.751189634665771,51.07401151833092],[3.751185771910052,51.07401563863949],[3.751198797481665,51.07402037981606],[3.751202660237384,51.07401614662273],[3.751206433161594,51.07401693681885],[3.75121020608577,51.074017331916906],[3.751214158673032,51.07401738835948],[3.751217931597241,51.07401704970399],[3.751221614689874,51.07401637239305],[3.751225118119487,51.0740153564266],[3.751242545436011,51.073996561043245],[3.751269315231482,51.07396698510921],[3.751281711982394,51.07394977010077],[3.751307852957163,51.07390371286627],[3.751313692006496,51.07389496424427],[3.751322495496284,51.07387690256775],[3.751325639599792,51.07387746699524],[3.751312793691232,51.07390207602744],[3.751181459996684,51.07415121352016],[3.751175980273457,51.074161598923425],[3.75117499212665,51.074163461522716],[3.751172656506896,51.07416656585462],[3.751172566675387,51.07416667873944],[3.751169422571878,51.07416944441675],[3.7511431917656,51.074186094919796],[3.751095670887044,51.07421629157948],[3.750961282920565,51.07430151942856],[3.750956432018005,51.074299543950396],[3.750940531837481,51.07429310953519],[3.750927416434325,51.07428825550209],[3.750917085808571,51.074299261739185],[3.750918972270675,51.074299939046035],[3.750926877445167,51.07430281759987],[3.750923284184043,51.07430513173124],[3.750789614869742,51.0743887790372],[3.750723948022485,51.07443082840179],[3.750720085266766,51.07443325541092],[3.750648130212493,51.074479425002366],[3.750616868840635,51.07449743000169],[3.75039875788964,51.074611781338696],[3.750363454098977,51.07458621317188],[3.750357525218101,51.07458158493708],[3.750331563906384,51.0745950181051],[3.750334797841402,51.074597557989335],[3.750336594471963,51.07459891259425],[3.75033910975477,51.07460083161775],[3.750371359273468,51.074625496707114],[3.750247481595796,51.07469079986646],[3.750212357468185,51.074708917667024],[3.750211369321379,51.07470942564262],[3.750125400548686,51.07475384526645],[3.749969992004526,51.07483416170806]],[[3.749757630271354,51.07331241518116],[3.749749545433811,51.07331687421258],[3.749747928466303,51.073317777307494],[3.749767601571003,51.07333109795553],[3.749778561017492,51.07332471984914],[3.749759157407354,51.073311455642674],[3.749757630271354,51.07331241518116]]],"type":"Polygon"},{"coordinates":[[[3.703943999938908,51.05967203374561],[3.704029429722442,51.059688520084364],[3.70403041786925,51.05968874592462],[3.704034011130373,51.05969010096586],[3.704069943741738,51.05970365137644],[3.704096893200262,51.05971381418179],[3.704099138988472,51.0597148304622],[3.704101205113629,51.0597159032026],[3.704103091575734,51.05971714532304],[3.704104888206295,51.059718443903485],[3.704106415342261,51.059719911863915],[3.704107852646716,51.05972149274434],[3.70410902045661,51.05972313008471],[3.704109918771874,51.05972476742503],[3.704110367929523,51.05972612246526],[3.704110727255629,51.05972753396545],[3.704110906918682,51.0597289454656],[3.704110817087172,51.059730300505706],[3.704110637424119,51.05973171200577],[3.70411018826647,51.059733179965775],[3.704109559445768,51.05973459146575],[3.704108661130471,51.0597359465057],[3.704107672983664,51.05973724508558],[3.704106415342261,51.05973854366546],[3.704084137123244,51.059761861636794],[3.704131568170223,51.05978004174189],[3.704131119012574,51.059781904919994],[3.704095635558858,51.0598183215672],[3.704089257520333,51.059824927374564],[3.704089167688823,51.05982498383444],[3.704066799638229,51.05984801946295],[3.704066170817562,51.05984864052143],[3.704027902586443,51.05988680737039],[3.704019817748899,51.059894768203236],[3.704019188928199,51.05989538926106],[3.704055211371073,51.05991492434843],[3.704082340492649,51.059932088117826],[3.704134173284539,51.059968391727494],[3.704159236280991,51.05998707988873],[3.70418088567934,51.06000396133303],[3.704203433392952,51.06002231072201],[3.704237389710703,51.060050879294664],[3.704255176353332,51.06006612338752],[3.704298924307678,51.06010812930623],[3.704328389048975,51.060140762910336],[3.704391630444969,51.06021071618143],[3.704428281708578,51.060241543013106],[3.704447146329558,51.06025644828699],[3.704466729602749,51.060270224369184],[3.704512004693061,51.06030037364957],[3.704573539290003,51.06033571716295],[3.704641092599398,51.0603703831387],[3.704745117509283,51.060416623219034],[3.70474502767774,51.060416905514884],[3.704675947232413,51.06048618085973],[3.704672174308203,51.060489681322686],[3.704668042057922,51.06048787463218],[3.704654118171011,51.06044389298838],[3.704626090734137,51.06042413228758],[3.704585666546352,51.06041261461804],[3.704519550541446,51.060409339985995],[3.704484695908431,51.060409622281895],[3.70446187870019,51.060412953373074],[3.704423610469105,51.060429213611435],[3.704388396509951,51.06044417528403],[3.704315004151256,51.06047534071484],[3.704306829482169,51.0604675493591],[3.704235952406246,51.06049764205187],[3.704205140192004,51.060467662277276],[3.704194989229303,51.060456088159505],[3.704221489530178,51.0604448527936],[3.704230652346072,51.060440166685424],[3.704234425270247,51.060434633689624],[3.704232448976633,51.060429947580374],[3.704222387845442,51.060425430848156],[3.704150073465097,51.060413348587275],[3.704145222562538,51.060416623219034],[3.704147737845343,51.060421027033804],[3.704137137724994,51.06042593898058],[3.70404443158767,51.060465290994884],[3.704015056677884,51.06047737324221],[3.703926482790874,51.06051503144141],[3.703896119734247,51.06052824285639],[3.70380817466794,51.06056590101426],[3.703778530263557,51.060578265530154],[3.703690225871144,51.06061547197592],[3.703695795425915,51.06062055327882],[3.703718522802581,51.06064138661473],[3.70372337370514,51.060645846867004],[3.703726966966264,51.06064912148232],[3.703729212754474,51.060651210460954],[3.703733075510192,51.06065476737026],[3.70370226329595,51.06066780936878],[3.703688159745987,51.06067193086536],[3.703663725570269,51.06067723799745],[3.703644591454694,51.06067825425671],[3.703622313235677,51.060676334655845],[3.703605335076801,51.06067142273569],[3.703592758662804,51.06066572039092],[3.703577397471471,51.060656009465546],[3.703563653247613,51.06064116077918],[3.703556556556877,51.060629756081454],[3.703546136099579,51.06060547874534],[3.703532841033371,51.060569909601966],[3.703527361310143,51.06055985990254],[3.70352008495632,51.060550826462986],[3.703506789890111,51.06053721984131],[3.703494842296849,51.060527226593834],[3.703482984535095,51.06052005629627],[3.703467803006781,51.060513281210966],[3.703456304571167,51.060504981730105],[3.703454867266712,51.060502215236134],[3.703421270275067,51.060507240092385],[3.703397285256998,51.060491657390315],[3.703397195425456,51.060491713849416],[3.703390817386929,51.060487535877684],[3.703448848554292,51.060452136021034],[3.703463041935799,51.06045270061228],[3.703491877856393,51.06044434466143],[3.70352834945695,51.06042881839738],[3.703553502284912,51.0604173571882],[3.7035703007807,51.06039720126173],[3.703607580865012,51.0603721898338],[3.70363417099743,51.06035999464053],[3.703676481647287,51.06034819465884],[3.703706215883212,51.06034040328169],[3.703731997531842,51.060333910466426],[3.703745562092648,51.0603312568808],[3.703751131647418,51.060314036800115],[3.703742238326087,51.06031031048672],[3.703731817868789,51.06029105786279],[3.703689866545039,51.060270393747224],[3.703645579601534,51.0602530042658],[3.703611802946837,51.06023476788701],[3.703588626412522,51.060218451120996],[3.703538230925055,51.060186833841705],[3.703448758722782,51.06011462215321],[3.703348955894722,51.06003411078676],[3.703406178578296,51.06000650201807],[3.703406268409839,51.06000667139708],[3.703421539769663,51.05999927518023],[3.703421270275067,51.05999921872052],[3.703572816063507,51.05992610338319],[3.703656359384937,51.05988584755356],[3.703650430504061,51.05988076617005],[3.703679356256198,51.05985321376977],[3.703645130443886,51.05983604997114],[3.703644681286236,51.059835880591514],[3.703643782970939,51.0598355418323],[3.703629409926413,51.059828371427606],[3.703611802946837,51.059820184743714],[3.703588356917926,51.05979528592391],[3.703580002585787,51.059786308795104],[3.703535895305335,51.059739447025336],[3.703458460527835,51.05965701536337],[3.703458191033238,51.059657071823445],[3.703445704450818,51.05964380369982],[3.703432139890013,51.059629293449575],[3.7034307924171,51.0596278819464],[3.703428995786505,51.059625905841855],[3.703431241574715,51.05962483309937],[3.703453519793765,51.059613879832455],[3.703559880323404,51.05963550406309],[3.703616743680906,51.059631664774805],[3.703618630143011,51.059631495394456],[3.703626175991396,51.05963093079321],[3.703691393681004,51.059626244602654],[3.703697861551072,51.05962579292157],[3.703747089228613,51.059622235933226],[3.70375975547412,51.05962133257104],[3.703760923284014,51.05962121965079],[3.703761282610119,51.05962121965079],[3.703774487844785,51.059620485668994],[3.703798113536782,51.059619187085836],[3.703808444162536,51.05961873540469],[3.703811588266043,51.05961890478512],[3.70381491203257,51.05961935646622],[3.703817696809973,51.059619864607484],[3.703820391755798,51.059620485668994],[3.703822996870147,51.05962127611091],[3.703825512152921,51.05962217947307],[3.703849587002532,51.05963183415518],[3.703851203970041,51.059632342296304],[3.703852641274497,51.05963296335765],[3.703854078578953,51.059633697339244],[3.703855336220356,51.05963443132079],[3.703856504030249,51.05963527822257],[3.703856683693302,51.059635447602936],[3.703857582008566,51.059636181584494],[3.703858480323864,51.0596371414065],[3.703859198976075,51.059638157688596],[3.703859827796777,51.059639173970666],[3.703860366785969,51.05964024671281],[3.703860636280531,51.059641206534735],[3.703860726112074,51.05964137591508],[3.703860815943584,51.05964199697629],[3.703860815943584,51.05964244865717],[3.703913097893122,51.05966040296881],[3.703915433512876,51.05966096756971],[3.703917679301086,51.05966164509074],[3.703919835257754,51.059662435531955],[3.703930076051997,51.05966650065797],[3.703932770997857,51.05966757339953],[3.703942113476803,51.05967124330456],[3.703943281286664,51.05967175144521],[3.703943999938908,51.05967203374561]]],"type":"Polygon"},{"coordinates":[[[3.766947971211332,51.027001692203015],[3.766986059779364,51.02702287966294],[3.767020105928658,51.02705186409243],[3.767064213209109,51.02708084850376],[3.767042923136867,51.02709830694163],[3.767005912547151,51.027085029489484],[3.76683361567566,51.027037174130434],[3.76667371555508,51.02699847170826],[3.766574272053125,51.02697830123602],[3.766583075542914,51.02695265025866],[3.766628709959364,51.02682032714986],[3.766202908514671,51.02676930750706],[3.766129066998328,51.02685179770997],[3.766080378309912,51.02689648925864],[3.765759769585032,51.02685388821324],[3.765680897503075,51.02684343569611],[3.765679909356268,51.026843661696496],[3.765681795818372,51.026841514692684],[3.765749618622297,51.026777274033044],[3.765388406046578,51.02671653630022],[3.765366127827527,51.02671557579588],[3.76534402927153,51.02671755330477],[3.765325613808199,51.026721508322275],[3.765300820306376,51.02672958785697],[3.765283213326799,51.02673275187015],[3.765265606347222,51.02673359937368],[3.765247999367646,51.026732356368505],[3.765046237754857,51.02669156318139],[3.764853998284036,51.02665749349758],[3.764710806827769,51.02663545836538],[3.764650799366792,51.02662884782366],[3.764590342748167,51.02662415829352],[3.764519375840702,51.02662110727364],[3.764448229270217,51.0266206552707],[3.764381753939172,51.02662257628323],[3.764352289197876,51.02662703981213],[3.7643119548416,51.02663800088118],[3.764275932398726,51.02665376447597],[3.764245569342098,51.0266737655885],[3.764222213144731,51.02669721320945],[3.764330729631036,51.0264297966263],[3.76438714383089,51.02643894972309],[3.764375825058296,51.02646239746285],[3.764369896177419,51.02649437677067],[3.764413823794818,51.02650595937671],[3.764615405744586,51.02654240219153],[3.764756890401835,51.02656494587193],[3.764890110558454,51.026585116524046],[3.765007340703038,51.0266017841431],[3.765130948886148,51.02662308478655],[3.765212066756281,51.026634836861504],[3.765269648765995,51.02664675843449],[3.76534169365181,51.02666201352343],[3.765448413507555,51.02667438709186],[3.765632568140799,51.02670286323682],[3.76568125682918,51.026709643268774],[3.76570506218423,51.026702411234666],[3.76573910833349,51.02669308868905],[3.7657508762637,51.026685687151485],[3.765756086492365,51.02666602504599],[3.765756176323875,51.02664619343109],[3.765763991666856,51.02662359328985],[3.76577306465124,51.02659856362056],[3.765768932400925,51.02658466452074],[3.765758422112085,51.026574663946306],[3.765731472653561,51.02656630188245],[3.765713686010932,51.026568392398545],[3.765689072172161,51.02657059591542],[3.765619003579994,51.02658630303273],[3.765545970547404,51.026603253153326],[3.765495485228427,51.026611784711676],[3.765433591305346,51.02661743474946],[3.765381399187351,51.02661229321509],[3.765310791606024,51.026595908101804],[3.765262552075257,51.026582517504934],[3.765197783543265,51.026569917910216],[3.765168228970425,51.02655726181168],[3.765142806647901,51.0265437582027],[3.765134272652674,51.02652652555789],[3.765123403037762,51.0264997443202],[3.765115587694781,51.02648347216818],[3.765106424878887,51.02647121154986],[3.765095375600889,51.02646019394083],[3.765064024397488,51.026450814845894],[3.765022522231352,51.0264477638146],[3.764998716876303,51.0264561258999],[3.764973025059182,51.02647279356533],[3.764901788657154,51.02648714470298],[3.764833876021687,51.02648516718426],[3.764824353879654,51.02647737010972],[3.764811777465689,51.026467087009365],[3.764784109354955,51.02645849892378],[3.764768658332045,51.026448554822736],[3.764744224156327,51.02644217025672],[3.764737217297101,51.0264427352626],[3.764693918500404,51.02644623829891],[3.764682240401737,51.02644657730239],[3.764645858632723,51.026447650813466],[3.764606871749394,51.02644279176318],[3.7645961817975,51.026423581559534],[3.764594654661535,51.02641894850922],[3.764595013987641,51.0263837486119],[3.764593576683184,51.026381375584144],[3.76460220050992,51.02635402925562],[3.764615854902235,51.02632538339417],[3.764607410738552,51.02630865917496],[3.764587288476203,51.02630566463506],[3.764578574817924,51.02630752915991],[3.764582527405186,51.026304534619946],[3.764584773193396,51.026302331090406],[3.764585761340204,51.02630154007978],[3.764586929150063,51.026300240562314],[3.764591061400379,51.0262962290081],[3.764597259775851,51.02628888390797],[3.764602559836026,51.02628086079723],[3.764606961580903,51.02627266818272],[3.764610824336622,51.02626374105632],[3.764625017718129,51.02622645050966],[3.764780875419904,51.02618887742855],[3.764795517959059,51.026218709892454],[3.764707483061208,51.02623594265165],[3.76473039010096,51.02628238631841],[3.764681252254896,51.026291991450464],[3.764724551051593,51.02637996306757],[3.764729940943311,51.026390754693125],[3.76474332584103,51.02638809916243],[3.764746649607591,51.02639589625203],[3.764833606527091,51.026378946055615],[3.764842679511475,51.02639956879377],[3.764958921509218,51.026376912031616],[3.764965748705393,51.026391093697],[3.765025845997913,51.02638386161319],[3.765045519102613,51.02637566901693],[3.765063215913733,51.026366798411026],[3.765069683783768,51.02635888831518],[3.765068066816259,51.02634741867378],[3.765067527827068,51.02634583665404],[3.765063485408296,51.02633414100654],[3.765057376864366,51.02632860393569],[3.76504641741791,51.02632945144658],[3.765044890281911,51.02632628740582],[3.765021354421492,51.0262784877642],[3.765003298284266,51.02624187523943],[3.765011742447949,51.02623780717935],[3.765015605203668,51.02623164858767],[3.76502198324216,51.02621458532947],[3.76502198324216,51.02621447232772],[3.765034200330052,51.026216336856244],[3.765039590221737,51.02621718436917],[3.76526659449403,51.026251536880736],[3.765380231377491,51.02626865662612],[3.765380950029702,51.026268769627734],[3.765399455324577,51.02630628614335],[3.765311420426726,51.026323518869994],[3.765334327466478,51.02636996244902],[3.765285099788904,51.02637956756292],[3.765333788477286,51.026478330618986],[3.765347173375038,51.026475675093316],[3.765350586973109,51.02648347216818],[3.765365049849177,51.026480647141206],[3.765437543892608,51.02646652200377],[3.76544652704545,51.02648714470298],[3.765562858874736,51.026464431483085],[3.765552977406631,51.02644392177493],[3.765640113989184,51.02642640658999],[3.765637329211781,51.02642070002832],[3.76565098360413,51.02641821400123],[3.765649276805078,51.02641465446219],[3.765601576263504,51.02631786879638],[3.765552528248982,51.026327247918225],[3.765534202617195,51.02629086143506],[3.765628435890484,51.02630464762147],[3.765677573736515,51.02631171021539],[3.765713955505528,51.0264143719591],[3.765816902437096,51.02640725288016],[3.765829299188007,51.026401715818054],[3.765840258634496,51.0263918847061],[3.765863435168811,51.02633854806247],[3.765891193111088,51.02634267261442],[3.76589298974165,51.02634295511798],[3.765899277948632,51.02632719141751],[3.76590242205214,51.02631933781562],[3.765902691546736,51.02631865980674],[3.765907722112315,51.026323631871485],[3.765918322232665,51.026326908913845],[3.765935659717646,51.026326908913845],[3.765945092028136,51.02632651340874],[3.765948325963153,51.026326230905106],[3.765953536191819,51.026316682280836],[3.765960722714065,51.02630176608285],[3.765967729573291,51.02627939177682],[3.765978419525185,51.02624441777679],[3.765981563628659,51.026232383098666],[3.765979497503535,51.0262279195318],[3.765975005927114,51.02622458598155],[3.765941588598522,51.02622153493538],[3.765965393953572,51.02616209599573],[3.765992343412095,51.026152716840514],[3.765996834988516,51.02615288634335],[3.766045344013845,51.026154863876236],[3.766163113147588,51.026159779457586],[3.766177216697551,51.026160344466916],[3.766249351414877,51.02616333901619],[3.766260131198279,51.02617232266284],[3.766262107491894,51.02617249216559],[3.766262017660384,51.02617300067382],[3.766255819284911,51.026193171496494],[3.766081995277421,51.02617192715642],[3.766068161222054,51.02621345531213],[3.766048218622757,51.0262731201891],[3.766061873015071,51.02627492821448],[3.76606690358065,51.026277470750024],[3.76606465779244,51.026284872352775],[3.766057381438651,51.026283968340266],[3.766029713327916,51.026280747795646],[3.766053249188336,51.026212438296525],[3.766046332160653,51.02621147778174],[3.76602117933269,51.026284307344966],[3.766048577948863,51.02628752788934],[3.766039504964512,51.026318546805285],[3.76643512301563,51.026369001937496],[3.766448867239487,51.026360809338556],[3.766456862245489,51.02635103471866],[3.766458299549944,51.02633346299791],[3.766482554062642,51.02633775705246],[3.766502676324992,51.026352447236114],[3.766486506649871,51.02638114958149],[3.766451741848366,51.0264427352626],[3.766394698827845,51.02643273465759],[3.766378618984266,51.02643262165637],[3.766350322052797,51.0265038123573],[3.766352028851849,51.02650940590775],[3.76636208998304,51.02651505595801],[3.766426139862789,51.02653053709217],[3.766463689441662,51.02653929466582],[3.766470157311697,51.02653618713986],[3.766478331980784,51.02653579163654],[3.766491896541588,51.02653132809889],[3.766506539080711,51.02653149760034],[3.766578853461089,51.02654833474005],[3.766569331319056,51.026564832871045],[3.766973124039295,51.026658736504764],[3.766962254424348,51.026677720609754],[3.766958481500139,51.02669291918819],[3.766948240705928,51.02671551929564],[3.766936472775685,51.02673828889275],[3.766917069165546,51.026766312996926],[3.76691114028467,51.02676857300458],[3.766902067300319,51.026779477539996],[3.766896318082495,51.026794224083815],[3.766896767240144,51.02681202163045],[3.766902965615583,51.02683004517075],[3.766910511463968,51.026837220684804],[3.766916440344845,51.02683473468006],[3.76692281838337,51.02684580870021],[3.766897935050004,51.02689010475431],[3.766917787817791,51.026894624757475],[3.76690395376239,51.02692157526704],[3.766902875784074,51.026923609267136],[3.766909702980214,51.0269292592669],[3.766977256289576,51.02694739576153],[3.767059541969602,51.02696700124774],[3.767121346061174,51.02698231273121],[3.767166621151485,51.0269892057221],[3.767169855086503,51.02700061870481],[3.7671919536425,51.02700287870103],[3.767200128311587,51.02697400724081],[3.767305321031366,51.026987623724274],[3.767300649791859,51.027004630198064],[3.76729786501449,51.027011297186064],[3.767292834448911,51.02701728617445],[3.767286456410386,51.0270227666632],[3.767278281741299,51.02702739965316],[3.767268759599299,51.027030902645244],[3.767258698468108,51.02703344513935],[3.767248008516214,51.02703547913454],[3.76723767789046,51.027036496132084],[3.767226808275515,51.02703621363274],[3.767216118323622,51.027034801136125],[3.767205608034815,51.027032767140916],[3.767192492631659,51.02702937714869],[3.767160153281451,51.027076724017505],[3.767153326085277,51.0270867809834],[3.767151349791662,51.02708587698653],[3.767112362908333,51.02706836204421],[3.767092779635142,51.02704542310967],[3.767074184508757,51.02703293664052],[3.767055230056268,51.027024179160186],[3.76704157566392,51.02701660817581],[3.767021902559219,51.027010958186686],[3.766999624340169,51.02701084518692],[3.766954349249857,51.02699265221717],[3.766947971211332,51.027001692203015]]],"type":"Polygon"},{"coordinates":[[[3.775147433798643,51.10181248127805],[3.775143032053765,51.10182297328942],[3.775141684580853,51.10182607576547],[3.775140337107906,51.10182934746723],[3.775140516770959,51.10182940387587],[3.775140786265555,51.101829460284506],[3.775184354556849,51.10183763953789],[3.7751940563619,51.10184006510931],[3.775196122487058,51.10184051637838],[3.775198188612216,51.101841024056114],[3.775200344568883,51.10184147532519],[3.775202410694041,51.10184198300291],[3.775204476819198,51.10184254708922],[3.775207081933514,51.10184333681006],[3.775209687047863,51.10184418293957],[3.775212202330636,51.101845141886265],[3.775214627781899,51.101846100832965],[3.775217053233162,51.101847172596884],[3.77522019733667,51.10184869562982],[3.775223161777125,51.101850275071314],[3.775226036386003,51.10185196732998],[3.775228821163405,51.10185371599722],[3.775231426277722,51.10185557748161],[3.775232594087581,51.101856423610855],[3.77523421105509,51.10185766460038],[3.775236906000949,51.1018598645363],[3.775239331452212,51.10186217728935],[3.775241577240423,51.10186449004224],[3.77524364336558,51.10186691561224],[3.775245619659228,51.10186945399934],[3.775246697637544,51.101871089848714],[3.775247326458246,51.10187204879488],[3.775248763762702,51.10187469999886],[3.775250021404105,51.10187740761126],[3.775251009550912,51.101880171632125],[3.775251728203158,51.10188316128715],[3.775252267192316,51.10188615094198],[3.775252446855369,51.101889197005185],[3.775229180489511,51.1018848535446],[3.775158303413589,51.10187159752611],[3.775137462498995,51.10184892126432],[3.774867069598494,51.10179725093476],[3.774866800103899,51.10179787143032],[3.77483562856355,51.101791497248186],[3.774845240537093,51.10177299519241],[3.774812092703097,51.101756016165226],[3.774781729646504,51.10173717564268],[3.77475433103033,51.101716530031354],[3.774730256180719,51.101694361372836],[3.774727830729456,51.101691710158526],[3.774720644207176,51.101690751208615],[3.774725135783597,51.10168877689992],[3.774722800163844,51.10168623850296],[3.774720913701772,51.10168420778521],[3.774685789574162,51.101645906176365],[3.774681926818443,51.101643085732626],[3.774670338551252,51.10163789611574],[3.774665307985674,51.10163671152919],[3.77465237224557,51.101635865395885],[3.774640783978413,51.10163710639138],[3.774630902510274,51.101639926835475],[3.774624614303292,51.10164336777703],[3.774621021042169,51.10164697794497],[3.774607905639013,51.101674279830746],[3.774588322365822,51.10168663336468],[3.774541699802563,51.10170141247404],[3.774527506421091,51.101697971536794],[3.774473248177938,51.10168494109997],[3.774404527058683,51.1016684133112],[3.774404077901034,51.10166824408466],[3.774215431691369,51.10162847583136],[3.774136200283341,51.10161177879566],[3.77412344420629,51.10161871709161],[3.774115718694852,51.1016316347293],[3.774111945770643,51.101638742248966],[3.77407502501247,51.101631803955975],[3.774080774230294,51.101624640026394],[3.774099549019731,51.10158887677064],[3.774117605156956,51.10157133358619],[3.774133056179833,51.101561236380554],[3.774141590175025,51.101558077477755],[3.774159466649198,51.101554862165784],[3.774168449802039,51.101553282714235],[3.774186146613125,51.10154719054332],[3.77419755521723,51.10154013941861],[3.774212646914,51.101532467793696],[3.77422657080091,51.10152395003221],[3.774239237046418,51.10151469895172],[3.774250645650523,51.10150482736989],[3.774260616950171,51.101494335286304],[3.774269061113854,51.101483335518694],[3.774275978141537,51.101471940884906],[3.774281278201713,51.10146015138458],[3.774284871462835,51.10144813624483],[3.774286847756483,51.101436008283635],[3.774287117251046,51.101423767501046],[3.77428567994659,51.10141158312431],[3.774282535843115,51.10139951156273],[3.774283434158379,51.101384393901746],[3.774283703652975,51.10138123498692],[3.774276247636133,51.10135940462292],[3.774257203352101,51.10133402046581],[3.774264659368943,51.10133182050486],[3.774265467852697,51.101324656528796],[3.774205370560211,51.10130085181287],[3.773955369416623,51.10123722208548],[3.773946386263782,51.10122650430364],[3.773941984518904,51.10121697111662],[3.773939918393747,51.10120602769245],[3.77394458963322,51.10119316634524],[3.774005585241004,51.10108931647651],[3.774059394326541,51.100956866658436],[3.774048075553947,51.10094028219965],[3.774054004434824,51.10092719513952],[3.774057957022086,51.10091856444698],[3.774083738670716,51.100874508403066],[3.774093620138854,51.1008576982754],[3.77405885533735,51.10085053422581],[3.77399148169104,51.100837672779704],[3.773964172906411,51.10083248307241],[3.773699349560649,51.10078199621523],[3.773667728862652,51.10077590394271],[3.773620387647183,51.10076670912245],[3.773616345228411,51.100766145022995],[3.773605565445008,51.10076467836437],[3.773673298417423,51.10069078127314],[3.773702493664157,51.1006775813223],[3.773838857924283,51.100405571239364],[3.773822778080706,51.100402637899165],[3.773639881088864,51.100367324981576],[3.773647965926408,51.100352150572604],[3.773720190475243,51.10036619677288],[3.773720280306787,51.10036591472072],[3.773729982111839,51.1003465095271],[3.773767531690712,51.1003532787816],[3.773880360090419,51.10037510962064],[3.773904434940031,51.10027949385387],[3.773983935842655,51.10014495451967],[3.773993098658549,51.10012278510754],[3.77404097886321,51.100006691676484],[3.774042775493772,51.10000234803904],[3.774077899621382,51.0999172239452],[3.774099818514327,51.09991739317816],[3.774064604555173,51.09968069209154],[3.774033163520229,51.09956205903669],[3.773990763038829,51.099403260629025],[3.773955998237325,51.099387973080354],[3.773953393123008,51.09938210627066],[3.773970281450341,51.09937990621683],[3.773993907142303,51.099376803576625],[3.774021844747668,51.09937302399651],[3.774037834759703,51.09937088035388],[3.774039272064158,51.09937071111894],[3.77404331448293,51.099370090590796],[3.77410790335187,51.09958874162856],[3.774155873388041,51.09976226271725],[3.774163598899479,51.09992325991991],[3.774124791679202,51.100015378950125],[3.774112484759834,51.10003963561461],[3.774125151005342,51.10004183563705],[3.774142488490322,51.10004482541096],[3.774135930788744,51.10005915375867],[3.774132786685237,51.10006597946607],[3.774128474771869,51.10007534365808],[3.774123174711694,51.100086795046856],[3.774124791679202,51.10008707710075],[3.774125240836851,51.100087133511515],[3.774125600162957,51.10008718992228],[3.774126049320606,51.100087302743844],[3.774126408646711,51.100087359154614],[3.77412685780436,51.100087415565376],[3.774127217130499,51.10008752838695],[3.774127666288114,51.1000875847977],[3.774128025614253,51.10008764120851],[3.774128384940359,51.100087754030035],[3.774128834098008,51.100087810440805],[3.774129193424113,51.100087923262365],[3.774129642581762,51.10008797967313],[3.774130001907868,51.10008809249469],[3.774131978201482,51.10008854378086],[3.774133146011342,51.10008882583471],[3.774133146011342,51.10008888224553],[3.774133505337481,51.10008893865629],[3.77413395449513,51.100089051477845],[3.774134313821236,51.100089164299376],[3.774134673147341,51.10008927712093],[3.774135032473447,51.100089389942454],[3.774135481631096,51.100089502764014],[3.774135840957201,51.10008961558554],[3.774136200283341,51.10008972840709],[3.774136559609446,51.10008984122866],[3.774137008767095,51.10008995405017],[3.7741373680932,51.100090066871736],[3.774137727419306,51.100090179693254],[3.774139973207516,51.10009091303329],[3.774140691859761,51.100091195087124],[3.774141051185866,51.100091307908684],[3.774141410511972,51.1000914207302],[3.774141769838077,51.10009158996251],[3.774142129164183,51.10009170278408],[3.774142488490322,51.10009187201639],[3.774142847816428,51.10009198483791],[3.774143207142534,51.10009215407022],[3.77414356646864,51.10009226689177],[3.774143925794779,51.10009243612405],[3.774144285120884,51.1000925489456],[3.774144554615479,51.100092718177905],[3.774144913941586,51.10009283099942],[3.774145273267691,51.10009300023173],[3.774145632593797,51.100093169464046],[3.774145991919936,51.1000932822856],[3.774146351246042,51.100093451517864],[3.774146620740604,51.10009362075017],[3.774146980066743,51.10009378998247],[3.774147339392849,51.10009390280403],[3.774147698718954,51.100094072036335],[3.77414796821355,51.10009424126859],[3.774148327539656,51.1000944105009],[3.774148686865761,51.10009457973321],[3.774149046191901,51.10009474896552],[3.774149315686463,51.10009486178703],[3.774149675012602,51.10009503101933],[3.774149944507165,51.10009520025163],[3.77415030383327,51.100095369483924],[3.774150663159409,51.10009553871623],[3.774150932653972,51.100095707948526],[3.774151291980111,51.10009587718079],[3.774151561474673,51.1000960464131],[3.774151920800812,51.10009627205614],[3.774152190295375,51.100096441288436],[3.774152549621481,51.10009661052074],[3.774152819116076,51.10009677975303],[3.774153178442182,51.100096948985325],[3.774153447936778,51.10009711821762],[3.774153717431374,51.10009734386067],[3.77415407675748,51.10009751309296],[3.774154346252075,51.10009768232521],[3.774154615746638,51.1000978515575],[3.774154975072777,51.10009807720055],[3.77415524456734,51.100098246432836],[3.774155514061935,51.10009841566512],[3.774155783556532,51.100098641308165],[3.774156142882637,51.100098810540466],[3.774156412377232,51.100099036183494],[3.774156681871796,51.10009920541579],[3.774156951366392,51.100099431058815],[3.774157220860987,51.1000996002911],[3.77415749035555,51.10009982593414],[3.774157759850146,51.10009999516642],[3.774158119176251,51.10010022080946],[3.774158388670847,51.10010039004173],[3.774158658165443,51.10010061568477],[3.774158927660006,51.100100784917046],[3.774159197154602,51.100101010560074],[3.774159466649198,51.1001012362031],[3.77415964631225,51.100101405435375],[3.774159915806813,51.10010163107841],[3.774160185301409,51.10010185672143],[3.774160454796005,51.1001020259537],[3.774160724290567,51.100102251596724],[3.774160993785163,51.100102477239744],[3.77416126327976,51.10010264647202],[3.774161442942812,51.10010287211504],[3.774161712437408,51.10010309775806],[3.774161981931971,51.10010332340108],[3.774162161595024,51.100103549044135],[3.774162431089619,51.10010377468715],[3.774162700584215,51.100103943919414],[3.774162880247268,51.10010416956242],[3.774163149741864,51.10010439520544],[3.774163419236426,51.100104620848455],[3.774163598899479,51.10010484649146],[3.774163868394075,51.10010507213446],[3.774164048057128,51.10010529777747],[3.774164317551723,51.100105523420474],[3.774164497214776,51.10010574906348],[3.774164676877829,51.10010597470652],[3.774164946372425,51.10010620034953],[3.774165126035478,51.10010642599253],[3.774165395530074,51.10010665163553],[3.774165575193127,51.10010687727853],[3.77416575485618,51.10010710292152],[3.774165934519233,51.10010732856452],[3.774166204013828,51.100107554207526],[3.774166383676881,51.10010777985056],[3.774166563339934,51.10010806190429],[3.774166743002986,51.10010828754728],[3.77416692266604,51.100108513190264],[3.774167102329093,51.10010873883326],[3.774167371823689,51.10010896447625],[3.774167551486741,51.10010919011928],[3.774167731149794,51.100109472172996],[3.774167910812847,51.10010969781598],[3.7741680904759,51.100109923458966],[3.774168270138953,51.10011014910195],[3.774168449802039,51.10011043115571],[3.774168539633548,51.10011065679869],[3.774168719296601,51.10011088244167],[3.774168898959654,51.10011110808465],[3.774169078622707,51.10011139013836],[3.774169258285793,51.10011161578138],[3.774169348117303,51.10011184142436],[3.774169527780356,51.100112123478056],[3.774169707443409,51.10011234912103],[3.774169887106495,51.100112574764005],[3.774169976938004,51.100112856817745],[3.774170156601057,51.100113082460716],[3.7741702464326,51.100113364514414],[3.774170426095653,51.100113590157385],[3.774170605758706,51.100113815800384],[3.77417069559025,51.100114097854075],[3.774170875253302,51.100114323497046],[3.774170965084811,51.100114605550736],[3.774171054916355,51.100114831193736],[3.774171234579408,51.10011511324742],[3.774171324410917,51.100115338890376],[3.774171504074003,51.10011562094407],[3.774171593905514,51.100115846587066],[3.774171683737056,51.10011612864075],[3.774171773568566,51.1001163542837],[3.774171953231619,51.10011663633742],[3.774172043063162,51.100116861980375],[3.774172132894705,51.100117144034044],[3.774172222726214,51.100117369676994],[3.774172312557758,51.10011765173071],[3.774172402389267,51.10011787737365],[3.774172492220811,51.10011815942732],[3.77417258205232,51.10011838507026],[3.774172671883863,51.10011866712398],[3.774172761715373,51.100118892766915],[3.774172851546916,51.10011917482058],[3.77417294137846,51.100119456874275],[3.774173031209969,51.10011968251722],[3.774173121041513,51.10011996457088],[3.774173210873022,51.10012019021381],[3.774173300704565,51.100120472267506],[3.774173300704565,51.10012075432115],[3.774173390536075,51.10012097996409],[3.774173480367618,51.10012126201774],[3.774173480367618,51.10012148766071],[3.774173570199127,51.10012176971436],[3.774173660030671,51.100122051768],[3.774173660030671,51.10012227741097],[3.774173749862213,51.10012255946461],[3.774173749862213,51.10012284151826],[3.774173839693724,51.10012306716118],[3.774173839693724,51.100123349214854],[3.774173929525266,51.10012363126848],[3.774173929525266,51.1001238569114],[3.774174019356777,51.10012413896508],[3.774174019356777,51.10012442101871],[3.774174019356777,51.10012464666162],[3.774174109188319,51.1001247594831],[3.774171324410917,51.10012464666162],[3.774156502208743,51.10012391332217],[3.774146081751445,51.100122108178766],[3.774148237708146,51.10011742608772],[3.774128295108816,51.100113702978874],[3.774128923929517,51.10011234912103],[3.774075384338576,51.10010185672143],[3.774074665686365,51.10010168748915],[3.774064514723664,51.10012323639338],[3.774051129825911,51.10015172380371],[3.774005046251845,51.10024970907904],[3.773923209729467,51.10040918150397],[3.773914585902732,51.10042853026093],[3.773920514783608,51.10042965846806],[3.774113023748992,51.10046734057117],[3.774214263881509,51.10048764827868],[3.774211389272597,51.10049453033309],[3.774166743002986,51.100601371275886],[3.774110418634677,51.10072756060355],[3.774096045590117,51.10076326811564],[3.774084187828364,51.10079401152816],[3.774087960752574,51.10080281147362],[3.774092901486643,51.100811385777895],[3.774099010030573,51.10081967803116],[3.774106286384362,51.100827519003964],[3.774114640716501,51.10083502151626],[3.774124073026991,51.10084195992884],[3.774134403652745,51.10084839065174],[3.774145542762287,51.10085420086553],[3.77415749035555,51.10085933416057],[3.774170066769548,51.10086384694694],[3.774209053652877,51.10087180073192],[3.774222528382139,51.100874339173615],[3.774221899561437,51.10087569300915],[3.774218485963333,51.10088296987442],[3.77421040112579,51.100899949222296],[3.774205729886316,51.10091015939189],[3.774206448538527,51.10091027221145],[3.774200789152248,51.10092493874948],[3.774172761715373,51.10091980546168],[3.774153717431374,51.10091630805651],[3.774020407443212,51.10120128930176],[3.77430786833413,51.101258826869746],[3.77447127188429,51.1012915442784],[3.774588142702769,51.10131495413422],[3.774584279947049,51.101322682204476],[3.774579069718385,51.10133791270417],[3.774578081571577,51.101353481654186],[3.774581225675085,51.10136893778057],[3.77458436977856,51.10137649661419],[3.774593532594453,51.10139099377674],[3.7746065581661,51.1014042499331],[3.77462281767273,51.1014159830385],[3.774638717853255,51.10142269572726],[3.774647341679991,51.101425403366186],[3.774665397817183,51.10142940841509],[3.774684352269706,51.101431326325695],[3.774703486385249,51.101431213507446],[3.774722351006228,51.10142906996026],[3.774740317311911,51.10142489568389],[3.774756936144647,51.10141880349609],[3.774771668515311,51.1014110754419],[3.774786400885977,51.10140171152046],[3.774795923027976,51.10139776287835],[3.774811823208502,51.101393870645026],[3.774823052149553,51.101392798870606],[3.774834460753657,51.10139291168899],[3.774845599863199,51.1013942655093],[3.774856289815058,51.10139686033151],[3.774866081451687,51.10140047051869],[3.77487470527839,51.10140515247974],[3.774879466349406,51.101408649847976],[3.774878568034108,51.101410511350295],[3.774882610452914,51.101411357487684],[3.774898690296491,51.101427321276944],[3.774913063341018,51.10144475169784],[3.774925010934314,51.10146297183947],[3.774934353413261,51.1014817560647],[3.774941090777892,51.10150093514562],[3.774945133196663,51.101520452672744],[3.774943516229154,51.10153568310724],[3.77493812633747,51.101556498026326],[3.774929592342244,51.101582841013396],[3.7749215075047,51.101602753368425],[3.77491207519421,51.10162238367039],[3.774898330970386,51.10164686512721],[3.774894737709229,51.101651772698766],[3.774890425795862,51.10165645463442],[3.774879915507055,51.1016649723715],[3.774867339093057,51.101672305521355],[3.774852966048531,51.10167817204042],[3.774837155699516,51.10168240270274],[3.774828891198919,51.101683869332284],[3.774824938611657,51.101685900049986],[3.774822333497342,51.10168866408232],[3.774821345350534,51.10169182297614],[3.774822243665798,51.10169503827859],[3.774843713401094,51.10171122760511],[3.774851708407128,51.10171630439621],[3.774867249261547,51.10172617593289],[3.774890695290458,51.10173881149674],[3.774892671584072,51.101739883263186],[3.774919890537191,51.10175218037085],[3.774948636626277,51.101763010848295],[3.774978640356765,51.101772318287814],[3.775009901728656,51.10177993346421],[3.775041971584302,51.101785912787],[3.775070538010334,51.10178963576121],[3.775074760092159,51.10179019984819],[3.775107997757698,51.101792738239446],[3.775141504917766,51.101793471552476],[3.775156057625378,51.10179409204809],[3.775155608467729,51.101795107404534],[3.77515219486966,51.10180232771641],[3.775147613461729,51.1018120300087],[3.775147433798643,51.10181248127805]]],"type":"Polygon"},{"coordinates":[[[3.791207963605787,51.09294001288281],[3.791199519442105,51.09295298936491],[3.791189817637052,51.092967771266146],[3.791184248082281,51.092987348815086],[3.791183170103931,51.09301860517287],[3.791047524496049,51.092948080869924],[3.791061178888363,51.092889348148354],[3.790999913785984,51.09284409964144],[3.790923197660728,51.0928086681114],[3.790855015530664,51.09281222254955],[3.790797792847057,51.09281713105896],[3.790753416072009,51.09281402797834],[3.790723592004607,51.09277758087076],[3.790682000006929,51.092804154538726],[3.790569081775712,51.09287631522882],[3.790559200307607,51.09288297273795],[3.790539886528978,51.09289594923606],[3.790517069320769,51.09291135177036],[3.790511409934489,51.09291513187874],[3.790476016312282,51.092938884492916],[3.790421129248428,51.09290785375937],[3.790386364446924,51.09288720420512],[3.790365882858469,51.092876145970095],[3.790330668899315,51.092857019730886],[3.790253593447953,51.092819387844706],[3.790182626540488,51.09277758087076],[3.790141753195054,51.09275016089163],[3.790089920403164,51.09271856583379],[3.790138070102388,51.09270367101337],[3.790152443146947,51.09269915743044],[3.790171936588628,51.09269312051261],[3.790211282798063,51.092687196433616],[3.790249101871533,51.092669819130826],[3.790369296456539,51.09258863093155],[3.790562883400273,51.09245203809396],[3.790704098562926,51.09234585536158],[3.790891936288837,51.09230528920548],[3.791115526963059,51.09227267827818],[3.79117975650586,51.09221986883841],[3.791195477023332,51.0920804538845],[3.791242009755047,51.091984426019],[3.791291417095673,51.0919439159666],[3.791394633521838,51.09185838209038],[3.79159711378687,51.09186035681882],[3.791764739418888,51.091886028281394],[3.79176204447303,51.09183508028795],[3.791735274677559,51.09176483628468],[3.791782436229975,51.091742662854266],[3.79182663334197,51.09180749048735],[3.791863643931651,51.09184811350093],[3.791885562824596,51.09185894629849],[3.791888706928104,51.09186001829398],[3.791897869743997,51.091850031808995],[3.791920866615259,51.09182571442699],[3.792016357529951,51.091857930723826],[3.792137719924851,51.0919018260974],[3.792207069864774,51.09192428155519],[3.792242553318524,51.09193240614023],[3.792297260719325,51.09194165913813],[3.792351518962478,51.09194775257475],[3.79240963996135,51.09194792183688],[3.792515641164883,51.091944141649435],[3.79257519946821,51.09195158918259],[3.792602957410488,51.09195632852126],[3.792608796459855,51.09196197059046],[3.792758186291595,51.091960842176654],[3.792832566797131,51.09196535583161],[3.792854575521585,51.09196665350735],[3.792879099528846,51.091973254726774],[3.792908833764738,51.091976357863764],[3.792903893030668,51.09197991236591],[3.792871104522811,51.092003665460446],[3.792867151935549,51.09200654291287],[3.79286706210404,51.09200654291287],[3.792803191887344,51.092007445642984],[3.792794478229065,51.092013200547214],[3.792792681598504,51.09201438538035],[3.792774176303662,51.0920037783017],[3.792755581177279,51.09202126869602],[3.792719109576722,51.09203932328969],[3.792675631116972,51.09205512105332],[3.792634039119327,51.09206426118553],[3.792568821429685,51.09207108807323],[3.792558221309335,51.09207216006376],[3.792540883824354,51.09207571455854],[3.792540614329792,51.09207571455854],[3.792515551333339,51.092080792407735],[3.792498932500603,51.0920834441732],[3.792510071610112,51.092097605726664],[3.792519234426005,51.09210962329648],[3.792524893812319,51.09212598524103],[3.792526061622179,51.09214161371366],[3.79251653948018,51.09216491536163],[3.792504052897725,51.09218889404279],[3.792482493330887,51.09221953031616],[3.792454825220152,51.092248530379436],[3.79243308599026,51.09226602068118],[3.792386104100896,51.09229569775867],[3.792357627506407,51.092310028507896],[3.792329510238024,51.09232103045806],[3.792289175881748,51.092331806724616],[3.792248122873261,51.092339761977414],[3.792197547722775,51.09234574252112],[3.792150296338815,51.09234574252112],[3.792123167217239,51.09234517831891],[3.792065315712963,51.092341680265086],[3.791988060598515,51.09233434563525],[3.791917273354136,51.09232520555638],[3.791846845435862,51.09231572695419],[3.791791599045869,51.092307828117555],[3.791723147421243,51.09229750320765],[3.791662960297181,51.09228977362873],[3.791632148082937,51.09228571136778],[3.79162550054985,51.09228526000544],[3.791618763185219,51.092298800874026],[3.791580315291048,51.09230726391488],[3.791538902956455,51.09232853435075],[3.791528392667649,51.092333725012665],[3.791499197420915,51.092330170537714],[3.791460030874499,51.092353641351266],[3.791450688395552,51.092364530450645],[3.791433350910571,51.09238478529707],[3.791397777625312,51.09240628137786],[3.791372355302788,51.092441036174975],[3.791354029671,51.092477201447515],[3.791353221187245,51.092524932793516],[3.791345944833423,51.09256600653648],[3.791348819442334,51.0926030180099],[3.791319444532547,51.09263619290297],[3.791307766433848,51.092675799631856],[3.791295190019883,51.0927268595386],[3.791281715290622,51.09276483001831],[3.791279020344762,51.092772446678396],[3.791268689719008,51.09280748329862],[3.791257640441009,51.09284528445329],[3.791284859394096,51.092854311590145],[3.791271654159429,51.09292506171416],[3.791240392787539,51.092932396250355],[3.791225660416873,51.09293583784001],[3.791213173834452,51.09293200131382],[3.791207963605787,51.09294001288281]]],"type":"Polygon"},{"coordinates":[[[3.756393664938192,51.07143992266618],[3.756379561388262,51.07144980066656],[3.756368871436369,51.07145476788883],[3.756358810305177,51.071458323968045],[3.756336801580723,51.07146317829798],[3.756318925106584,51.07146453299463],[3.756298982507253,51.07146379920065],[3.756272482206379,51.07145939643635],[3.756243197128102,51.071451098917905],[3.75621570868042,51.071441051580635],[3.756192621977615,51.07142993177224],[3.756176452302494,51.071419997321854],[3.756161899594916,51.07140757925591],[3.75584515362572,51.071103109814466],[3.755825929678635,51.071082111848135],[3.755813353264671,51.071064952212645],[3.755798890388601,51.07103571308226],[3.755795386958988,51.07102634300957],[3.755785954648498,51.070998458565036],[3.755782990208077,51.070978645923226],[3.755783619028778,51.0709609217863],[3.7557881106052,51.070941278467416],[3.755793320833831,51.07092869093395],[3.755803202301969,51.07091316818618],[3.755816677031232,51.07089809700427],[3.755835541652178,51.070881896889446],[3.755855574083018,51.0708686319828],[3.755908664516311,51.07083781222761],[3.755933278355081,51.07082697450666],[3.755949178535638,51.07082166853814],[3.755965797368375,51.070817378605724],[3.755989782386477,51.07081370958427],[3.756015564035107,51.07081139527826],[3.756038830400965,51.07081116949231],[3.75605688653819,51.070812580654525],[3.756079613914889,51.07081602389014],[3.756136387440848,51.070830869312914],[3.756134950136392,51.070846448534716],[3.756120666923376,51.07086123750131],[3.75613710609306,51.07089815345069],[3.756148245202601,51.07091486157712],[3.756185974444528,51.07091807901967],[3.75623690892112,51.07091593405799],[3.756274638163046,51.07092028042761],[3.756312367405006,51.07092225605005],[3.756361415419493,51.07092372365522],[3.756384142796192,51.07091553893346],[3.756400312471313,51.07090193535818],[3.756653278055322,51.07097046121115],[3.756667651099849,51.07097531559226],[3.7566810359976,51.070982089146476],[3.756690108981951,51.07098891914597],[3.756700439607739,51.07099941815147],[3.75670600916251,51.07100703839592],[3.756709871918229,51.0710150537628],[3.756711399054194,51.07102171441872],[3.756711488885738,51.07103198763191],[3.756709961749739,51.07104028522551],[3.756706458320125,51.07104824414039],[3.756393664938192,51.07143992266618]]],"type":"Polygon"},{"coordinates":[[[3.743832522320375,51.041913686055544],[3.74383347812782,51.041927822300195],[3.743829226401592,51.04194171566921],[3.743819998008676,51.04195461382695],[3.743806291514063,51.04196581866083],[3.743801021996623,51.04197101384399],[3.743797893164465,51.04197685687112],[3.743797088273966,51.0419830020743],[3.743798655834168,51.04198908910056],[3.743819227254166,51.042011116933224],[3.743771436881049,51.04203608179762],[3.743768113114488,51.04203766328179],[3.743764430021822,51.042038849394885],[3.743760477434593,51.042039640136935],[3.743756435015787,51.04204009198951],[3.743752302765507,51.04204009198951],[3.743748260346701,51.04203969661849],[3.743744307759472,51.042038849394885],[3.743734426291333,51.04203433086864],[3.743726676525374,51.04201964904428],[3.743720997376157,51.04200459556625],[3.743717432861108,51.04198928622148],[3.743716010828002,51.04197383905644],[3.743712117529582,51.041967702889096],[3.743706547076481,51.041962104426446],[3.743699479131851,51.0419572238452],[3.743691140071062,51.04195321816465],[3.74368180028704,51.041950217292964],[3.743671759817115,51.041948317249094],[3.743661342054776,51.04194757903347],[3.743650882969904,51.04194802693325],[3.743642603197956,51.041948055738885],[3.743634600107082,51.04194671712289],[3.743627432449408,51.04194410540961],[3.74362159789166,51.04194040190503],[3.743581982187629,51.04190752954685],[3.743573926994456,51.0418961157164],[3.743568935954749,51.041884025796435],[3.743567142917443,51.041871583991856],[3.743568597289877,51.04185912467456],[3.743570389428887,51.04185304892757],[3.743570154070281,51.04184687038288],[3.743567901993857,51.04184085563465],[3.743563729319373,51.041835263369656],[3.743557816608177,51.04183033420068],[3.743550417185185,51.04182628049965],[3.74354185085063,51.04182327623077],[3.743532485015459,51.04182145130255],[3.743509938200144,51.04182050692618],[3.743487569251254,51.04182252445749],[3.743487838745849,51.04182088648413],[3.74348855739806,51.041818288319384],[3.743489904871007,51.04181574663637],[3.743491881164621,51.041813374398714],[3.743494306615884,51.04181122808835],[3.743497181224796,51.04180930770535],[3.743561051441492,51.04177282041273],[3.743616297831485,51.04174135998411],[3.743669478096288,51.041711142137565],[3.743674867988006,51.04170803562888],[3.743683319338198,51.04172415501788],[3.743694771959761,51.041739519802526],[3.74370906146099,51.041753909139324],[3.743725982127684,51.041767115740555],[3.743746277764874,51.04177853299167],[3.743763073565738,51.04179202256008],[3.743775844015842,51.04180716365408],[3.743784192958066,51.041823484648745],[3.743787793405732,51.04182769988812],[3.743793053041738,51.04183115318723],[3.743799588285422,51.04183359150768],[3.743806920334765,51.041834837496694],[3.743837642717498,51.04189284429338],[3.743831968958163,51.04190296130386],[3.743832522320375,51.041913686055544]]],"type":"Polygon"},{"coordinates":[[[3.71422494887106,51.090893068294086],[3.714612571916177,51.091152213779914],[3.714357360543958,51.09130957356771],[3.714016180399045,51.09129879706296],[3.714029026307606,51.09125027454957],[3.714055346945428,51.09125100802977],[3.714065228413566,51.09121907341815],[3.714124427390789,51.091220032585255],[3.71412846980956,51.09119870521792],[3.714068372517041,51.091194247909755],[3.714101969508685,51.09101200570148],[3.71422494887106,51.090893068294086]]],"type":"Polygon"},{"coordinates":[[[3.744930622923669,51.055468333924566],[3.745760486583129,51.05569554933414],[3.745716558965763,51.05584134153707],[3.745424786161477,51.056455391575085],[3.744473470275574,51.056194809496084],[3.744930622923669,51.055468333924566]]],"type":"Polygon"},{"coordinates":[[[3.670595392488884,51.02446104780417],[3.670335150551085,51.024370077880384],[3.669915277987303,51.02422311304875],[3.670248912283796,51.02414519494246],[3.67022393911892,51.024105416540365],[3.670292839901195,51.02408897403752],[3.67039794278943,51.024057332091175],[3.670439894113215,51.02405026915378],[3.670436031357496,51.023993765615856],[3.670957233885337,51.023972689778596],[3.670956874559232,51.023998342405],[3.670971966256003,51.02399692981581],[3.670994513969615,51.02420531450805],[3.670781074258127,51.02424882203983],[3.670595392488884,51.02446104780417]]],"type":"Polygon"},{"coordinates":[[[3.669216927685409,51.02003037913275],[3.669230671909266,51.019780441792314],[3.669445099767596,51.019782306579614],[3.669433242005843,51.020032243909995],[3.669216927685409,51.02003037913275]]],"type":"Polygon"},{"coordinates":[[[3.705932061494181,51.06953122764718],[3.705941583636214,51.06952315557527],[3.705958112637441,51.06952027672411],[3.706094207402971,51.06946986857568],[3.706313665826879,51.06967725852335],[3.706211976536714,51.06970932090374],[3.706157538630508,51.06964818785993],[3.706149274129878,51.06964965550554],[3.70611918056788,51.06961386751927],[3.706035188088802,51.06964530901655],[3.705932061494181,51.06953122764718]]],"type":"Polygon"},{"coordinates":[[[3.72747267386056,51.06165780489456],[3.727554240888375,51.06125955089918],[3.72772402247706,51.06127981936641],[3.728037354848152,51.06135502151278],[3.728113711647302,51.061407753275304],[3.728164107134736,51.06147968065747],[3.728230223139676,51.061564762589335],[3.728368204367311,51.06174175734805],[3.72747267386056,51.06165780489456]]],"type":"Polygon"},{"coordinates":[[[3.742195702041173,51.0468776556106],[3.742255440007553,51.04683315275695],[3.742266668948605,51.04683648482491],[3.74239899078996,51.04673618382751],[3.742777540850693,51.04691944759158],[3.742843656855599,51.046962707899766],[3.742673785435371,51.04706515447361],[3.742445254027113,51.046916736761546],[3.742344193557649,51.04697422891496],[3.742195702041173,51.0468776556106]]],"type":"Polygon"},{"coordinates":[[[3.70678573050869,51.02927553164635],[3.707455604216062,51.02958643433395],[3.70756762413198,51.02963151872279],[3.707479948560269,51.02985818293065],[3.707413652892276,51.02984637517648],[3.707451022808097,51.02976411628903],[3.706909069197204,51.029659541077734],[3.70678573050869,51.02927553164635]]],"type":"Polygon"},{"coordinates":[[[3.686317886254623,51.0850080493358],[3.685957482162625,51.08469644639795],[3.686151697927061,51.08450644770537],[3.686594567362105,51.08461592135681],[3.686805581622363,51.08476512111199],[3.686317886254623,51.0850080493358]]],"type":"Polygon"},{"coordinates":[[[3.767508340285557,51.105099297609],[3.767101133967281,51.10432355782441],[3.767265166338142,51.10428356623272],[3.767103020429353,51.10396160163612],[3.767108769647177,51.10394919230408],[3.767683062608311,51.10378177880765],[3.767875032584537,51.10397795938693],[3.767840627109171,51.10402032029406],[3.767809006411141,51.10407339828664],[3.767797148649422,51.104114179742226],[3.76778825532809,51.10415140759553],[3.767770917843109,51.10418147188553],[3.767510586073767,51.10470006370847],[3.767481480658577,51.10477265707458],[3.767480851837875,51.10482590341831],[3.767494236735593,51.104880954658306],[3.767546698348184,51.104964659491856],[3.767610299070318,51.105059024664925],[3.767640931621507,51.10508931398327],[3.767595656531163,51.10509974884627],[3.767570413871691,51.10508897555527],[3.767508340285557,51.105099297609]]],"type":"Polygon"},{"coordinates":[[[3.701108827070704,51.05895272681039],[3.701470309141019,51.058720050644425],[3.701314002281595,51.05863185811087],[3.701410391511585,51.05856771798097],[3.7013466111264,51.05852520251138],[3.701556277913712,51.05838946893157],[3.701555738924553,51.058424079903006],[3.701648085735738,51.05848178361838],[3.701561218647781,51.0585445123311],[3.701658236698472,51.058605208349384],[3.70207047358236,51.05833069232869],[3.702345088564719,51.0584992866881],[3.702159496627018,51.05861858969339],[3.702282565820936,51.05869453015901],[3.702063376891591,51.05883026284452],[3.70194506876869,51.05875584705374],[3.701757141211236,51.05887368141074],[3.701771334592742,51.0588827716386],[3.701742408840571,51.05889914533639],[3.701560140669431,51.05878678777644],[3.701336100837593,51.05892393171617],[3.701198658599115,51.05901647118085],[3.701108827070704,51.05895272681039]]],"type":"Polygon"},{"coordinates":[[[3.759691470177752,51.05760470196851],[3.760582958265696,51.05833769358018],[3.759874906158752,51.05873241565329],[3.759675120839578,51.05885804169784],[3.759569568793694,51.05899422559119],[3.759572353571063,51.05913995094722],[3.759820378421002,51.059298774689296],[3.759658232512212,51.05943173904547],[3.759374185219397,51.05950756525681],[3.759054564641291,51.059633132738014],[3.758963744966072,51.05936212336012],[3.758768271560266,51.05915897820703],[3.758580613497408,51.05907773118838],[3.758478385218051,51.05896125241332],[3.758432391475528,51.05886882576036],[3.757961764098172,51.058459763618075],[3.758023029200552,51.058409117577604],[3.757995540752837,51.05840318910768],[3.758666851764664,51.05774472899341],[3.759220213979694,51.057270385734185],[3.759691470177752,51.05760470196851]]],"type":"Polygon"},{"coordinates":[[[3.68460408035557,51.04701534310269],[3.684535808393962,51.04691086329584],[3.684676484567457,51.04683546826183],[3.685308449369849,51.046710148454295],[3.685380853581737,51.04684540798869],[3.68460408035557,51.04701534310269]]],"type":"Polygon"},{"coordinates":[[[3.699217514071526,51.06131708170647],[3.699187510341039,51.061295458261284],[3.699165411785041,51.06127953707587],[3.699066507272245,51.06120828688109],[3.699052403722281,51.06119812440383],[3.698950624600607,51.06112478512662],[3.698931849811169,51.06112077658695],[3.698812733204481,51.06103840384283],[3.698802133084131,51.06103100779076],[3.698729459377647,51.060980759772264],[3.698721644034666,51.06097539621649],[3.698657414491865,51.06093096336754],[3.698648790665129,51.060925035220556],[3.698548089521771,51.06085536532191],[3.698536321591562,51.06084723527831],[3.698424661001748,51.06076999979268],[3.698440291687677,51.06075910325546],[3.698442896802026,51.06075752241046],[3.698445501916342,51.060755998024156],[3.698446040905501,51.060755715730394],[3.698485746441075,51.060729349485314],[3.69847325985862,51.06072093712561],[3.698500748306302,51.0607046769897],[3.698564977849137,51.06066662373269],[3.698475595478374,51.06071969503206],[3.698490238017496,51.060729575320444],[3.698492843131811,51.06072799447449],[3.698495448246127,51.060726470087204],[3.698485656609531,51.06071986440846],[3.698655797524356,51.06061897242908],[3.698665589160952,51.06062552166328],[3.698668194275267,51.06062394081372],[3.698670799389583,51.06062241642306],[3.698656156850462,51.060612649029636],[3.698659121290917,51.06061089880289],[3.698673853661548,51.060620609737725],[3.698736017079225,51.06058374204984],[3.698721374540103,51.06057397464831],[3.69874356292761,51.060560876164374],[3.698744640905961,51.06056161013122],[3.698753174901153,51.060567199570855],[3.698753174901153,51.06056725602983],[3.698731345839751,51.06058035451196],[3.698736286573821,51.06058362913194],[3.69875182742824,51.060574369861136],[3.698781112506484,51.06059401757989],[3.698822794335672,51.06056940147114],[3.69878362778929,51.06054314803798],[3.698857559137177,51.0604991099876],[3.698921159859276,51.0605404380053],[3.698927717560855,51.06054472889031],[3.698931041327416,51.06054681787361],[3.698993025082006,51.0605869602106],[3.699002906550145,51.0605933400725],[3.699072615816174,51.06063839429335],[3.699082497284313,51.06064477414816],[3.699147175984763,51.06068661016534],[3.699157147284411,51.06069304647233],[3.699221825984861,51.06073488244594],[3.699231707453,51.06074131874621],[3.699429606310102,51.060869310601745],[3.699349656249795,51.06091921998991],[3.699340134107795,51.06092520459621],[3.699334384889972,51.06092881794298],[3.699337978151128,51.06093124566025],[3.699341661243761,51.060933786294406],[3.699395200834703,51.060970258494095],[3.699446045479785,51.061001423570765],[3.699457723578485,51.0610090454613],[3.699466616899783,51.06101480422223],[3.699473444095958,51.06101926443852],[3.69948988326564,51.06102999153925],[3.699543063530477,51.061064600536774],[3.699544231340337,51.06106539095404],[3.69954441100339,51.06106550387077],[3.699547285612301,51.061067366997136],[3.699548183927599,51.06106674595504],[3.699598130257384,51.06109830617506],[3.699591392892753,51.061102484091684],[3.699583757212858,51.06110722659113],[3.699552226346371,51.061125688459484],[3.699488984950376,51.06116272509056],[3.699529319306619,51.061189599212845],[3.699403106009227,51.061252775922064],[3.699335462868322,51.06128698954632],[3.69931255582857,51.061269035865465],[3.699217514071526,51.06131708170647]]],"type":"Polygon"},{"coordinates":[[[3.748803799102679,51.03050607939397],[3.748794995612891,51.03051415826898],[3.748779724253068,51.0305186779187],[3.748753762941351,51.03052235013378],[3.748744689957,51.030523649532924],[3.748745139114616,51.030523988506616],[3.748742893326406,51.03053715198246],[3.748740018717494,51.03055427014503],[3.748739928885984,51.03055472210962],[3.748739749222931,51.03055596501225],[3.748754840919701,51.03056387439186],[3.74877047160563,51.03057206624792],[3.748774514024436,51.030574156583356],[3.7487754123397,51.03057466504333],[3.74877658014956,51.03057528649439],[3.748786192123103,51.03058031459806],[3.748769393627314,51.03059313908472],[3.748768495312016,51.03059381703109],[3.748765441040052,51.030596189843145],[3.748762027441981,51.030599240601354],[3.748761039295174,51.03060014452971],[3.748749361196473,51.030610596199686],[3.748741995011142,51.03061726266901],[3.748734000005107,51.030624494092315],[3.748731125396195,51.03062709288479],[3.748726094830616,51.03063601917084],[3.748725645672967,51.030636810107495],[3.748709925155496,51.03066511433181],[3.748707679367286,51.03066946448055],[3.748687646936445,51.03070748589282],[3.748682346876271,51.03071985838131],[3.748673184060376,51.03074240002997],[3.748671477261325,51.03074669367608],[3.748665997538097,51.03075997007934],[3.748651534662028,51.03076465919105],[3.748647582074765,51.030766297555274],[3.748643539655994,51.030767935919485],[3.748635814144556,51.03077138213357],[3.748628178464627,51.03077499783333],[3.748623686888207,51.03077731414082],[3.748619015648733,51.03077974343883],[3.748610032495892,51.03078477152032],[3.748605361256419,51.03078753978969],[3.748601318837647,51.03078991259183],[3.748595120462174,51.030793415299605],[3.748601049343051,51.03078222923198],[3.748608774854489,51.03076036554661],[3.748610301990488,51.03073912329978],[3.748607966370735,51.0307242085249],[3.748605630751014,51.03071460431126],[3.74860491209877,51.030712175009846],[3.748601229006104,51.03070274027989],[3.748590449222701,51.03068477474091],[3.748587664445333,51.03068127202498],[3.74858254404821,51.030674888041965],[3.748581016912211,51.03067324967452],[3.74856817100365,51.03065952128286],[3.74856978797116,51.03065889983293],[3.748529453614917,51.03063754454864],[3.747556218836103,51.03012218996864],[3.747391018655349,51.03003467742353],[3.747231927018523,51.02995044149941],[3.747091071181976,51.02987580981161],[3.747027470459876,51.02986496250102],[3.746916528522274,51.029874905869185],[3.746819869797688,51.02990761727539],[3.74670623291426,51.029852420295015],[3.74681205445474,51.02980332487035],[3.746940693203429,51.02974552892401],[3.747029446753491,51.0297085236615],[3.747106522204852,51.0296779589873],[3.747195724912596,51.02964423047864],[3.747309990616725,51.02960185794558],[3.747407817151171,51.029567903394465],[3.747479682373901,51.02954377926402],[3.747572119016629,51.02951598282645],[3.747654314865112,51.02949174567522],[3.747708393445212,51.02947581355491],[3.747790679125239,51.029453723265554],[3.747842961074777,51.02944129394215],[3.747884193746317,51.02943191545041],[3.747936026538206,51.02942072905422],[3.748004478162866,51.02940683080062],[3.748080385804367,51.02939265005791],[3.748184320882743,51.029374345029005],[3.748239746935789,51.02936451454754],[3.748266965888908,51.029360616252596],[3.7482850220261,51.02935909083273],[3.748304964625397,51.029358921341625],[3.748318349523149,51.02935959930604],[3.748345658307779,51.02936281963675],[3.748376470522021,51.02936948628556],[3.748400725034685,51.029378356316826],[3.748421116791631,51.02938852577732],[3.748442227200822,51.02940214155153],[3.74849783291692,51.029451180904246],[3.748519482315269,51.02947106781588],[3.748714596394969,51.02964999314016],[3.748874945673198,51.02979620631196],[3.748961543266559,51.02987524484757],[3.74900726751452,51.02991699567083],[3.749064400366617,51.02996852031563],[3.749090451509843,51.02997631680292],[3.749127102773453,51.02997812468385],[3.749151806443766,51.02997931110568],[3.749172377863764,51.02998032803864],[3.749182618658009,51.02998292686724],[3.749219719079233,51.03001507323488],[3.749264455180387,51.03005371664208],[3.749269934903615,51.03005919677177],[3.749271911197229,51.03006665426681],[3.749271821365719,51.03006801017488],[3.749271012881965,51.03007586314162],[3.749270923050422,51.03007608912625],[3.749264724674949,51.03008416807621],[3.749255921185194,51.030090326155985],[3.74923966167853,51.030105467119334],[3.749189895011798,51.03015179391681],[3.74912207220784,51.03021506946775],[3.749086229428019,51.03024845858529],[3.749072036046512,51.03026156564348],[3.748957411016278,51.030367890866316],[3.748943217634771,51.03038111088227],[3.748932707345964,51.03038715593105],[3.748931449704561,51.03038828584664],[3.748923275035474,51.03039585628024],[3.748861381112393,51.030452973467256],[3.748857608188217,51.03045641970477],[3.74884458261657,51.030468396790525],[3.748812872087064,51.03049766154367],[3.748809907646609,51.03050037333452],[3.748803799102679,51.03050607939397]]],"type":"Polygon"},{"coordinates":[[[3.740362779535463,51.047242091710665],[3.74049698783889,51.04639145396885],[3.740681591629783,51.04636146506073],[3.740657876106277,51.04629555716609],[3.740811667682927,51.04627703290804],[3.740972196624209,51.04620818811583],[3.741065082424585,51.046146798128625],[3.741164256431944,51.0460737738705],[3.741165334410295,51.04599640078774],[3.741621229416985,51.045878872522024],[3.741724715337712,51.04594517634724],[3.742084221114413,51.04614448258936],[3.741842484471454,51.04632119743786],[3.74160434108962,51.04621931398334],[3.741499417864437,51.046261332464006],[3.741438512088197,51.04623004451294],[3.741017292051468,51.046506439508306],[3.740944169187335,51.04646735801122],[3.740879490486885,51.04671082616487],[3.741294062990493,51.04692588581233],[3.740754804325459,51.0473099748887],[3.740687251016064,51.04730963603784],[3.74066973386803,51.04724762628297],[3.740362779535463,51.047242091710665]]],"type":"Polygon"},{"coordinates":[[[3.710130068479931,51.07792711349647],[3.710132224436632,51.07793208002349],[3.710129619322283,51.077942238827035],[3.710130248142983,51.077949462863764],[3.710135638034702,51.07796204848755],[3.710137973654455,51.07796441887371],[3.710140578768772,51.077967127886346],[3.710145250008245,51.077971925095746],[3.710149112763963,51.077979149127856],[3.710149831416174,51.07798157595088],[3.710143633040736,51.07799404869049],[3.710143543209193,51.07799421800368],[3.71014336354614,51.07799461306778],[3.710142824556982,51.07799410512825],[3.709539336349112,51.07783387814075],[3.709450852293613,51.07781039995857],[3.709384736288708,51.07779143680276],[3.709282687672437,51.077783083981686],[3.709253672088756,51.07775187376517],[3.709130692726348,51.0777254607626],[3.708988309753835,51.077699499249654],[3.708917792004018,51.0776897918976],[3.708849250547849,51.07766783747176],[3.708771905601892,51.0776658621373],[3.708538523291074,51.07762358995974],[3.708446535805962,51.07759819277175],[3.708370897659056,51.07757956815838],[3.708352482195724,51.07757770569664],[3.708256272628788,51.07761399546816],[3.708013996996671,51.07755439669928],[3.708011571545407,51.07755219560691],[3.70799441372348,51.07751596222521],[3.707986508548989,51.077517486059605],[3.707973932134992,51.07751996934515],[3.70795318105194,51.07747724552743],[3.707950575937625,51.077471940321445],[3.70794491655131,51.07746014470164],[3.707944736888257,51.07746014470164],[3.707944467393661,51.077459185249204],[3.707926950245628,51.0774230646715],[3.707894341400824,51.07735562070492],[3.707880058187807,51.0773259904793],[3.707859307104756,51.077283153605265],[3.707891736286507,51.077278187008645],[3.707905929667981,51.077288402394345],[3.707924614625908,51.07729805339204],[3.707949767453837,51.07730228628513],[3.707989562820953,51.07727677604359],[3.708014985143478,51.077260521723026],[3.708017500426284,51.07725916719605],[3.708030256503302,51.07725250743787],[3.708043371906457,51.07723659174072],[3.708070411196525,51.07723619667016],[3.708092599584031,51.07723314898281],[3.708089994469716,51.07724285643068],[3.708113350667082,51.07726345653135],[3.70811308117252,51.077266391339435],[3.708113440498626,51.07726932614739],[3.708114428645433,51.0772722609551],[3.708116045612941,51.07727502644685],[3.708118291401152,51.07727762262262],[3.70812107617852,51.07727999304386],[3.708126735564834,51.077283492236866],[3.708133023771817,51.077286483482304],[3.708139940799501,51.07728896678023],[3.708147217153289,51.07729094213079],[3.708155301990868,51.07729303035839],[3.708163566491464,51.07729483639303],[3.708172010655146,51.07729647311185],[3.708180544650339,51.077297827637736],[3.70819518718946,51.07730025449649],[3.708209919560125,51.077302399162285],[3.708224831593843,51.077304205196555],[3.708239743627561,51.07730572903789],[3.708256182797277,51.07730764794918],[3.708272801630014,51.07730877672044],[3.708289510294293,51.077309284667535],[3.708306129127063,51.077309058913286],[3.708316819078956,51.07730821233483],[3.708327329367763,51.07730685780925],[3.708337570162007,51.07730488245938],[3.708347541461655,51.077302399162285],[3.708353919500181,51.07730048025079],[3.708359848381057,51.07729816626921],[3.708365417935828,51.07729540077884],[3.708370448501407,51.077292296656836],[3.708373862099478,51.07728868458731],[3.70837664687688,51.077284846763135],[3.708378623170494,51.07728078318424],[3.708379790980354,51.07727666316637],[3.708399104758983,51.07727135793737],[3.708403416672317,51.077273389727274],[3.708427491521962,51.07728727362257],[3.708492978706166,51.077308381650525],[3.708514268778409,51.077309679737475],[3.708540409753145,51.077311260017225],[3.708574545733948,51.077310752070154],[3.708617575036083,51.07732948966882],[3.708625300547521,51.07733902778092],[3.708655483941062,51.07735590289744],[3.708713515108425,51.07737435828542],[3.708845208129078,51.07739219284292],[3.708877547479286,51.07737339883118],[3.708893806985949,51.07736120811678],[3.708875840680268,51.07733987435882],[3.708874044049672,51.07732170114985],[3.708877547479286,51.07730460026655],[3.708889854398687,51.0772863706051],[3.708905485084617,51.07726960834042],[3.708921385265142,51.07725611951023],[3.708968456986049,51.07724799234705],[3.709007084543272,51.077209952689266],[3.709010947298991,51.07721204092057],[3.709016247359165,51.07721486285459],[3.709036818779164,51.07722445742894],[3.709037447599866,51.077224796060946],[3.70904777822562,51.07722869032876],[3.709058647840565,51.07723281035091],[3.709083082016283,51.07724020381432],[3.709087663424247,51.07724161478048],[3.709113265409858,51.077247710153884],[3.709115331534982,51.07724816166297],[3.709145514928556,51.07725391840366],[3.70917920175171,51.0772574740373],[3.709182076360622,51.077257756230416],[3.709185130632587,51.0772579255463],[3.709202827443673,51.077258602809835],[3.709218098803497,51.077259223634705],[3.709259151811983,51.07728191195616],[3.709260948442545,51.07728800732421],[3.709261936589353,51.07729167583241],[3.709263912883,51.077298222707775],[3.709266967154965,51.077308720281884],[3.709267146818018,51.0773091717904],[3.709269212943175,51.07731419482227],[3.709344491763975,51.07740167450362],[3.709251246637492,51.07740246464192],[3.709160157467678,51.07740551231811],[3.709141292846698,51.07743931893495],[3.709135453797364,51.07744417263751],[3.70913464531361,51.0774502115458],[3.709133926661365,51.0774562504533],[3.709133387672207,51.07746228936002],[3.709133028346101,51.077468384704304],[3.709132040199294,51.07747352059565],[3.709131770704698,51.077478656486385],[3.709132040199294,51.077483848814936],[3.709133028346101,51.077488984704566],[3.709136441944172,51.077493725525215],[3.709140484362944,51.07749818415373],[3.709145155602417,51.07750241702851],[3.709150455662592,51.077506424149625],[3.709157552353362,51.07751218085823],[3.709165188033257,51.07751765537454],[3.709173452533887,51.07752279126038],[3.709182166192132,51.0775275885159],[3.709207768177743,51.077533796728176],[3.709233639657916,51.07753938411852],[3.709259870464229,51.07754440712537],[3.709286370765104,51.07754869643422],[3.709295803075594,51.07755298574264],[3.709305325217593,51.07755721861241],[3.709314937191136,51.077561338605264],[3.709324638996188,51.077565345721275],[3.709335598442677,51.07756946571344],[3.709347186709834,51.077572739131575],[3.70935931396615,51.077575109537705],[3.709371800548605,51.077576633370114],[3.709384466794111,51.07757719775249],[3.709397133039619,51.077576802684824],[3.709404229730355,51.07757550460537],[3.70941105692653,51.07757381145816],[3.709417704459618,51.07757183611972],[3.709424172329685,51.07756952215167],[3.709433514808633,51.07756574078902],[3.709442318298421,51.07756145148179],[3.709450582799018,51.07755665422979],[3.709458038815893,51.077551461909415],[3.709464686348981,51.07754581808226],[3.709470615229857,51.07753983562477],[3.70953421595199,51.077608577401435],[3.709540055001324,51.077615011355604],[3.709546522871359,51.07762116311794],[3.709553799225181,51.07762697625043],[3.709561704399672,51.077632394315],[3.70956880109041,51.07763645786301],[3.709576167275741,51.07764029565802],[3.70958380295567,51.07764396413825],[3.709591708130161,51.07764735042744],[3.709597906505633,51.077650003020466],[3.709604194712615,51.077652599175195],[3.709610572751141,51.07765508245352],[3.709617130452719,51.07765745285538],[3.709654590200049,51.07767128019732],[3.709654769863102,51.07767139307353],[3.710206515110624,51.07787112715526],[3.710205886289923,51.07787214303705],[3.710201304881959,51.07787942352264],[3.710200855724343,51.077880326528486],[3.710193938696627,51.07789409736595],[3.710193579370521,51.07789404092811],[3.710184416554626,51.077893137922516],[3.710179296157505,51.07789262998183],[3.710156299286243,51.07789150122476],[3.710130068479931,51.07792711349647]]],"type":"Polygon"},{"coordinates":[[[3.661724259563641,51.07232577335644],[3.661704766121959,51.072318266218446],[3.661886585135484,51.072024696656534],[3.662301966122846,51.07212624111676],[3.662293611790707,51.072140126556455],[3.662296396568075,51.072140803894904],[3.662116823342794,51.072428954047034],[3.661724259563641,51.07232577335644]]],"type":"Polygon"},{"coordinates":[[[3.689609852444782,51.05714006893963],[3.689586765742011,51.05715203912845],[3.689558468810541,51.05716671954446],[3.689372697209788,51.05726022239248],[3.68921683950798,51.05733848006581],[3.689117306174515,51.057389127277396],[3.689069875127503,51.05741442263101],[3.689013101601544,51.05744463023385],[3.688944739808428,51.05748240382535],[3.688875030542399,51.057522322968545],[3.688799572058513,51.05756653323829],[3.68868395888147,51.0576318040064],[3.688565021937835,51.057694420945694],[3.68852792151661,51.057713166487254],[3.688487497328825,51.05773202494613],[3.688422818628374,51.05775517454081],[3.688350414416453,51.0577743152945],[3.688268038904917,51.05779266556715],[3.688197700818153,51.0578040709637],[3.68817973451247,51.057807007005934],[3.688160510565385,51.05780966073624],[3.688114696485915,51.05781604098085],[3.688074990950341,51.05782021919364],[3.688040854969538,51.057823776320454],[3.68796611513793,51.05782620420051],[3.687891465137798,51.05782326815948],[3.687817803284506,51.05781502465873],[3.687761658579249,51.057805538984816],[3.687721414054516,51.05779853765285],[3.687711712249464,51.05779684378203],[3.68761909594365,51.057778775822975],[3.687542020492289,51.057758505822974],[3.687521988061448,51.057753198356345],[3.687471682405525,51.05773546915484],[3.687422814054091,51.0577113596884],[3.687391822176761,51.05769329169598],[3.687388049252585,51.05769063795901],[3.687354182766378,51.05766709309443],[3.68727459203221,51.05760899312559],[3.687266597026176,51.057603121015845],[3.687247642573687,51.05758934414002],[3.68724395948102,51.05758669039708],[3.687197965738465,51.05755343390351],[3.68717712482387,51.057537793744636],[3.687144785473628,51.05752006446066],[3.687109302019912,51.057504819529505],[3.687069686315881,51.05749132493813],[3.687030699432552,51.05748093579398],[3.687007612729747,51.05747562829549],[3.686983807374732,51.057471845290934],[3.68696081050347,51.05746981263162],[3.686937544137613,51.05746919154122],[3.686918050695931,51.057470828961286],[3.686776655870225,51.05743322474873],[3.686310969226939,51.05745693912057],[3.68531743252269,51.057433111823144],[3.685314378250725,51.05713453554944],[3.686556568625616,51.055960820784854],[3.688146047689316,51.05681105692574],[3.690076527234909,51.05625855766346],[3.690277749858538,51.0562033920711],[3.690291314419343,51.056228688072494],[3.69030182470815,51.056250539741114],[3.69031233499699,51.05627239139947],[3.690312514660043,51.05627233493522],[3.690312873986149,51.05627323836275],[3.690315568932008,51.05627967528328],[3.690329852145024,51.05631394904679],[3.690345033673304,51.056350368421704],[3.690364077957336,51.05641964985125],[3.690368300039195,51.0564899475283],[3.690359766043969,51.0565449433876],[3.690357250761196,51.05656120498442],[3.69034422518955,51.056595986713965],[3.690331019954884,51.05663088134496],[3.690265981928329,51.05670637336121],[3.690221605153281,51.056747027200764],[3.690172287644197,51.056784857824994],[3.690103476693433,51.05683550564214],[3.690030982650002,51.05688660511166],[3.689940701963941,51.05694792440069],[3.689909440592049,51.05696836414563],[3.689887611530648,51.05698242352298],[3.68984808565816,51.057007380318794],[3.689812871699006,51.057027029551335],[3.689720614719331,51.057079145147746],[3.689656654671092,51.057114265267394],[3.689648210507443,51.05711889524903],[3.689609852444782,51.05714006893963]]],"type":"Polygon"},{"coordinates":[[[3.737610251673392,51.05190840498774],[3.737251015391254,51.05186300345417],[3.737440739579269,51.051561850115235],[3.737764222913095,51.05163351044411],[3.737610251673392,51.05190840498774]]],"type":"Polygon"},{"coordinates":[[[3.800221479503576,51.07478889553675],[3.800053764040048,51.07436512978048],[3.800136678540777,51.07435276894699],[3.800197314822455,51.074506009183885],[3.800862696953405,51.07439335084917],[3.801434115305628,51.07490132714248],[3.800757683896679,51.07562117644149],[3.800574697073294,51.075543796283284],[3.800887580286771,51.075223155459575],[3.800680428782231,51.07471580355821],[3.800405903631417,51.07475271643285],[3.800414886784258,51.074770156909224],[3.800330085821425,51.07478246118959],[3.800326582391845,51.07477201948402],[3.800221479503576,51.07478889553675]]],"type":"Polygon"},{"coordinates":[[[3.745231289049252,51.06115803905501],[3.745236229783321,51.06115696634802],[3.745236499277918,51.06115690988977],[3.745239553549883,51.061156345307126],[3.745242428158794,51.06115589364102],[3.745244673947004,51.06115555489142],[3.745246829903672,51.061155272600104],[3.745249794344127,51.06115493385049],[3.745252758784548,51.061154651559136],[3.745255723225004,51.06115448218437],[3.745258687665425,51.061154369267825],[3.745261023285178,51.061154256351315],[3.745263179241845,51.061154256351315],[3.745265425030056,51.061154256351315],[3.745267670818266,51.06115431280957],[3.745269916606476,51.06115442572608],[3.745272162394687,51.061154538642626],[3.745275126835141,51.06115482093394],[3.745277282791809,51.061155046767],[3.745279528580019,51.061155272600104],[3.74528168453672,51.06115555489142],[3.745283840493387,51.06115589364102],[3.745286715102299,51.06115645822363],[3.745289589711211,51.061157022806285],[3.745291655836368,51.06115747447237],[3.745293811793035,51.06115798259676],[3.745296506738895,51.06115871655417],[3.745299201684753,51.06115950696983],[3.745301896630612,51.06116035384372],[3.745302255956718,51.061160466760214],[3.745304501744928,51.06116125717585],[3.745307106859244,51.06116221696624],[3.745309622142051,51.06116323321484],[3.745311508604155,51.061164023630425],[3.745313305234717,51.061164814045995],[3.745315101865278,51.061165717378024],[3.74531680866433,51.06116656425185],[3.745319054452541,51.06116780633336],[3.745321300240751,51.06116910487308],[3.745323366365874,51.06117040341281],[3.745324983333417,51.061171419661235],[3.74532642063784,51.06117249236789],[3.745327947773839,51.061173508616285],[3.745329295246752,51.06117463778115],[3.745331181708856,51.06117610569541],[3.745332439350259,51.06117729131844],[3.745333696991662,51.061178420483174],[3.745334954633065,51.061179606106144],[3.74533585294833,51.061180622354385],[3.745336032611382,51.06118084818731],[3.745337559747381,51.06118248547612],[3.745338547894188,51.06118372755721],[3.745339536040996,51.06118496963827],[3.745340793682398,51.061186719843356],[3.745341961492259,51.061188470048336],[3.745342769976013,51.06118982504573],[3.745342949639099,51.0611902202533],[3.745343129302152,51.06119044608618],[3.745343308965205,51.061190897751956],[3.74534366829131,51.061191518792384],[3.745343937785907,51.061191688167064],[3.745348788688433,51.06120106023084],[3.745357322683625,51.061217828316096],[3.745401609627129,51.06130437863938],[3.745403226594639,51.06130776612428],[3.745411311432216,51.06132464708701],[3.745411311432216,51.0613247600031],[3.745411401263725,51.06132481646115],[3.745400262154217,51.06132735707375],[3.745400351985726,51.061327469989884],[3.745371965222747,51.06133435787214],[3.745280516726826,51.0613563765053],[3.745241799338093,51.0613657485357],[3.745161939109329,51.06138500071276],[3.745159693321119,51.06138556529262],[3.745150261010629,51.06138782361195],[3.745148644043121,51.06138517008672],[3.745142445667681,51.06137483827424],[3.745139301564173,51.061369531222155],[3.745087558603793,51.06128360205989],[3.745065819373935,51.061247355939656],[3.745058453188602,51.06123504806061],[3.745053422623024,51.061226861625514],[3.745035995306499,51.061197785654535],[3.745036534295658,51.06119772919634],[3.745125377677263,51.061179549647925],[3.745146128760347,51.0611752588218],[3.745155111913188,51.06117345215805],[3.745156010228453,51.06117322632508],[3.745160861130979,51.061172210076684],[3.745190685198414,51.061166733626564],[3.745191403850658,51.06116662071008],[3.745195985258589,51.06116577383631],[3.74519697340543,51.06116560446155],[3.745197422563045,51.06116549154502],[3.745203980264624,51.06116430592168],[3.745214310890411,51.061161878216666],[3.745227965282725,51.06115871655417],[3.745231289049252,51.06115803905501]]],"type":"Polygon"},{"coordinates":[[[3.733763935121361,51.06072477632353],[3.733365083135225,51.06075831283297],[3.733365083135225,51.060820135122555],[3.732852684097172,51.06076757206699],[3.732359329343117,51.060818554279685],[3.732348729222767,51.06077756526258],[3.732399753530903,51.060767628525724],[3.733322233496177,51.06058814584872],[3.733751179044344,51.06055223793803],[3.733763935121361,51.06072477632353]]],"type":"Polygon"},{"coordinates":[[[3.687848884993345,51.06661423916982],[3.687415447868758,51.06640158547371],[3.687039323259287,51.0661082606411],[3.686305669166764,51.06549574994545],[3.686594657193648,51.06532362451323],[3.686521624161059,51.06523629135813],[3.686293991068064,51.06484060856709],[3.68585920647053,51.064321964865826],[3.685393968984893,51.063552202671396],[3.685177025843791,51.062964047177324],[3.685771800393381,51.062891049434526],[3.687013182284518,51.063488577456745],[3.686703802500655,51.06373890011244],[3.687413022417495,51.06402840103576],[3.687653321755996,51.063856157237346],[3.687971594861157,51.06400807731708],[3.68783073902461,51.064214475556405],[3.687742165137568,51.064467955723565],[3.687747105871637,51.06485568172155],[3.687764263693565,51.06513653828967],[3.687792560625035,51.06537731145826],[3.687874486978923,51.06557834057005],[3.687956143838248,51.065799409486786],[3.68808100966276,51.06596724276779],[3.688184944741136,51.066114865550986],[3.688352390710101,51.06627626215832],[3.687848884993345,51.06661423916982]]],"type":"Polygon"},{"coordinates":[[[3.716867343279318,51.02216533046054],[3.716782452484942,51.02158851565613],[3.715968758500602,51.02142357287759],[3.716026071015719,51.021811941834514],[3.71537236698347,51.02186053716829],[3.715348831123017,51.021765437182545],[3.714948272337829,51.021238400035415],[3.714570171434745,51.02116409336198],[3.714345412950661,51.0210581990832],[3.713838763130432,51.02088415673343],[3.713710932865498,51.02085725922111],[3.713671137498414,51.02073339484523],[3.713799327089454,51.02073407293577],[3.71421650470741,51.02078396907154],[3.714480519569385,51.02078069163729],[3.71450010284261,51.0207261053712],[3.714673028534803,51.02071514290424],[3.715110058920513,51.020743735725034],[3.715655246466458,51.020858558891156],[3.715887011809734,51.02086935180211],[3.716055805251645,51.02109142527568],[3.71608113774266,51.02110340478144],[3.71620106283307,51.02116030739144],[3.716459238645745,51.02128264494109],[3.716515113856406,51.02130909015188],[3.71666908509611,51.02133610041571],[3.716810300258763,51.021360850392576],[3.716809132448903,51.02135327848327],[3.716821349536761,51.02135254389496],[3.716820810547603,51.02134881444659],[3.716826559765394,51.0213484754058],[3.716826829259989,51.02134841889901],[3.716877584073562,51.02134536753191],[3.716892496107246,51.02134446342307],[3.717003258381795,51.02133768260638],[3.717003438044848,51.02133768260638],[3.717188221498794,51.02132638124306],[3.717188850319496,51.02133033672056],[3.717195048694968,51.021371134625674],[3.717209242076442,51.02137028702413],[3.71721463196816,51.02140515168811],[3.717200438586653,51.02140605579571],[3.717207086119774,51.02144950944797],[3.717207265782827,51.021450752594745],[3.71727212414633,51.021507711285025],[3.71728038864696,51.02157241129973],[3.71728038864696,51.021572467806244],[3.717283622581977,51.02159247111125],[3.717290539609661,51.02163626362743],[3.717290629441171,51.02163626362743],[3.717293863376222,51.0216539501416],[3.717296378658994,51.02166739866859],[3.717301499056116,51.021694747761934],[3.717301499056116,51.0216948042683],[3.717309853388256,51.02172791699189],[3.717312009344957,51.0217367884855],[3.717315333111484,51.02175018048216],[3.717330245145201,51.02179651563072],[3.717338689308885,51.02182002222498],[3.717338689308885,51.02182007873119],[3.717350097912989,51.021845958573515],[3.717373813436495,51.0218997524354],[3.717373813436495,51.02189980894151],[3.717379832148881,51.021914104988845],[3.717379832148881,51.021914161494934],[3.717387288165757,51.02193179139697],[3.717428790331893,51.02203062043535],[3.717433012413717,51.02204841981094],[3.71743310224526,51.02204847631691],[3.717436336180278,51.0220741300081],[3.717440288767506,51.022104247649466],[3.717440288767506,51.02210430415533],[3.717442534555717,51.02212402470163],[3.716867343279318,51.02216533046054]]],"type":"Polygon"},{"coordinates":[[[3.714290975044456,51.05881134837185],[3.714362031783431,51.058881924723],[3.714446383588616,51.05884635425548],[3.714464978715,51.05886182458918],[3.7144978570544,51.05886713192873],[3.714468032986964,51.05887780306708],[3.714441532686056,51.058957638912936],[3.714425363010968,51.058956283850215],[3.714399850856901,51.059017600398285],[3.714480699232471,51.059050968761895],[3.714395628775042,51.05913966864362],[3.71424614911176,51.05908292558163],[3.714223960724253,51.05910319500181],[3.714588856392671,51.05924366917963],[3.714880180039309,51.05931091370155],[3.714766273661285,51.05950750879655],[3.714730610544517,51.05960879841911],[3.714662069088314,51.059526874666815],[3.714575022337304,51.059508750922575],[3.714414044238374,51.05931667267368],[3.71433526198796,51.05930114603145],[3.714121732444929,51.059048540946065],[3.714161617643523,51.059032449605375],[3.714108886536369,51.05897790838794],[3.714126134189807,51.05892681122639],[3.714147334430507,51.05886826114985],[3.714174912709732,51.05885245205185],[3.714290975044456,51.05881134837185]]],"type":"Polygon"},{"coordinates":[[[3.728670756954999,51.07604210868972],[3.728674799373771,51.07604227801006],[3.728671116281105,51.076037875681344],[3.728714055751697,51.075579184599285],[3.729296253887322,51.075590134088685],[3.729210105451576,51.07612592217584],[3.72904077302054,51.076768995145365],[3.728855001419754,51.07743892386612],[3.72849648378986,51.07743700496032],[3.728670756954999,51.07604210868972]]],"type":"Polygon"},{"coordinates":[[[3.703713671900054,51.07572576079685],[3.703753377435628,51.075768881314914],[3.703802605113203,51.075807373680604],[3.703827218951973,51.07582266902524],[3.703871056737828,51.07583649691545],[3.703925045486419,51.07585297749762],[3.70392908790519,51.07585433206577],[3.703945886401013,51.07586189507044],[3.703960079782486,51.075870756201226],[3.703964391695854,51.07587487634429],[3.703968973103817,51.075881705621676],[3.703975171479256,51.075897960426566],[3.703977956256659,51.075928099528916],[3.703977686762062,51.07593498523867],[3.703975081647747,51.07594649904615],[3.703973105354098,51.07595236882924],[3.703963852706695,51.07596365687157],[3.703951006798135,51.07597088121724],[3.703945976232523,51.0759723486623],[3.703935376112172,51.07597528355232],[3.703886148434599,51.07597759760005],[3.703884711130143,51.07597782336085],[3.703882645004985,51.075977936241195],[3.703865756677653,51.07598132265232],[3.703860097291372,51.075982338575606],[3.703859468470671,51.07598256433633],[3.703858839649969,51.075982677216714],[3.703847610708918,51.0759867409096],[3.703830632550043,51.07599272356791],[3.703829824066288,51.0759931750893],[3.703828835919481,51.07599351373028],[3.70381877478829,51.07599927062711],[3.703805120395975,51.07600677716795],[3.703804222080711,51.07600751088994],[3.70380323393387,51.07600807529146],[3.703787962574047,51.076020774323595],[3.7037143905523,51.07609668624305],[3.703637674427009,51.076157641448845],[3.703534996990038,51.076202341882016],[3.703518018831162,51.07620973551013],[3.70346816233292,51.07625291201702],[3.703440853548257,51.07626984396951],[3.703440584053696,51.076269956849195],[3.703407256556646,51.07630754576147],[3.703406088746787,51.07630884387653],[3.703401507338823,51.07632109130796],[3.70338964957707,51.076336104284046],[3.703384978337596,51.07634665851618],[3.703363778096897,51.07636195368254],[3.703363508602301,51.07636212300171],[3.703363598433844,51.07636212300171],[3.703360633993389,51.076366751058416],[3.703359645846581,51.07636827493066],[3.703358478036721,51.07637408822052],[3.703358208542126,51.07637555565284],[3.70334392532911,51.076378546956974],[3.703343655834514,51.07637803899966],[3.703337906616723,51.07636889576747],[3.70335668140616,51.07634919830431],[3.703413634595172,51.07626233747135],[3.703494482970742,51.076191787616985],[3.703619977615923,51.076131114656185],[3.703703520937353,51.076066660130685],[3.703753107941033,51.07600926053457],[3.703759396148015,51.075999891468875],[3.70376586401805,51.075989732238874],[3.703770445426014,51.07597991164772],[3.703774937002434,51.07596947021232],[3.703777631948293,51.075959762497305],[3.703780326894152,51.07594858733444],[3.703781135377906,51.075939500457615],[3.703781764198609,51.07592764800694],[3.703780686220258,51.07592019789351],[3.703779069252749,51.07591139321244],[3.703775835317732,51.07590241920885],[3.703772960708819,51.07589508197196],[3.703764516545137,51.07588215714409],[3.703763438566787,51.07588040749462],[3.703744753608893,51.07585309037832],[3.703722565221386,51.07582780509922],[3.703705137904862,51.075808784690466],[3.703674774848268,51.075782427019085],[3.703656898374095,51.07576735742293],[3.703620067447467,51.07574246718035],[3.703601741815645,51.075730219595734],[3.703539847892597,51.075697484100246],[3.703487655774569,51.0757419027756],[3.70347040812113,51.07573383178693],[3.703519815461758,51.07568851005517],[3.703532212212669,51.075671352127706],[3.703498076231865,51.07565362978806],[3.703420821117452,51.075622418135154],[3.703368628999423,51.07560475221743],[3.70332497087662,51.07559380273145],[3.703273497410836,51.075583474090266],[3.703210525509438,51.075576983412944],[3.703197859263931,51.07559374629081],[3.703193188024424,51.07560463933613],[3.703192379540669,51.07561225882227],[3.703191391393862,51.075621120000875],[3.703201003367405,51.07565052555591],[3.703200644041299,51.075664297057],[3.703200284715193,51.075679310246194],[3.703199925389054,51.075693420381945],[3.703220856135192,51.07569545224115],[3.703284546688834,51.07570154781818],[3.703335391333917,51.07571165067096],[3.703419743139102,51.075732646536714],[3.703453519793765,51.07574709529903],[3.703498794884111,51.07577429959707],[3.703526462994845,51.075795408315244],[3.70354353098523,51.07581166315044],[3.70355071750751,51.075819113281355],[3.703561497290913,51.07583198168646],[3.703571019432946,51.07584518873009],[3.703579194102032,51.07585879085226],[3.703558532850491,51.07586375760128],[3.703550537844456,51.07585055056295],[3.703541644523159,51.075838077245514],[3.703531493560424,51.07582599900732],[3.703520264619372,51.075814259408325],[3.703502477976777,51.07579935914376],[3.70349547111755,51.075802068283146],[3.703485859144007,51.07580421301834],[3.703475708181306,51.07580460810113],[3.703466814859974,51.07580088303469],[3.703455585918923,51.07580093947508],[3.703441662032012,51.075803535733556],[3.703430073764856,51.07580556758791],[3.70342243808496,51.07581098586577],[3.703415521057243,51.07581679922569],[3.703406537904402,51.075824926640244],[3.703397375088508,51.07583096575987],[3.703390188566262,51.075838980291245],[3.703385876652894,51.075849026673694],[3.703387044462754,51.075859919658924],[3.70338740378886,51.07586968383519],[3.703394680142682,51.075877359717985],[3.703403124306332,51.07588255222623],[3.703413275269033,51.07589096183074],[3.703428007639698,51.07589671874029],[3.703433846689065,51.07590320937276],[3.70344372815717,51.07591342506206],[3.703444356977871,51.075919464170134],[3.703444177314819,51.07593171170466],[3.703444267146361,51.07594316907273],[3.703445614619274,51.07594999833999],[3.703445614619274,51.0759597060571],[3.703444716303977,51.07596924445153],[3.703429983933345,51.07598143553267],[3.703423336400224,51.07599176408505],[3.703414712573489,51.07599695658042],[3.703398722561454,51.076002826357154],[3.703378690130614,51.07600920409443],[3.703362340792441,51.076009824936065],[3.703345901622724,51.07601027645728],[3.703328743800829,51.07601253406314],[3.703313023283357,51.07601400150687],[3.703303321478271,51.07601716215481],[3.703285624667185,51.076019589080744],[3.703267209203853,51.07602004060183],[3.703250680202627,51.07602128228479],[3.703242505533541,51.076022749728246],[3.703230198614138,51.07602100008413],[3.703228042657472,51.07601518674987],[3.703225707037718,51.07600463244215],[3.703223551081051,51.07599351373028],[3.70322130529284,51.075978895724376],[3.703219508662279,51.07596529363749],[3.703217262874069,51.07595643252479],[3.703216544221824,51.07594503160027],[3.703211783150807,51.07593464659722],[3.703209357699544,51.07592488243466],[3.703207201742877,51.07591207049564],[3.703202799997967,51.07590433817833],[3.70319794909544,51.07589604145686],[3.703194355834317,51.07588746253238],[3.703190672741651,51.075878262762956],[3.703182048914915,51.07587115128346],[3.703169472500951,51.07586646673686],[3.702955673463324,51.07580127811751],[3.702953607338166,51.07580127811751],[3.702953427675113,51.075814372289116],[3.702934652885677,51.0758143158487],[3.702934832548729,51.07580099591547],[3.702934832548729,51.075800431511425],[3.70293600035859,51.07577350943096],[3.702944983511431,51.07574591004918],[3.702954505653464,51.075731687048425],[3.702968968529533,51.075715375744636],[3.702978939829181,51.075709505931435],[3.702991067085497,51.075702507307106],[3.703011369010932,51.075694379870995],[3.703033647229983,51.07568856649574],[3.703059967867805,51.075684502776625],[3.70306257298212,51.075684107692794],[3.703080090130154,51.075682753119715],[3.703097786941274,51.075682527357536],[3.703107848072432,51.075683035322434],[3.703109914197589,51.075683091762976],[3.703115393920851,51.075683373965724],[3.703132821237342,51.07568540582536],[3.703136055172358,51.07568597023081],[3.703144409504498,51.07568749412543],[3.703147284113411,51.07568800209032],[3.703149799396216,51.075688453614646],[3.703178545485302,51.07569133208211],[3.703179533632109,51.07565176724879],[3.703169831827057,51.07562207949146],[3.703170999636917,51.075611299331484],[3.703171987783724,51.075602438150995],[3.703183845545476,51.075574782226504],[3.703083952885907,51.075570210531254],[3.703044516844928,51.075568799514116],[3.702970316002445,51.075589231038116],[3.702902493198488,51.075611694415926],[3.702877699696665,51.07561886237592],[3.702861080863895,51.07562219237267],[3.702827663535337,51.07562315186323],[3.702822453306671,51.07562275677889],[3.70281957869776,51.0756228132195],[3.702811134534111,51.075621966610186],[3.702788766483517,51.075619708985286],[3.702782927434183,51.07561914457903],[3.70277610023801,51.075617733563384],[3.702755079660362,51.07561338763494],[3.70274762364352,51.075611863737834],[3.7027431320671,51.07561039628134],[3.702722111489453,51.07560362340455],[3.702714565641068,51.07560114001617],[3.70271249951591,51.075600236965776],[3.702685550057387,51.075587876462215],[3.702684561910579,51.07558736849622],[3.702682316122369,51.075585901038956],[3.702655546326898,51.07556823510728],[3.702652312391881,51.075566090361114],[3.702650964918934,51.07556479222521],[3.702630483330479,51.07554441713116],[3.702627339226971,51.07554125645098],[3.702616828938164,51.0755242677911],[3.702611978035605,51.075516422527514],[3.70261116955185,51.07551512439021],[3.702601467746798,51.07548357399917],[3.702600120273852,51.0754791716173],[3.702599940610799,51.0754788894133],[3.702596796507325,51.0754724551621],[3.702591047289501,51.07546094123667],[3.7025904184688,51.07546015106521],[3.702583411609573,51.07545123341496],[3.702574518288274,51.07544011457016],[3.702573170815328,51.07543898575326],[3.702563289347223,51.07543074538919],[3.702552240069225,51.075421432647225],[3.70255026377561,51.07542024738901],[3.702534992415753,51.07541144261285],[3.702523763474702,51.07540489547048],[3.702521697349544,51.07540410529805],[3.702503910706948,51.07539716306841],[3.702490795303792,51.075392026946595],[3.702488819010178,51.07539151897849],[3.702469864557654,51.07538666506061],[3.702460162752602,51.07538423810148],[3.702458725448146,51.075384012337835],[3.702452077915025,51.075382883519566],[3.702401772259134,51.075374360940906],[3.702398538324117,51.07537379653166],[3.702375541452822,51.07536724938396],[3.702373026170049,51.07536628988813],[3.702367276952226,51.0753641451326],[3.702353802222964,51.075359065448076],[3.702346615700685,51.07535550966857],[3.70233745288479,51.07535099439264],[3.702331164677808,51.075347890140144],[3.702320654388967,51.07534111722497],[3.70231400685588,51.07533677127051],[3.702311042415425,51.07533485227753],[3.702293884593497,51.07532029050453],[3.702289752343216,51.07531566234316],[3.7022856200929,51.0753109212993],[3.702279870875076,51.075304430583735],[3.702268731765569,51.07528608725221],[3.702267384292622,51.075268195441836],[3.702267743618728,51.07526627644601],[3.702270438564586,51.07525092447636],[3.702271606374447,51.075244377311314],[3.702272055532096,51.075243474253966],[3.702282655652445,51.07522140578518],[3.702300621958128,51.07520492497807],[3.702303855893145,51.07520278021509],[3.702310952583915,51.07519803915967],[3.702322361188019,51.07519041960531],[3.702332871476827,51.075185227019404],[3.702341674966615,51.07518093749148],[3.702347334352929,51.075178115433424],[3.702375002463664,51.07516840755239],[3.702314635676582,51.07509046222433],[3.702295860887145,51.07506613603066],[3.702299094822162,51.07506528941112],[3.702330176531001,51.07504807481126],[3.702415875809097,51.075159659169486],[3.702442825267621,51.075199958158365],[3.702445969371095,51.07520357039091],[3.702477590069126,51.075239410495804],[3.702508581946422,51.07526780035446],[3.70254316708484,51.07529449696512],[3.702579908179959,51.07531848439283],[3.702624823944165,51.075343769950194],[3.702656893799811,51.07535895256618],[3.702690939949104,51.075372272626666],[3.702726692897383,51.075383560810515],[3.702763972981694,51.07539281711921],[3.702817602404145,51.07540207342607],[3.702910488204521,51.0754112732902],[3.702986395846023,51.07542194061502],[3.703062662813664,51.075436389474326],[3.703136953487657,51.07545428121967],[3.703224539227858,51.07548058263718],[3.703533200359476,51.07557608036209],[3.703551436159755,51.07558415137832],[3.703581799216348,51.075601252897435],[3.703618091153818,51.07562636897847],[3.703641447351219,51.07564578454635],[3.703662378097323,51.075667457728834],[3.703713671900054,51.07572576079685]]],"type":"Polygon"},{"coordinates":[[[3.725236048466155,51.061410293883306],[3.725151876324057,51.06140210747919],[3.725144060981076,51.06140131706768],[3.724633189078987,51.06134576239624],[3.724644238356987,51.06130861299546],[3.725153403460022,51.06136298209322],[3.725162925602023,51.061327695822094],[3.725185293652616,51.06124526698796],[3.724652772352179,51.0611875102585],[3.724661396178914,51.0611468038595],[3.725194276805457,51.06120439126508],[3.725290306709342,51.06120919021232],[3.72528356934471,51.06122895057805],[3.725236048466155,51.061410293883306]]],"type":"Polygon"},{"coordinates":[[[3.725600674639978,51.06441359027233],[3.725256709717697,51.064284083945445],[3.725197959898123,51.06423242809498],[3.725103007972589,51.064252751715166],[3.725032490222772,51.06425788907328],[3.724933495878466,51.06425596962087],[3.724823452256162,51.064248404719365],[3.724735686852907,51.064228532733445],[3.724634806046497,51.064197426283734],[3.724560425540994,51.064165134266695],[3.724486134866968,51.064120309296605],[3.724422983302518,51.06407418582487],[3.72437743871761,51.06401981991117],[3.724340697622491,51.063971099417174],[3.724323629632072,51.063927967905734],[3.724352375721191,51.063922604691406],[3.724309256587546,51.06385299575881],[3.724291919102565,51.063833462333115],[3.724252572893097,51.06381246106856],[3.724927387334537,51.063574728347575],[3.724838723615985,51.06345769633168],[3.725108308032764,51.063387014044636],[3.725194995457668,51.063487391892906],[3.72546700532571,51.06340564437037],[3.725674695819408,51.06366895217239],[3.725409333484487,51.06375493336228],[3.725632205506465,51.06404195017659],[3.725529797564056,51.064123244938266],[3.72547652746771,51.06415485952926],[3.725745842389893,51.06426037307045],[3.725600674639978,51.06441359027233]]],"type":"Polygon"},{"coordinates":[[[3.739906255708072,51.05049099780732],[3.739932396682841,51.05048783541609],[3.739971024240065,51.050532560643205],[3.739984139643187,51.050530979449036],[3.740068311785318,51.0506862750464],[3.740044686093356,51.050696044533865],[3.740036601255778,51.050714115256625],[3.740045404745567,51.05103221529421],[3.740320019727925,51.05101883175772],[3.740334482603994,51.051114492899636],[3.740338794517362,51.051177118652305],[3.740275822615963,51.05159042390818],[3.740113946201736,51.051569755909505],[3.739908142170176,51.052298664344356],[3.740056903181214,51.05231594387521],[3.740252556250106,51.0523483006264],[3.740238991689301,51.052386078375406],[3.739915328692423,51.052344856016965],[3.739816244516607,51.05232780237305],[3.739633617019328,51.05229392094262],[3.73959076738028,51.05237275169916],[3.739428980797595,51.05235050291755],[3.739401133023807,51.05227946485808],[3.739428351976927,51.052203796217015],[3.739571004444036,51.05170364597781],[3.739633796682381,51.051702347172565],[3.739652571471817,51.05166287477068],[3.739673502217955,51.05166298771034],[3.739768903301138,51.051375160037885],[3.739755967561035,51.051365164812864],[3.739854063590043,51.05106581529484],[3.739860351797058,51.050985118781654],[3.739884336815127,51.05095061519111],[3.739866101014849,51.05094722694842],[3.739974886995784,51.05063144164221],[3.739935810280911,51.05062460863883],[3.739949734167822,51.05056209508138],[3.739906255708072,51.05049099780732]]],"type":"Polygon"},{"coordinates":[[[3.735212648180057,51.0337379689528],[3.735135482897152,51.03379638132828],[3.734888086867914,51.03399658720934],[3.734830325195147,51.03398110856878],[3.734620119418677,51.03415385894267],[3.734524628503951,51.03410612386453],[3.734253067793557,51.03400297073473],[3.734275166349555,51.033937101748634],[3.734297444568605,51.03385518907097],[3.734341821343653,51.03371186978252],[3.734364548720318,51.03360233219542],[3.734384581151158,51.03347934925297],[3.734536935423352,51.03350601347398],[3.735212648180057,51.0337379689528]]],"type":"Polygon"},{"coordinates":[[[3.716666120655654,51.06035395350199],[3.716689297190003,51.060149288294504],[3.717051587744072,51.06015668448738],[3.71702409929639,51.06037721470415],[3.716666120655654,51.06035395350199]]],"type":"Polygon"},{"coordinates":[[[3.710721968420642,51.048256714599916],[3.711096296399552,51.048136650733056],[3.711724039120084,51.048486958501236],[3.711462719203936,51.04866518919739],[3.710721968420642,51.048256714599916]]],"type":"Polygon"},{"coordinates":[[[3.74028399728505,51.041876859954534],[3.740405988500618,51.041824218912645],[3.740451533085526,51.04185805152048],[3.740734143073917,51.04175525453871],[3.740678717020871,51.041708543966664],[3.740812745661278,51.041651384169974],[3.74112715601072,51.04175830456233],[3.741332421053121,51.04182263742118],[3.74223909066938,51.04206805035998],[3.742376083750208,51.04212673464227],[3.742454327011463,51.042188581808276],[3.742513975146334,51.042267655690246],[3.742565987601277,51.04244376403664],[3.742845992475353,51.04383266948765],[3.742836470333319,51.043855826030914],[3.742803232667814,51.043866048793916],[3.74277394758957,51.04385780280847],[3.742351469911438,51.04353507863635],[3.741651322978983,51.042972875785175],[3.741524840186996,51.042852798222064],[3.741177551498154,51.042573444417926],[3.740604426346879,51.042102221678704],[3.740538040847377,51.04212159482838],[3.74028399728505,51.041876859954534]]],"type":"Polygon"},{"coordinates":[[[3.675933720896307,51.073523118057786],[3.676180398273334,51.07363577851115],[3.677515833774708,51.07475147471584],[3.677397435820263,51.07492689513517],[3.677954570959471,51.075064612115526],[3.677995713799467,51.07502081364492],[3.678026795508305,51.075032553445226],[3.677182648635829,51.07601496098931],[3.677086079742786,51.07608043150797],[3.676948098515117,51.076077327304404],[3.674491565539189,51.07534597114763],[3.674473060244315,51.075271299699644],[3.674456261748527,51.07516456955235],[3.673928771013669,51.075007324159145],[3.674270759642336,51.07452615896735],[3.674277227512404,51.074458936546314],[3.674361130159939,51.07438527962528],[3.675129638885477,51.07341756918779],[3.675069272098395,51.073391718144435],[3.675180842856698,51.07318727990856],[3.675664585637176,51.07331642266513],[3.675598649295324,51.07341570655852],[3.675933720896307,51.073523118057786]]],"type":"Polygon"},{"coordinates":[[[3.71928111644774,51.03820042848074],[3.719252550021708,51.03820489089463],[3.719185625533048,51.038198507948074],[3.719164874449963,51.038196587415264],[3.719164604955401,51.0381973782229],[3.719142775893966,51.038195401203815],[3.719110795869863,51.03819246391818],[3.719077468372814,51.03818930068725],[3.719042434076747,51.03818596799729],[3.719015574449767,51.03818348260126],[3.71898350459412,51.0381804323423],[3.718951524569984,51.03817738208314],[3.718908495267883,51.038173315070615],[3.718883881429114,51.03817099913274],[3.718853698035538,51.03816817481813],[3.718821897674489,51.03816518104445],[3.718795666868211,51.0381626956473],[3.718773029323054,51.03816054916781],[3.718747157842847,51.03815812025672],[3.71872164568878,51.03815574783182],[3.718714099840394,51.03815501350979],[3.718704308203799,51.038152980002586],[3.718698469154465,51.03815173730371],[3.718693438588853,51.03815004271423],[3.718688587686327,51.038148404611036],[3.718683557120748,51.038146710021486],[3.718678616386679,51.03814360327375],[3.718674573967907,51.03814128733443],[3.718671160369803,51.03813902788132],[3.718667207782574,51.038135243297084],[3.718663434858365,51.03813157168523],[3.718659572102646,51.038127900073086],[3.71865813479819,51.038123155220006],[3.718656517830681,51.038118466852836],[3.718654811031663,51.03811451280783],[3.718654541537067,51.038110219844334],[3.718654361874014,51.03810620931227],[3.718654092379418,51.038100052297615],[3.718653373727207,51.0380846315141],[3.718653014401068,51.038052773175934],[3.718652475411909,51.03799792481546],[3.718652385580366,51.03798295589015],[3.718653014401068,51.03796708317538],[3.718652565243452,51.03787856868413],[3.718652834738015,51.037869417846395],[3.71865355339026,51.03785377103947],[3.718654092379418,51.03784772696461],[3.718655439852331,51.03783868909419],[3.718657865303627,51.037823155250294],[3.71866073991254,51.03781383494146],[3.718663973847556,51.037803723816424],[3.718667028119521,51.03779491188441],[3.718670621380644,51.037784857242],[3.718673495989556,51.037776949094756],[3.718679963859591,51.037762262532],[3.718683467289205,51.03775491924889],[3.718687330044923,51.03774768893821],[3.718691641958291,51.037740571600054],[3.718746169696041,51.03765578481281],[3.718749852788707,51.037650418555245],[3.718753805375969,51.037645165270916],[3.718756859647934,51.03764171956798],[3.718760273246004,51.03763849981252],[3.718764046170213,51.03763544951769],[3.718768717409687,51.03763228624874],[3.718773747975265,51.03762934892737],[3.718779227698493,51.03762669404061],[3.718784976916317,51.03762437807546],[3.718791265123299,51.037622288057975],[3.718797822824877,51.03762070642312],[3.718804650021051,51.03761946370992],[3.718811656880244,51.037618729379425],[3.718816238288208,51.03761850343158],[3.718820819696139,51.03761844694458],[3.718825401104102,51.037618616405474],[3.718829982512066,51.037618955327275],[3.719005782813138,51.03763550600462],[3.719175115244207,51.03765160478067],[3.719293513198652,51.03766199837344],[3.719293872524757,51.03766024727919],[3.719294321682406,51.03765843969794],[3.719302855677599,51.03762211859714],[3.719381907422608,51.03762968784908],[3.719383883716255,51.03763601438709],[3.719398885581483,51.037634206804874],[3.719397897434676,51.03763121299674],[3.71948683064779,51.03763968603825],[3.719483147555124,51.03765454210059],[3.719412539973798,51.037647763669696],[3.719377056520081,51.037796832433855],[3.71927896049104,51.03778756860648],[3.719264048457322,51.037785930490486],[3.719217875051746,51.03778141154944],[3.719155801465612,51.038042662103045],[3.719202154534274,51.03804712453213],[3.71925281951627,51.038052151825156],[3.719314354113246,51.038058139386926],[3.719291447073494,51.03815168081741],[3.71928111644774,51.03820042848074]]],"type":"Polygon"},{"coordinates":[[[3.731651367067715,51.062585564205634],[3.731821957140154,51.062562868678526],[3.731901907200461,51.06263202789938],[3.731951853530246,51.06270321944656],[3.731998386261961,51.06277655622325],[3.732027132351046,51.06286316008866],[3.73203845112364,51.0629307945462],[3.731953021340106,51.06307701561502],[3.731922568451969,51.06315537636841],[3.731899930906813,51.06315667485242],[3.731877652687763,51.063127995284496],[3.731832197934399,51.06313629429514],[3.731765722603387,51.062963256792486],[3.731753595347038,51.06292729426786],[3.731721255996796,51.062852659237464],[3.731713889811464,51.062754989916044],[3.731324919293467,51.06282189060063],[3.731395526874793,51.06304094026686],[3.731323212494415,51.06305076360387],[3.731226553769829,51.063058667436735],[3.73111345587556,51.06304906992524],[3.731096837042823,51.062982226024985],[3.731087314900791,51.06289821936489],[3.731118037283523,51.06284808628539],[3.731204095887726,51.06282381011255],[3.731245238727756,51.06282872180434],[3.731713260990796,51.062752505838155],[3.731651367067715,51.062585564205634]]],"type":"Polygon"},{"coordinates":[[[3.769374410625262,51.06799186371214],[3.76911075508936,51.068033241490795],[3.768900189986784,51.06790854354351],[3.768917527471765,51.06785090802745],[3.768677587459368,51.0677356367801],[3.768699865678419,51.06762301841343],[3.768798680359671,51.067506053082916],[3.769040237339577,51.067526488166784],[3.769122882345708,51.067168364837904],[3.769797696787149,51.06722312220984],[3.769374410625262,51.06799186371214]]],"type":"Polygon"},{"coordinates":[[[3.738116542167516,51.05087037024366],[3.73807387219152,51.05087466202479],[3.738042970145735,51.0508750573204],[3.738006498545211,51.050872403192656],[3.737972811722057,51.05086669964105],[3.737966523515075,51.05086438433769],[3.737959336992795,51.05086743376161],[3.737937597762903,51.05087336319634],[3.737930141746062,51.050872967900716],[3.7378954667761,51.05084772544445],[3.737894388797749,51.050846257202736],[3.737894298966207,51.050840892472934],[3.737896095596801,51.05083383361701],[3.737897263406662,51.05083084066176],[3.737899509194872,51.050826605347424],[3.73789510744996,51.05080876055207],[3.737889987052872,51.05078933456446],[3.73787660215512,51.05077211093496],[3.737870673274243,51.0507671414931],[3.737883788677399,51.05076550383601],[3.737894658292346,51.05076126851569],[3.737902832961432,51.05075533906661],[3.737911995777326,51.0507390754309],[3.737916038196098,51.05072202119566],[3.737914960217748,51.05070530578018],[3.737906516054099,51.050697964548476],[3.737906336391013,51.05067023727066],[3.737903012624485,51.05064900415056],[3.737912175440379,51.05063437813926],[3.737910109315222,51.0506278839629],[3.737907055043257,51.05061630738534],[3.73790489908659,51.05060574728529],[3.737903461782134,51.050597671913025],[3.737901485488486,51.05058321529899],[3.737845161120176,51.05049404725578],[3.737829530434247,51.05048941661173],[3.737815606547336,51.05048292241504],[3.737802131818074,51.05047326582523],[3.737792519844532,51.050461971565575],[3.737773475560499,51.05045327498377],[3.737735925981625,51.05044090776399],[3.73769550179384,51.050433001777016],[3.737643938496546,51.050428597012235],[3.737622648424303,51.05043102528005],[3.737610161841849,51.050435825343946],[3.737600370205253,51.05044271484655],[3.737596327786481,51.050448305507715],[3.737571354621572,51.05044175483393],[3.73756389860473,51.05043938303801],[3.73772604451352,51.050217506640465],[3.737724607209064,51.050216885452826],[3.737724697040574,51.0502167725096],[3.737725325861275,51.05021598190712],[3.737748143069484,51.05018430132585],[3.737749849868536,51.050181873045105],[3.737755149928711,51.05017639529506],[3.737811025139372,51.05018616489008],[3.738012876583737,51.050221120822926],[3.737997874718476,51.05025562495694],[3.73799859337072,51.050255794371616],[3.737990598364687,51.05027386526616],[3.738000569664335,51.050275615883706],[3.738114476042358,51.050295663273374],[3.738112948906359,51.05029893862072],[3.738126603298708,51.0503012539523],[3.738136484766813,51.050280359492206],[3.738148252697056,51.05028261835321],[3.738149061180811,51.050280472435226],[3.738161996920881,51.05028278776778],[3.738151306969021,51.050305602257694],[3.738204397402313,51.05031503299655],[3.738204487233824,51.05031486358209],[3.738367082300263,51.05034287342993],[3.738375885790051,51.05032243076037],[3.73839151647598,51.05028640194516],[3.738410740423066,51.050289677293144],[3.7383975351884,51.05031870364287],[3.738396277546997,51.050326101406114],[3.738396906367698,51.05033056265213],[3.738400769123417,51.05033626626976],[3.738406069183592,51.05034326873009],[3.738413165874328,51.05034880293183],[3.738424035489274,51.0503520782754],[3.738435084767273,51.05035399830432],[3.738467424117481,51.05035998427619],[3.738555638678384,51.05037641745929],[3.738558692950349,51.05037602215942],[3.738566059135681,51.05037506214543],[3.738574413467822,51.05037054443234],[3.738652117739918,51.05028566781538],[3.73867017387711,51.05027047697399],[3.738690745297108,51.050256641444946],[3.738722365995138,51.05024032116253],[3.738757579954259,51.05022716328361],[3.738799351614956,51.05021620779359],[3.738840404623444,51.050209995916624],[3.738870677848528,51.0502083017682],[3.738901040905122,51.050208866484354],[3.738931134467153,51.05021174653655],[3.73896041954543,51.05021682898122],[3.738997969124303,51.05022716328361],[3.739115109437345,51.05026889577088],[3.739117355225555,51.050269686372445],[3.739123373937941,51.050274429981506],[3.739126697704502,51.05027301819314],[3.739129212987308,51.05027392173773],[3.739143406368781,51.050275615883706],[3.739144125021026,51.05027567235523],[3.739147538619096,51.050273808794635],[3.739248239762454,51.05023032569263],[3.739255516116244,51.050227332698384],[3.739256414431541,51.05022823624381],[3.739257133083752,51.05022795388588],[3.739259738198068,51.050226824454036],[3.739262163649364,51.05022908331765],[3.73928372321617,51.050246250677596],[3.739287046982731,51.050249413085275],[3.739285609678275,51.05025003427247],[3.739281926585608,51.050251728419376],[3.739262702638523,51.05025997326663],[3.739172691447058,51.05029854332018],[3.739166942229234,51.05030317398332],[3.739166852397692,51.050303286926294],[3.73916388795727,51.05032186604561],[3.739167930376042,51.05035925014764],[3.739167750712989,51.05037980574374],[3.73916388795727,51.050402168414855],[3.739156342108885,51.050424135775714],[3.739133345237623,51.050464908073366],[3.73909435835426,51.0505213793405],[3.739072080135244,51.05055051848738],[3.739056359617771,51.050568758680505],[3.739068486874087,51.05057338931661],[3.739044771350581,51.050598067211],[3.739032644094265,51.050593436577344],[3.739000843733215,51.05062240626561],[3.738948112626028,51.05066295250449],[3.738904005345577,51.05069147038103],[3.738913527487576,51.050698133961525],[3.738879661001369,51.050717447045386],[3.73887013885937,51.05071072699668],[3.738825043432111,51.05073348480478],[3.738749225622119,51.050766802667525],[3.738693799569073,51.0507879227918],[3.73862786322722,51.050808873493814],[3.738579983022592,51.05081909472238],[3.738560040423295,51.05082180532401],[3.738561567559261,51.05083072772008],[3.738522311181336,51.05083343832105],[3.73852078404537,51.0508245723964],[3.738502458413582,51.05082468533815],[3.738472454683094,51.0508234429791],[3.738383611301489,51.05081610176617],[3.73833627008602,51.050816779416635],[3.738307613828445,51.05082016766887],[3.738279766054624,51.05082575828451],[3.738186790422737,51.05085613959808],[3.738152205284285,51.05086432786689],[3.738116542167516,51.05087037024366]]],"type":"Polygon"},{"coordinates":[[[3.692682000884961,51.06980928990842],[3.692550218032765,51.069697353961516],[3.692355283616118,51.06978569475907],[3.691694303230078,51.069356181911715],[3.691161512435046,51.06899513740727],[3.69047564871564,51.06850578100277],[3.690058291434631,51.06820236501466],[3.690032330122914,51.06821038086724],[3.689704534875754,51.06795895339243],[3.689249268689765,51.06759840604219],[3.688627993839266,51.06711213967521],[3.68816841573991,51.06674605348702],[3.688455157978583,51.06656331979135],[3.689089099074589,51.06706596273349],[3.689154137101177,51.06703649527228],[3.689405216223082,51.06723322691365],[3.68942246387652,51.067233283364494],[3.689733191133296,51.06747099729645],[3.690112100520135,51.067752515398865],[3.690427139690278,51.06799570230708],[3.691189450040376,51.06855054527691],[3.691802909547927,51.06898796842124],[3.692485269837719,51.06942578256882],[3.692907478021255,51.06969667658736],[3.692682000884961,51.06980928990842]]],"type":"Polygon"},{"coordinates":[[[3.716908036961665,51.06495848389123],[3.716376144481964,51.064550435273766],[3.716367251160632,51.06454467695268],[3.715361138042418,51.06368763883985],[3.716023016743756,51.063384755822845],[3.716584733290926,51.063802242707865],[3.71678281181108,51.06381466281448],[3.716849017647496,51.06382104223159],[3.717692445867761,51.06449245685104],[3.717474963737501,51.06466475473585],[3.717369142197022,51.06471962797737],[3.717584288707561,51.06491851470579],[3.717142587082377,51.0651462482752],[3.716908935276963,51.064964919604314],[3.716912798032682,51.06495599993157],[3.716908036961665,51.06495848389123]]],"type":"Polygon"},{"coordinates":[[[3.657918906188587,51.049899852783035],[3.657871475141575,51.0499446915218],[3.657580690484097,51.049810062231046],[3.65763099614002,51.04977267768572],[3.658441995178501,51.04907128832656],[3.658644295780514,51.049143404292415],[3.657918906188587,51.049899852783035]]],"type":"Polygon"},{"coordinates":[[[3.763959725418689,51.01967991269236],[3.763958198282723,51.0196819470102],[3.763956401652162,51.019683924819134],[3.76395424569546,51.01968584611914],[3.76395199990725,51.01968754138382],[3.763949394792935,51.01968901061313],[3.763946610015566,51.01969053635124],[3.763943645575111,51.01969177954519],[3.763940501471636,51.01969285321267],[3.763937357368129,51.01969381386252],[3.763933943770058,51.01969454847709],[3.763930440340445,51.019695113565184],[3.763926936910831,51.019695452618066],[3.763923343649709,51.0196956221445],[3.763919750388552,51.0196956221445],[3.763916246958938,51.01969539610926],[3.763906095996237,51.019693757353714],[3.76390286206122,51.019692683686216],[3.763899628126202,51.01969149700109],[3.763896663685747,51.019690197298324],[3.763893789076836,51.01968872806905],[3.76389109413101,51.01968720233088],[3.763888668679747,51.01968556357504],[3.763881212662872,51.01968076032479],[3.763879775358415,51.01968030825417],[3.763878248222449,51.019679969201185],[3.763876810917994,51.01967968665705],[3.763875283781995,51.01967946062173],[3.763873576982943,51.019679404112914],[3.763871960015434,51.01967946062173],[3.763870432879469,51.019679517130534],[3.763868815911959,51.01967974316587],[3.76386728877596,51.019679969201185],[3.763865851471505,51.01968030825417],[3.763864414167049,51.01968076032479],[3.763862976862593,51.019681325413096],[3.76386162938968,51.019681833992564],[3.76386055141133,51.0196825686073],[3.76385821579161,51.01968352925735],[3.763855790340347,51.01968448990739],[3.76385336488905,51.01968522452207],[3.763850669943225,51.019685902627984],[3.763848064828875,51.01968646771623],[3.763845190219963,51.01968680676913],[3.763842495274138,51.01968703280441],[3.763839620665226,51.01968714582207],[3.76383665622477,51.01968703280441],[3.76383378161586,51.01968680676913],[3.763830817175437,51.01968635469856],[3.763828122229579,51.01968578961033],[3.763825247620667,51.019685168013275],[3.76382273233786,51.0196842638721],[3.763820217055088,51.01968335973087],[3.763811233902246,51.019679178077546],[3.763777187752986,51.019656348504164],[3.763777187752986,51.01965629199532],[3.763738650027272,51.01962995885956],[3.763817881435334,51.01958526030515],[3.763839261339121,51.01957316738922],[3.763872499004626,51.0195966186018],[3.763876810917994,51.019600743753664],[3.763956311820618,51.01965725264592],[3.763959905081775,51.019659965071],[3.763961162723145,51.0196620558986],[3.763962061038442,51.01966425974377],[3.7639626000276,51.01966652009768],[3.76396304918525,51.019668780451475],[3.763962959353739,51.019671040805164],[3.763962689859143,51.01967335766761],[3.763961971206899,51.01967561802108],[3.763961072891635,51.01967776535675],[3.763959725418689,51.01967991269236]]],"type":"Polygon"},{"coordinates":[[[3.705171098617029,51.04510530205627],[3.70516121714889,51.04510428545522],[3.705176758003309,51.04506943861628],[3.705180980085133,51.045062040013384],[3.705234699339128,51.04503323628099],[3.705234609507585,51.04503250206797],[3.705261558966109,51.045013412525314],[3.705327585139505,51.04492717061781],[3.705361451625712,51.044894017988476],[3.705412296270795,51.04484748001567],[3.705464578220333,51.044818054889795],[3.705554589411798,51.044775922143415],[3.705586210109795,51.0447601082341],[3.705629688569545,51.04475807501676],[3.70565008032649,51.0447563241907],[3.705932869977935,51.044762875668596],[3.705950117631406,51.044762706233826],[3.705951465104319,51.04484222754736],[3.705993865585752,51.044842058112884],[3.705996380868525,51.045041256145524],[3.705997279183823,51.04510315589843],[3.706139482493283,51.04510247816437],[3.706166342120297,51.04508559128717],[3.706224463119169,51.045055375621985],[3.706234164924255,51.04505108330161],[3.706233895429659,51.045036286088795],[3.706233715766606,51.04502058522423],[3.706212874852012,51.04495879831702],[3.706178379545102,51.0449182470845],[3.706110377078093,51.04486007464156],[3.706069952890306,51.044818732628016],[3.706042733937187,51.044776148056364],[3.706028989713363,51.044741865753394],[3.706025216789153,51.04473599201196],[3.706046596692906,51.04473514483765],[3.706091512457112,51.04473169966199],[3.706141099460791,51.04472610831074],[3.706201286584854,51.04471803191331],[3.706298843624704,51.044699563502725],[3.706356964623576,51.04469103527396],[3.70640017358873,51.04468838079183],[3.706423439954621,51.04468855022687],[3.706449131771742,51.044689962185466],[3.706449491097847,51.04468657348477],[3.7064496707609,51.04468657348477],[3.706465570941425,51.04468809840013],[3.706480662638195,51.04468951035874],[3.706479854154441,51.044692108362426],[3.706506084960753,51.04469538410606],[3.706527914022154,51.04469877280608],[3.706549743083556,51.04470357346406],[3.706573099280923,51.044710124949454],[3.706600318234043,51.044718992044565],[3.706618554034321,51.044725600006025],[3.706641101747934,51.044735596663955],[3.706664637608387,51.04474960327702],[3.706683412397824,51.04476264975558],[3.706698324431542,51.04477501849157],[3.706715122927364,51.0447903805701],[3.70672832816203,51.04480517786145],[3.706742072385888,51.044824267489915],[3.706752403011641,51.04484245345999],[3.706761206501429,51.04486374572021],[3.706766506561605,51.04488001141907],[3.706769830328166,51.044908250465994],[3.70676848285522,51.04493038986676],[3.706763362458131,51.04495337642727],[3.706755996272798,51.04497856561806],[3.706754199642203,51.044984778196614],[3.706762553974376,51.04498573832232],[3.70676012852308,51.04499601731394],[3.706759050544763,51.04500047907332],[3.706752492843185,51.045028379179264],[3.706751504696378,51.04503250206797],[3.706744587668694,51.04503312332513],[3.706740904576027,51.04503430936153],[3.706729046814274,51.04503809338223],[3.706716739894873,51.04504594381221],[3.706709104214944,51.04505588392308],[3.706706858426734,51.045065880509675],[3.706710631350943,51.045090504860795],[3.706709822867189,51.04511885673502],[3.706705061796173,51.04514427174699],[3.70669652780098,51.04516923492296],[3.706675507223333,51.045164151924425],[3.70665304934123,51.04516556386852],[3.70663409488874,51.04517318836585],[3.706622596453093,51.045185444036775],[3.706620440496426,51.04519583593955],[3.706623943926006,51.045206058406805],[3.706656912096949,51.045230795638744],[3.70666472743993,51.04524276890606],[3.706667781711895,51.045255532857475],[3.706665625755194,51.04526942635809],[3.706657990075299,51.045282472690204],[3.706645233998249,51.04529388116814],[3.706634723709442,51.04529941597322],[3.706617116729865,51.04531489083297],[3.706593850364008,51.04529557549628],[3.706575075574571,51.045281907913996],[3.706571212818852,51.04528416701881],[3.706566272084782,51.04528704737724],[3.706547317632293,51.045295293108275],[3.706526566549208,51.04530167507715],[3.706507971422824,51.045305402598416],[3.706506534118402,51.04530523316564],[3.706504557824754,51.04530608032951],[3.706489645791037,51.04530811352276],[3.706464403131565,51.045311558655555],[3.706423439954621,51.0453125187745],[3.70638274627224,51.04530896068661],[3.706343669557367,51.04530099734599],[3.706307377619897,51.04528879818328],[3.706252131229937,51.04526716725255],[3.706199939111908,51.04524677882037],[3.706194549220223,51.045241978218684],[3.706190506801418,51.04523474907643],[3.706190416969908,51.04522706811151],[3.706196525513838,51.045216676215745],[3.706207664623346,51.04519775618217],[3.706207934117942,51.045196965494036],[3.706210898558397,51.04518809849041],[3.706209730748503,51.045179965695816],[3.706204879845977,51.04516601569061],[3.706196435682295,51.04515274341455],[3.706184757583628,51.04514048773497],[3.706184488089032,51.04514031830158],[3.706162479364578,51.045137381456236],[3.706158436945806,51.04513709906727],[3.706101753251356,51.04512970047518],[3.7061018430829,51.045129643997385],[3.706101304093708,51.045129643997385],[3.706026833756662,51.04512998286419],[3.706015245489505,51.04513596951128],[3.705982097655509,51.04514404583583],[3.705958292300493,51.045145627213905],[3.705916700302848,51.04514365049132],[3.705885079604817,51.045144102313614],[3.705852919917662,51.045146813247435],[3.705821389051175,51.04515178329228],[3.70577099356374,51.045165112046384],[3.705737935561288,51.04517900557412],[3.705690324851223,51.045171211644465],[3.705678107763364,51.045169178445214],[3.705607230687442,51.045157544025486],[3.705544079122991,51.04514850758096],[3.70548218519991,51.04513997943484],[3.705417416667917,51.04513162072054],[3.705356870217782,51.045125012817],[3.705235867148989,51.0451121923518],[3.705209816005762,51.04510942493813],[3.705171098617029,51.04510530205627]]],"type":"Polygon"},{"coordinates":[[[3.743776557278171,51.04437633688631],[3.743793625268556,51.044310934476414],[3.74395550168275,51.04432770867843],[3.743938343860822,51.04439316754333],[3.743776557278171,51.04437633688631]]],"type":"Polygon"},{"coordinates":[[[3.77690103506478,51.03948490810569],[3.777020151671469,51.03956929615374],[3.77703407555838,51.03957771235623],[3.777066235245536,51.03959533554047],[3.777099472911042,51.03961335410969],[3.777128488494722,51.03963188103252],[3.777154359974896,51.03965085982381],[3.777180860275804,51.03968243464094],[3.777203767315522,51.039718697642236],[3.777222272610397,51.03974281647634],[3.777245628807764,51.039770889201826],[3.777246616954605,51.039772075372966],[3.777277519000356,51.03980997634864],[3.77730330064902,51.039835733178776],[3.777323692405965,51.03985714070876],[3.777337975618982,51.039876684249876],[3.777352528326594,51.039898995507876],[3.777367081034172,51.03992136323929],[3.777380376100382,51.03994237534076],[3.777407235727396,51.03998061508165],[3.77742097995122,51.04000236144898],[3.777436610637182,51.04002783575208],[3.777457002394127,51.04006099186391],[3.777466075378512,51.04007579066595],[3.777458888856232,51.040079179703945],[3.777462661780408,51.04008234280584],[3.777455924415777,51.04008765229779],[3.777440832719007,51.04009906205508],[3.777425291864588,51.04011007642203],[3.777421518940411,51.04011273116654],[3.777421788435007,51.040113917328874],[3.777421788435007,51.040114143264596],[3.777385406665994,51.04010894674351],[3.77736681153961,51.04010499286837],[3.777348216413226,51.04010103899294],[3.777169451671667,51.04005957976424],[3.77706093518536,51.04003461383477],[3.77692376244148,51.04000298277365],[3.776669988373715,51.0399437309599],[3.776619323391686,51.03993266006922],[3.7765687482412,51.03992153269176],[3.77644280443837,51.03989289521563],[3.776357284823325,51.03987346464973],[3.776343989757116,51.03987018856516],[3.776331323511609,51.0398663476381],[3.776304913042245,51.03985838336191],[3.776274100828002,51.039845674407665],[3.776262422729302,51.03983607208435],[3.77625343957646,51.03982545304213],[3.776247420864074,51.03981398673323],[3.776244995412811,51.03980477979344],[3.776244456423619,51.03979545988322],[3.776245983559618,51.03978619645545],[3.776246881874882,51.03978354169228],[3.776249307326145,51.039777102478816],[3.776253798902566,51.039767726078665],[3.776256314185372,51.03976258600311],[3.776261524414037,51.03975529952137],[3.77626781262102,51.03974835194467],[3.776269429588528,51.0397468833511],[3.776271405882142,51.03974547124185],[3.776273561838843,51.039744228585676],[3.776275987290107,51.03974309889819],[3.776465891141174,51.03966221320416],[3.776667652753963,51.03957613078813],[3.776736014547078,51.039544273475485],[3.776782816773389,51.0395224139238],[3.77690103506478,51.03948490810569]]],"type":"Polygon"},{"coordinates":[[[3.681611612481101,51.067187219445415],[3.68147336175887,51.06670444875166],[3.682019178125516,51.066642408513694],[3.682157428847747,51.06712517985458],[3.681611612481101,51.067187219445415]]],"type":"Polygon"},{"coordinates":[[[3.705244131649618,51.07442433756278],[3.705243412997374,51.07442433756278],[3.705242604513619,51.07442433756278],[3.705242245187514,51.074424281120706],[3.705241257040707,51.074424281120706],[3.705238382431794,51.07442405535234],[3.705235507822883,51.074423660257764],[3.70523416034997,51.074423490931544],[3.705232902708567,51.07442332160529],[3.705232004393269,51.07442315227903],[3.705230836583409,51.07442292651069],[3.705229129784358,51.07442258785818],[3.705227602648392,51.07442224920567],[3.705224368713374,51.07442140257438],[3.705223200903481,51.074421120363965],[3.705219877136954,51.07442004796433],[3.705218888990113,51.07441970931179],[3.705215744886639,51.07441846758584],[3.705214756739831,51.07441807249121],[3.705213768593024,51.074417620954456],[3.705212061793972,51.074416774323105],[3.705211163478675,51.07441637922845],[3.70521080415257,51.07441609701801],[3.705209995668815,51.07441570192337],[3.705208648195902,51.07441491173405],[3.705207570217552,51.07441429087102],[3.705207031228393,51.07441395221844],[3.705206492239202,51.074413670007985],[3.705205593923938,51.07441299270285],[3.705204156619482,51.07441208962927],[3.705203348135727,51.07441141232412],[3.705202988809588,51.07441107367151],[3.705201192179027,51.074409662619026],[3.705200473526816,51.07440898531384],[3.705198497233167,51.07440706628234],[3.705196161613448,51.074404357061304],[3.7051941853198,51.07440147851376],[3.705193376836046,51.07440006746098],[3.705192658183834,51.074398599966045],[3.705191490373974,51.07439555209181],[3.705191131047835,51.07439397171249],[3.705190771721729,51.07439250421737],[3.705189963237975,51.07438838394232],[3.705189873406465,51.074387706636806],[3.70518960391187,51.07438494097249],[3.70518960391187,51.07438448943546],[3.70518960391187,51.07438420722482],[3.705189693743379,51.074382062423766],[3.705189783574923,51.07438048204398],[3.705189783574923,51.07438031271757],[3.705189873406465,51.074380030506894],[3.705190502227167,51.07437607955716],[3.705190592058676,51.07437607955716],[3.705190592058676,51.07437585378861],[3.70519184970008,51.07437178995424],[3.705193197172993,51.074367613235204],[3.705193376836046,51.07436625862358],[3.705193825993694,51.07436338007365],[3.705193915825237,51.07436174325108],[3.705193825993694,51.07435909046955],[3.705193825993694,51.07435830027927],[3.705193736162185,51.07435728432032],[3.705193556499132,51.07435626836136],[3.705193376836046,51.07435525240238],[3.705193197172993,51.07435446221203],[3.70519292767843,51.074353559137364],[3.705192658183834,51.074352373851795],[3.705192298857728,51.074351414334885],[3.705192119194676,51.07435068058665],[3.705191670037027,51.074349664627526],[3.705191220879378,51.07434859222623],[3.705190861553273,51.074347802035774],[3.705190412395623,51.074346955403136],[3.705189693743379,51.07434577011741],[3.705189154754221,51.074344697716036],[3.705188705596572,51.07434407685205],[3.70518735812366,51.07434198849131],[3.705186190313799,51.07434040811015],[3.705184393683204,51.07433843263368],[3.705183046210291,51.07433690869458],[3.705181069916677,51.07433504610232],[3.705179452949169,51.074333635047516],[3.705177117329415,51.07433177245511],[3.705175500361907,51.07433053072677],[3.70517523086731,51.074330361400214],[3.705171278280082,51.07432776505908],[3.705170918953943,51.07432759573246],[3.705166337546012,51.07432505583337],[3.705148550903383,51.07431771834635],[3.705192388689238,51.0742768541665],[3.70521978730541,51.07425134225695],[3.705236675632742,51.0742578895625],[3.705239101084006,51.07425772023564],[3.705241436703759,51.074257494466494],[3.705241526535302,51.07425743802423],[3.705243772323513,51.07425704292822],[3.705243862155022,51.07425704292822],[3.705246018111723,51.07425653494762],[3.705246107943232,51.07425647850535],[3.70524817406839,51.07425585764019],[3.705248353731442,51.07425580119791],[3.705250240193547,51.074255123890424],[3.7052504198566,51.074255011005874],[3.705252216487162,51.07425422081381],[3.705252396150215,51.07425416437154],[3.705254282612319,51.074253148410314],[3.705255989411371,51.07425201956446],[3.705257516547337,51.07425083427629],[3.705258864020283,51.07424953610353],[3.705260031830143,51.07424823793069],[3.705263894585862,51.07423977158534],[3.705268835319932,51.07423164389236],[3.705275033695371,51.07422391129425],[3.705275123526913,51.07422379840958],[3.705282399880703,51.07421640446414],[3.705290754212843,51.07420940561397],[3.705290844044386,51.07420827676705],[3.705290844044386,51.07420720436248],[3.70529057454979,51.07420607551551],[3.705290215223684,51.07420500311088],[3.705289676234526,51.07420398714858],[3.705289676234526,51.0742039307062],[3.705288957582281,51.074202914743864],[3.705288957582281,51.074202858301526],[3.705288149098527,51.07420195522389],[3.705288149098527,51.074201842339164],[3.705287250783263,51.0742010521462],[3.705287160951719,51.074200939261516],[3.705286172804912,51.07420014906854],[3.705285993141859,51.07420003618382],[3.705285004995053,51.07419935887555],[3.705284735500456,51.074199189548466],[3.705283657522106,51.07419856868255],[3.705283388027544,51.07419845579781],[3.705282310049193,51.07419794781661],[3.705281950723088,51.07419777848953],[3.705280782913194,51.07419732695067],[3.705280423587089,51.074197214065926],[3.705279255777229,51.074196818969405],[3.70527880661958,51.074196706084706],[3.70527763880972,51.074196423872884],[3.705277099820528,51.074196310988185],[3.705276560831369,51.07419619810345],[3.705304139110595,51.074171194130926],[3.705304588268243,51.07417322605696],[3.705305666246561,51.0741757659644],[3.705307013719507,51.074178305871655],[3.705308720518524,51.074180732894035],[3.705310786643682,51.07418304703156],[3.705313122263436,51.0741851918418],[3.705315727377752,51.07418728020962],[3.705318691818207,51.07418914280783],[3.705321835921681,51.07419089252126],[3.705325249519785,51.07419247290751],[3.705328842780908,51.074193827524226],[3.705333693683434,51.074195351468035],[3.70533845475445,51.074196931854146],[3.705342946330872,51.07419839935546],[3.705353636282731,51.07420297118625],[3.705354714261081,51.074203422725056],[3.705366302528238,51.074209349171596],[3.705377082311674,51.074215840040765],[3.705377890795429,51.07421691244518],[3.7053797772575,51.07421939590785],[3.70538202304571,51.07422312110165],[3.705383729844763,51.074226959179796],[3.705384987486165,51.0742307972576],[3.705385616306867,51.074234748219695],[3.70538579596992,51.07423869918149],[3.705385436643815,51.074242650142914],[3.705384538328517,51.07424660110404],[3.705383190855604,51.074250439180226],[3.705382202708797,51.0742523017759],[3.705381214561956,51.07425422081381],[3.705339802227363,51.07429260155498],[3.70533288519968,51.07430422865561],[3.705330100422311,51.07431145326035],[3.705328303791749,51.07431879074836],[3.705327674971048,51.07432618467743],[3.705328303791749,51.07433002274701],[3.705328393623259,51.074333917258464],[3.705328034297154,51.07433775532741],[3.705327046150346,51.07434159339602],[3.705325608845891,51.07434531857999],[3.705323722383786,51.074348987321464],[3.705321296932523,51.074352543178314],[3.705318332492067,51.07435598615056],[3.70531500872554,51.07435920335389],[3.705311235801331,51.07436225123052],[3.705307103551016,51.07436507333834],[3.705300905175577,51.07436908073115],[3.705300815344034,51.07436919361543],[3.705295335620807,51.07437337033433],[3.705293449158702,51.07437517648291],[3.705290844044386,51.07437754705284],[3.705290394886737,51.074377998589945],[3.705288598256175,51.074380030506894],[3.705286621962561,51.07438223175017],[3.705286172804912,51.07438285261363],[3.70528446600586,51.074385110298884],[3.705283028701404,51.07438714221553],[3.705282579543789,51.0743878759632],[3.705281232070843,51.074390359416704],[3.705279704934878,51.0743931250807],[3.705278447293474,51.07439617295509],[3.705277908304282,51.07439741468164],[3.705277818472773,51.07439797910279],[3.705276830325965,51.07440136562955],[3.705276470999827,51.07440305889281],[3.705275752347616,51.07440813868228],[3.705275033695371,51.07440983194534],[3.705274943863861,51.07440988838743],[3.705274045548563,51.07441152520829],[3.705273955717054,51.0744116380925],[3.70527278790716,51.0744131620291],[3.705272698075651,51.074413274913304],[3.705271440434247,51.07441468596568],[3.705271260771195,51.07441491173405],[3.705269823466739,51.07441615346009],[3.705269553972143,51.07441637922845],[3.705267937004634,51.07441756451238],[3.705267667510072,51.074417790280734],[3.70526596071102,51.074418806238356],[3.705265781047967,51.074418975564626],[3.705265511553371,51.07441908844882],[3.705264703069616,51.074419483543444],[3.705263804754319,51.07441999152221],[3.705263535259757,51.07442010440641],[3.705263265765161,51.07442021729056],[3.705262457281406,51.07442061238516],[3.705261469134599,51.074421007479785],[3.705261109808494,51.074421120363965],[3.705260840313898,51.074421289690235],[3.705260031830143,51.07442157190065],[3.705259043683336,51.07442191055318],[3.705258594525687,51.07442202343732],[3.705258325031091,51.074422192763585],[3.705257426715827,51.074422418531924],[3.70525643856902,51.07442270074237],[3.705255989411371,51.07442281362651],[3.705255630085266,51.07442292651069],[3.705254731769968,51.074423095836956],[3.705253743623161,51.07442332160529],[3.705253294465512,51.07442343448943],[3.705252845307863,51.074423490931544],[3.705251946992599,51.074423660257764],[3.705251048677302,51.07442382958402],[3.705250509688144,51.07442388602613],[3.705249970698952,51.074423942468194],[3.705249162215197,51.07442399891028],[3.705248263899933,51.07442411179445],[3.705247635079231,51.074424168236526],[3.70524709609004,51.074424224678594],[3.705246287606285,51.074424224678594],[3.705245389291021,51.074424281120706],[3.70524476047032,51.074424281120706],[3.705244131649618,51.07442433756278]]],"type":"Polygon"},{"coordinates":[[[3.773451504373762,51.08474373433852],[3.773421770137869,51.084729344815194],[3.773299689090759,51.084670263078294],[3.77319943710505,51.0846161470754],[3.773146256840213,51.08460525615165],[3.773090830787201,51.084609996243145],[3.773084722243272,51.084612084140424],[3.773060288067521,51.0846201535804],[3.773046274349101,51.08462743300406],[3.773044567550049,51.08462890017462],[3.773026331749804,51.08464515190651],[3.772994800883317,51.08463239881182],[3.772965964962689,51.084620774306494],[3.772992285600511,51.08459560667818],[3.773007377297315,51.08458127353845],[3.77301106038998,51.08457771846769],[3.772999202628228,51.084572752654076],[3.773018157080717,51.08455475157529],[3.773035853891803,51.0845622002984],[3.773172757141122,51.08455509015361],[3.773357899921174,51.084375191841566],[3.773374159427804,51.08433270007413],[3.7734263515458,51.08421588983497],[3.773569902328206,51.084130454526445],[3.773617692701324,51.08412526294385],[3.773876227840105,51.08409874071919],[3.774005405577951,51.08390902172419],[3.774361497756581,51.084000044051784],[3.774319366769744,51.08415421165252],[3.77437030124637,51.08435707782595],[3.774374523328194,51.08437378109294],[3.774376409790299,51.08438145556494],[3.774362575734932,51.08439392657923],[3.774341465325742,51.084387662857544],[3.774083109850047,51.08442609162314],[3.774124073026991,51.08462765872261],[3.774171593905514,51.08479604445039],[3.774059124831945,51.08501510298177],[3.773807237226286,51.0849675331725],[3.773771214783379,51.08495303086029],[3.773738426275521,51.084917988289455],[3.773709770017946,51.08488729074988],[3.773676891678546,51.08486003538056],[3.773656140595494,51.08484271156605],[3.773618950342727,51.08481675404685],[3.773582748236766,51.08479858377473],[3.77351878818856,51.08477093334689],[3.773516901726456,51.08477008690497],[3.773451504373762,51.08474373433852]]],"type":"Polygon"},{"coordinates":[[[3.69191681592595,51.042949266956796],[3.691722061172357,51.04297304522648],[3.691439271520912,51.04280586283407],[3.691322760028572,51.042408463347336],[3.691186395768412,51.04213368186228],[3.691141569835749,51.04209646056555],[3.691183970317149,51.04200947896655],[3.691258889811843,51.04191261290272],[3.691553896551146,51.0417238505801],[3.692178944325854,51.04174553964732],[3.692278028501703,51.041786037175314],[3.692047610631306,51.042064435541306],[3.692086328020073,51.04220739010814],[3.692037369837063,51.04234616462525],[3.692009162737135,51.04241902531643],[3.692142742219894,51.0426871968577],[3.692195114000975,51.04282162092992],[3.692012396672186,51.04293757549905],[3.69191681592595,51.042949266956796]]],"type":"Polygon"},{"coordinates":[[[3.692278028501703,51.041786037175314],[3.693049591499205,51.04165064990333],[3.693535849562523,51.041838960669665],[3.694133678384078,51.04213345593644],[3.694801665629377,51.042593946988546],[3.694951953776414,51.04284884458109],[3.695084634943875,51.04306652025385],[3.694833286327375,51.043224890806336],[3.69432816364311,51.04309357432026],[3.693856727782,51.04313367530815],[3.693493359249581,51.043214385501116],[3.693127116108249,51.04349486503632],[3.692964790536406,51.043448269178],[3.692293749019175,51.04320179042779],[3.692002335540995,51.043006029789424],[3.69191681592595,51.042949266956796],[3.692012396672186,51.04293757549905],[3.692195114000975,51.04282162092992],[3.692142742219894,51.0426871968577],[3.692009162737135,51.04241902531643],[3.692037369837063,51.04234616462525],[3.692086328020073,51.04220739010814],[3.692047610631306,51.042064435541306],[3.692278028501703,51.041786037175314]]],"type":"Polygon"},{"coordinates":[[[3.759071812294761,51.04699506839107],[3.759127148516265,51.04668518610878],[3.759666946170491,51.04672031411155],[3.759629755917723,51.047032172800925],[3.759071812294761,51.04699506839107]]],"type":"Polygon"},{"coordinates":[[[3.689885006416332,51.08723062816799],[3.689896954009594,51.087232715946975],[3.689908182950647,51.087236101534344],[3.689913662673874,51.087238358592444],[3.689964507318956,51.08725731787618],[3.689968190411623,51.087258784963275],[3.689977982048218,51.087263242650735],[3.68998696520106,51.08726849030758],[3.689993882228743,51.087274866491995],[3.689999092457408,51.08728203264512],[3.690002236560916,51.08728970663461],[3.69000313487618,51.08729568783137],[3.690003224707723,51.08729760632833],[3.69000196706632,51.0873055060207],[3.68999864329976,51.087313067153595],[3.689993253408075,51.08732023330076],[3.689990199136077,51.08732316747095],[3.689650815621759,51.08768762381549],[3.689297148894392,51.088066635054275],[3.689252682287835,51.08811414525104],[3.689227888785978,51.088140495897335],[3.689222049736645,51.088145687029275],[3.68921908529619,51.08814800046836],[3.689210461469488,51.08815341730084],[3.689200400338296,51.088157762051395],[3.689189261228788,51.08816092186976],[3.689180906896615,51.088162445353504],[3.689177493298545,51.08816284033077],[3.689165276210686,51.08816346100932],[3.689153148954337,51.08816272748015],[3.68914147085567,51.08816063974311],[3.689134823322549,51.08815883413268],[3.68912305539234,51.08815482793418],[3.689072031084204,51.08813592544368],[3.689060532648556,51.08813118571349],[3.689058915681047,51.08813033933307],[3.689050112191259,51.088124640371056],[3.689042925668979,51.08811809502765],[3.689037715440348,51.08811087257874],[3.68903457133684,51.08810319872545],[3.689034301842277,51.08810207021754],[3.689033583190032,51.08809524274392],[3.689034840831436,51.08808734318642],[3.689038164597997,51.08807966932928],[3.689043644321225,51.08807250329974],[3.689047776571539,51.08806855351925],[3.689093590651009,51.0880195197872],[3.689498551181108,51.08758616993032],[3.689787808702587,51.08727599502013],[3.689808649617182,51.087253819437514],[3.689818890411426,51.08724473478101],[3.689826526091321,51.08724010781241],[3.689836766885565,51.087235706549166],[3.689848175489669,51.08723243381465],[3.689860212914475,51.08723051531504],[3.689864075670195,51.08723012032982],[3.689872609665387,51.08722989462398],[3.689885006416332,51.08723062816799]]],"type":"Polygon"},{"coordinates":[[[3.72555998095763,51.051598668517116],[3.725557645337877,51.051597708528504],[3.725545697744614,51.05156117247563],[3.725547584206685,51.05155947837667],[3.72559860851482,51.051552532570234],[3.725600764471521,51.05155354902978],[3.725612891727836,51.05159031096835],[3.725611184928818,51.05159172271655],[3.72555998095763,51.051598668517116]]],"type":"Polygon"},{"coordinates":[[[3.739960154625118,51.040900731678676],[3.739936978090771,51.040910955093786],[3.739792618824611,51.040764664022],[3.73973171304837,51.04069626290295],[3.739683832843709,51.04063819812477],[3.73960927267512,51.04052189889987],[3.739574867199754,51.040458411487286],[3.739533095539056,51.04036312372173],[3.739489796742359,51.040256256593224],[3.739506505406639,51.04025467504824],[3.739957639342313,51.040184126790486],[3.740096249390649,51.040156788605714],[3.740327655407854,51.040119057365494],[3.740359635431956,51.04011538591085],[3.740402485071004,51.0402102787993],[3.740429524361072,51.040301500053495],[3.740408324120371,51.04037204813251],[3.740190482663972,51.040778276453985],[3.740170809559238,51.04081984800566],[3.740136673578435,51.040831822413075],[3.740105681701139,51.04084362736832],[3.740094542591631,51.04084317550407],[3.739960154625118,51.040900731678676]]],"type":"Polygon"},{"coordinates":[[[3.730066828738051,51.06646125505913],[3.73006691856956,51.066461537318084],[3.7300328724203,51.06646910185793],[3.729984453226482,51.066473166386274],[3.729931452624731,51.06647339219339],[3.729833805753338,51.06647186799528],[3.729770294862749,51.066463117968304],[3.729744603045627,51.06645724698153],[3.729718282407806,51.06645098083136],[3.729718282407806,51.066450867927735],[3.729723133310332,51.06644273886677],[3.729696363514861,51.066436303359154],[3.729691602443878,51.0664446582285],[3.729542841432807,51.06641355326805],[3.72954526688407,51.066404859681896],[3.729517419110282,51.06640186773303],[3.729514724164423,51.06641056131974],[3.729454267545798,51.066393174144686],[3.729422557016291,51.06638679508205],[3.729390936318261,51.06638047247046],[3.7293452120703,51.06637443211749],[3.729298859001639,51.06637081919571],[3.729252236438414,51.06636963370569],[3.729205524043647,51.06637093209954],[3.729200493478034,51.06634547228344],[3.729249092334906,51.066338077079266],[3.72929490641441,51.06632537538993],[3.729336408580512,51.06630776237492],[3.729372341191877,51.066285802548755],[3.729393990590225,51.066267737902486],[3.729411867064398,51.066248036139584],[3.72942534179366,51.06622754403917],[3.729435672419414,51.06620439868074],[3.729457321817762,51.06618486624727],[3.729483462792532,51.066167648343864],[3.729516969952633,51.06615172883406],[3.729536373562771,51.06614540619035],[3.729538619350982,51.06614089001576],[3.729540954970735,51.06612626889742],[3.729538978677087,51.06611164777449],[3.729533049796211,51.0660987766663],[3.729638961168234,51.06609826859615],[3.729639500157393,51.06605897782227],[3.729792483250289,51.066064792407296],[3.729954539327536,51.066164599927525],[3.730836415441939,51.06619943089497],[3.730831205213307,51.06623697153553],[3.730824108522571,51.06628749610901],[3.730822311891975,51.06629935102888],[3.730823749196432,51.06630505267972],[3.731060724768406,51.06631865760613],[3.731051112794863,51.06637770632761],[3.731036919413357,51.06646537603994],[3.731000357981291,51.06644776307824],[3.730999549497536,51.06644736791556],[3.730935409786245,51.06644115821586],[3.730898758522669,51.06643974692035],[3.730832013697062,51.06643726304018],[3.730830576392605,51.066437150136515],[3.730827432289098,51.06646565829887],[3.730794014960539,51.06646424700412],[3.730796799737908,51.06643523077448],[3.730786199617558,51.06643460980435],[3.730708225850899,51.06643280334588],[3.730608063696733,51.06643054527262],[3.730594678798981,51.0664559485901],[3.730553086801335,51.06645425503605],[3.730555512252598,51.066424222667],[3.730460650158607,51.06642258556363],[3.730453463636328,51.066422303304385],[3.730335874165638,51.06641733554204],[3.730321141794973,51.066419198452984],[3.730306139929746,51.06641925490482],[3.730303355152343,51.06641050486789],[3.730275597210066,51.06641406133474],[3.730277932829819,51.06642281137099],[3.730237867968139,51.0664338194788],[3.730196455633547,51.06644279531858],[3.730145521156921,51.06645075502414],[3.730093598533522,51.06645566633111],[3.730089466283206,51.066447255011916],[3.730062067667034,51.06645278728915],[3.730066828738051,51.06646125505913]]],"type":"Polygon"},{"coordinates":[[[3.707702461256141,51.063782201165225],[3.707571397056189,51.06365907251132],[3.707900449944753,51.06351036924375],[3.707914553494716,51.06352335398241],[3.707890658308157,51.06353475796731],[3.707984083097693,51.06362294116146],[3.707999983278251,51.0636264413872],[3.708017051268635,51.063618763472306],[3.708065200967859,51.06366296792083],[3.707957942122923,51.0637078497889],[3.707930633338294,51.06368306597026],[3.707702461256141,51.063782201165225]]],"type":"Polygon"},{"coordinates":[[[3.732023089932274,51.06495035456819],[3.73203737314529,51.06495295143543],[3.732048512254799,51.06495916133474],[3.732053452988867,51.06496542768687],[3.732055069956377,51.06497231502791],[3.732052644505114,51.064979766903896],[3.732018867850449,51.06499094471562],[3.732009076213854,51.064991509251506],[3.731999464240311,51.064990154365375],[3.731990930245085,51.0649870494179],[3.731984372543541,51.06498247667667],[3.731979521640981,51.06497468607945],[3.731982036923787,51.064963113088446],[3.731975838548315,51.06494962067088],[3.731973053770946,51.06495007229998],[3.731971796129543,51.06494708025708],[3.731957962074175,51.064914732309305],[3.731926521039231,51.06491512748507],[3.731846301484362,51.06491219189359],[3.731710566044937,51.06491083700518],[3.731709218571991,51.06494499147231],[3.731655139991891,51.064942959141085],[3.731656397633294,51.06493906383934],[3.731656936622452,51.06493737022976],[3.731684514901677,51.064851786412454],[3.731636365202454,51.06483795523977],[3.731647594143506,51.064737919043424],[3.731742096911391,51.064742322447145],[3.732141218392122,51.06476072641195],[3.732175803530574,51.06473312046198],[3.732183618873556,51.06465606082126],[3.732327439150524,51.064656343091215],[3.732328157802768,51.06469529633203],[3.732296267610176,51.0647149987558],[3.732200237706291,51.064769307399196],[3.732197183434327,51.0647779448387],[3.732186942640083,51.06480679274583],[3.732130618271772,51.06480515558525],[3.732130438608719,51.06480696210727],[3.732065849739813,51.06480391360128],[3.732062705636305,51.06484055211333],[3.732059651364341,51.06486409332996],[3.732053722483464,51.06488165044055],[3.732042493542413,51.064893054090845],[3.732030905275255,51.06490078824807],[3.732008357561609,51.064907111061764],[3.732022550943116,51.064940362273276],[3.732023269595327,51.06494199942908],[3.732020574649467,51.0649424510583],[3.732023089932274,51.06495035456819]]],"type":"Polygon"},{"coordinates":[[[3.722635785044768,51.03107323559703],[3.722456032156401,51.03110668059118],[3.722451810074577,51.031084704069045],[3.722458457607664,51.03108396963494],[3.722455672830296,51.03106798156703],[3.722448755802612,51.0310683205367],[3.722431687812194,51.030966516526824],[3.722431058991492,51.03096290084199],[3.722430969159982,51.03096227939614],[3.722430789496929,51.03096143196997],[3.722431957306789,51.03096137547486],[3.722428364045633,51.030939624864196],[3.722428274214123,51.03093922939849],[3.72242692674121,51.030939342388685],[3.722426836909667,51.03093866444742],[3.722426387752019,51.03093578319684],[3.72242243516479,51.030911942254065],[3.722421087691844,51.030903750458116],[3.722413452011949,51.030857763383516],[3.722412104539003,51.03084991054927],[3.722409050267038,51.0308317190864],[3.722408241783283,51.03082652152425],[3.722414979147914,51.030826069562316],[3.722413811338054,51.03081895116095],[3.722412463865108,51.03081906415148],[3.722412284202055,51.03081776476066],[3.722407073973423,51.03078872619079],[3.72240689431037,51.030787370303806],[3.722407972288688,51.03078731380852],[3.722407523131072,51.03078415007208],[3.722405995995073,51.030774150403694],[3.722404558690617,51.030765224144254],[3.722403390880757,51.03076533713491],[3.722403301049213,51.03076454620043],[3.722398450146688,51.03073516862508],[3.722398180652092,51.030733643250485],[3.722399887451144,51.03073347376441],[3.722398539978231,51.03072658133032],[3.722398719641284,51.030723304598986],[3.72239746199988,51.03072336109438],[3.722364224334375,51.03051816945815],[3.722356049665288,51.0304673233726],[3.722500498762959,51.03046263423076],[3.722501756404361,51.03047489379329],[3.722505259833975,51.03051048605325],[3.722506247980782,51.03051997731794],[3.722506876801484,51.0305255138881],[3.722508134442887,51.03053540061891],[3.722510919220255,51.030558224835126],[3.722512087030115,51.0305683375412],[3.722513434503062,51.030578506740625],[3.722514871807517,51.03058861944226],[3.722516398943483,51.0305987886372],[3.722517566753377,51.03060647202747],[3.722518015910992,51.03060952278501],[3.722518824394746,51.03061415541645],[3.722519543046992,51.03061844907448],[3.722521429509096,51.030629578686124],[3.722521968498254,51.030632403460224],[3.722524304118007,51.03064494545517],[3.722527358389972,51.03066025572368],[3.722529424515096,51.03066980345313],[3.722531490640254,51.03067935118065],[3.722533646596955,51.03068889890616],[3.722534365249166,51.03069194965829],[3.722535982216674,51.030698446629714],[3.722539036488639,51.03071014117601],[3.722546223010919,51.03073703297175],[3.722571645333477,51.03083194506734],[3.722572453817231,51.03083505230526],[3.722573531795548,51.03083493931482],[3.722580538654774,51.03085567306084],[3.72258808450316,51.03087787567235],[3.722597606645193,51.030901886118116],[3.72260694912414,51.030924484173354],[3.722606589798034,51.03092459716362],[3.722604972830492,51.030925105619744],[3.722604344009824,51.03092533160024],[3.722606230471895,51.0309305856464],[3.722614944130174,51.0309511498644],[3.722617998402138,51.030951206359475],[3.722618986548946,51.03095126285456],[3.722622310315506,51.03095872020606],[3.722639018979786,51.030995554985296],[3.722657164948521,51.03103589242466],[3.722657254780031,51.03103606190959],[3.722657434443084,51.031036457374505],[3.722672346476801,51.0310662867185],[3.722669651530976,51.03106685166801],[3.722635785044768,51.03107323559703]]],"type":"Polygon"}]}